date_id,responder_0,responder_1,responder_2,responder_3,responder_4,responder_5,responder_6,responder_7,responder_8
0,0.88488144,0.9481117,0.7285868,1.123619,0.86590034,1.1736274,0.52989364,0.47153604,0.59022105
1,1.139215,1.5881933,0.975548,1.4976355,1.286414,1.4516237,0.8122109,0.6804549,0.8625569
2,1.0836706,1.3536478,0.91994745,1.2555728,1.4604846,1.0712186,0.7976522,0.93932617,0.80715203
3,1.1903942,1.4493879,1.062176,1.2638378,1.2964747,1.1872929,0.96889293,0.9482561,0.9653658
4,1.0072283,1.5274324,0.83305097,1.1528469,0.8627045,1.2563666,0.6982487,0.5858744,0.76444733
5,1.002963,1.0311309,0.8279923,1.3718755,1.051943,1.3839506,0.84534013,0.7019108,0.91602004
6,1.0911666,1.2357723,0.878596,1.407898,1.5123339,1.3611745,0.854173,0.9666681,0.92647916
7,0.8182935,1.2584573,0.80678034,1.305125,1.2460451,1.1962659,0.87058306,0.8764809,0.9404978
8,0.978539,1.6137265,0.7558568,1.362152,1.894653,1.038485,1.3790039,1.5178572,1.3359374
9,1.2045687,1.7270342,0.92239326,1.614596,1.5000638,1.4493601,1.1240244,1.2233707,1.0386901
10,1.2243922,1.7043313,0.88164055,1.672659,1.3820654,1.5604801,0.88033557,0.76740485,0.8294506
11,0.7772246,1.4422729,0.745098,1.1545565,1.2968299,1.0628325,0.8520815,0.89150655,0.8465469
12,0.8580048,1.0445338,0.7058914,1.5060136,1.3984438,1.4079471,0.8117831,0.86438465,0.7720103
13,1.1858383,1.9137872,0.8557363,1.4129255,1.1995623,1.3823452,0.923101,0.9470124,0.8881294
14,0.84355384,1.4936447,0.8248691,0.90889645,0.9109733,0.8700391,0.7784315,0.755893,0.76183754
15,0.6565257,1.4652147,0.6529702,0.8429607,0.67915535,0.96360326,0.6262014,0.5523069,0.7345726
16,1.0157822,1.5309631,0.7686701,1.8896745,1.9509988,1.7141203,0.9002575,0.94434774,0.8820277
17,1.170199,1.8143691,0.8067331,1.4653028,1.1636416,1.4413166,0.8182944,0.8106231,0.8172085
18,1.2598414,1.8432269,0.7317935,1.8482993,1.7360502,1.805324,0.77183086,0.731006,0.7321729
19,0.7657115,1.6202972,0.54524237,1.0450569,1.4345427,0.9645354,0.6282193,0.67396957,0.72023356
20,1.3258742,1.6205395,1.1250033,1.5968254,1.6525499,1.4764484,1.0415615,1.2099735,1.0822982
21,1.1394954,1.0200678,1.0637867,1.2895899,1.2031802,1.3051605,0.9044639,0.9978726,0.865787
22,1.2127882,1.581378,1.0339272,1.5149821,1.2432795,1.6084425,0.68913126,0.6561926,0.7037464
23,1.0471766,1.4124106,1.0375181,0.97034466,0.8989925,0.87825274,0.8237962,0.6877033,0.813957
24,1.172398,1.5018386,0.9360723,1.4126496,1.2116293,1.4989545,0.75693345,0.72313756,0.78016526
25,1.043284,1.4126796,0.94863254,1.1759228,1.0663139,1.0983279,0.8833499,0.95260745,0.93283564
26,0.98838735,1.4276677,0.85314614,1.3925185,1.2210466,1.3137232,1.1235319,0.9300811,1.415954
27,1.0081382,1.505804,0.87647206,1.0611621,0.9673785,1.0833004,0.76166314,0.82234997,0.7527135
28,0.97571415,1.5200891,0.8081507,1.2730325,1.1407952,1.2484722,0.6326056,0.64718086,0.66881686
29,0.97773796,1.4541458,0.8544354,1.1869963,1.2622281,1.1165203,0.87020934,0.8612224,0.8761787
30,1.040211,1.3576337,0.8937543,1.1336886,0.97333467,1.1250492,0.6483037,0.7199155,0.68858606
31,1.00768,1.2149978,0.86744773,1.5023756,1.5041071,1.370371,0.952401,1.0326107,0.8856051
32,1.1567577,1.5520483,0.8565541,1.3683579,1.0449007,1.3645978,0.78557944,0.6803906,0.74034435
33,0.8428394,0.8677649,0.7507041,0.90334773,0.75182647,0.9279847,0.5574291,0.5344114,0.575388
34,0.88022393,1.2606531,0.74266195,1.2994257,1.0360497,1.3594848,0.5447051,0.52974784,0.5137794
35,0.8000517,0.9948341,0.66124207,1.0125772,0.97847897,0.93437177,0.6791905,0.6801201,0.65221316
36,0.5736519,0.86342543,0.59814763,0.7216524,0.6698134,0.6995857,0.4544677,0.47480026,0.46561378
37,0.8571722,1.1868701,0.67636675,1.282911,1.2251445,1.2004266,0.6094783,0.58344847,0.64470917
38,0.7343338,1.2013543,0.5652432,1.1633571,0.9215189,1.2730751,0.54240024,0.5484532,0.53745115
39,0.63694507,1.3869841,0.50437725,1.2993834,1.0762472,1.3616523,0.74032295,0.71817863,0.74585724
40,1.2317297,1.172894,1.0185765,1.5464417,1.1032838,1.7258462,0.59308326,0.5450014,0.55454135
41,1.2736712,1.3786824,1.0297384,1.7703898,1.6060531,1.7942796,0.88512003,0.89862967,0.74875426
42,1.9673803,2.2384677,1.3799555,2.2517605,1.8685042,2.2319446,0.6523083,0.58792084,0.63308966
43,1.8479413,1.8072215,1.2814969,1.842787,1.6765088,1.6648834,0.87461853,0.87164855,0.76589644
44,1.4474123,1.4336457,1.2147963,1.5584793,1.4655632,1.4363023,0.9781251,0.9639603,0.974481
45,0.9420648,1.0705622,0.85270023,1.2801644,1.2631025,1.1750758,0.7904862,0.7265278,0.83455944
46,0.9366066,1.188874,0.79216576,1.2451421,1.3852941,1.108529,0.8127623,0.930111,0.7942322
47,0.9124937,1.2339559,0.7801052,1.4871889,1.0958567,1.657307,0.6934275,0.6253903,0.7286687
48,0.92416424,1.1090496,0.81619537,1.3899746,1.3404894,1.3750904,0.8981771,0.87192094,0.8020326
49,0.77744937,0.81717205,0.7111172,1.4189667,1.0622514,1.4107883,0.7968248,0.7693507,0.7057447
50,0.78219634,0.94343245,0.6681114,1.361954,1.0787838,1.3822068,0.7834815,0.78083974,0.7502153
51,0.72846794,0.7693844,0.67170787,1.1035874,0.8984141,1.0598738,0.7303012,0.7481023,0.6983377
52,0.7097817,0.57365984,0.6865372,1.0086787,0.83791566,1.0943067,0.6621441,0.66003764,0.590533
53,0.8702162,0.9010039,0.8422214,1.238335,1.2087356,1.1410898,0.8066452,0.81444275,0.77386546
54,0.7839363,0.697453,0.7802738,1.1575482,0.9768258,1.1875716,0.8299558,0.8594788,0.8527406
55,0.88046926,1.1628584,0.70165277,1.4824723,1.346626,1.6022578,0.7768199,0.73976094,0.7748607
56,0.7934566,1.1936483,0.6484702,1.0738281,1.0803902,0.9939957,0.6941797,0.70008594,0.73207355
57,0.72378546,1.0935355,0.59588933,1.3233626,1.4825379,1.2285414,0.92782295,1.0152172,0.8861297
58,0.6478452,1.0484935,0.54771537,1.116759,1.25524,1.0260404,0.792364,0.7572356,0.78317195
59,0.77822024,1.0355444,0.6460898,1.1581457,1.371896,1.0620073,0.9225759,0.9769359,0.9587658
60,0.91263425,0.76908576,0.8742266,1.3030095,1.1258076,1.3528584,0.6695929,0.73078454,0.6659226
61,0.91190106,0.969682,0.78797865,1.2947242,1.0208396,1.4018117,0.7108125,0.67693526,0.7079867
62,1.242505,1.3536409,1.0500689,1.7028999,1.6428496,1.6219214,0.95692563,1.0210481,0.92823887
63,0.9123313,1.0322208,0.79195434,1.5555981,1.2022417,1.6278231,0.7992539,0.67510444,0.7749636
64,0.95247966,0.94964135,0.8454008,1.3806851,1.130344,1.4435468,0.71003014,0.714187,0.6930379
65,0.78448427,0.8351421,0.6981175,1.0200914,0.9044978,1.1628379,0.5429396,0.55606735,0.56445193
66,0.86186904,0.8523635,0.73618853,1.2045829,0.8899187,1.349024,0.5252303,0.57757133,0.54247427
67,0.91948634,0.84845847,0.9764,1.099938,1.3274163,1.048738,0.9923679,1.2062217,0.9419477
68,0.97895867,1.1930823,0.9011951,1.3818358,1.2326571,1.4141701,0.747194,0.7326641,0.791387
69,0.99147695,1.0770229,0.81749094,1.3616513,1.2316862,1.2420863,0.68038136,0.8184472,0.6786584
70,0.9909565,1.1443658,0.81332767,1.2513752,1.2042041,1.1883378,0.8235357,0.8988303,0.7858289
71,0.82391053,0.73968583,0.75890416,1.3727604,1.3354185,1.3109361,0.8115005,0.98405355,0.7232917
72,0.97716486,0.90777636,0.9530592,1.2398828,1.1191111,1.1580929,0.99099493,0.98768586,1.0152656
73,0.9230393,0.999285,0.8532639,1.1766344,1.1035106,1.3206981,0.76633155,0.77359295,0.7826688
74,0.89630646,0.8497688,0.8544239,1.0368114,1.1032184,1.0362806,0.88139015,0.9163488,0.906122
75,0.75273573,0.82113206,0.685396,1.5478852,1.461489,1.5296458,0.79211617,0.91677356,0.7002586
76,0.6780713,0.79421425,0.5984997,1.0435556,0.8471378,1.0776274,0.67139554,0.6569264,0.64133024
77,0.9074411,1.3203026,0.7437537,1.3573666,1.2676362,1.4020233,0.72239256,0.7066676,0.71423197
78,0.724015,0.53684026,0.75072044,0.9321309,1.0540128,0.8715601,0.72503614,0.5962016,0.7162586
79,0.8886538,0.9896727,0.72441775,1.019039,1.1409413,1.0155749,0.7383783,0.81040794,0.7301773
80,1.1741529,1.1981323,1.0454286,1.3057728,1.301736,1.2534559,0.7387212,0.78710115,0.7298031
81,1.0436449,1.0688826,0.9548013,1.181101,0.9084955,1.172817,0.7272958,0.6906663,0.7177854
82,1.2353163,1.0868803,1.0562438,1.7345845,1.5240433,1.721458,0.7676587,0.77540755,0.84514046
83,1.019112,1.2441307,0.92970586,1.4457802,1.4084003,1.4405934,0.8169734,0.805087,0.8369622
84,1.0082719,0.97216195,0.9237217,1.166331,1.1458185,1.1609232,0.7838264,0.78282213,0.80214524
85,0.9976273,1.0288104,0.95943826,1.2847683,1.2077135,1.2516539,0.90876454,0.91307575,0.8429741
86,1.0427078,1.1889508,0.911761,1.3805141,1.4103311,1.3487322,0.9702486,1.0557239,0.91696656
87,0.9389904,1.120871,0.875053,1.271759,1.2696098,1.2128541,0.86486244,0.89607954,0.86672765
88,1.1480108,1.1675984,1.0870482,1.5136799,1.5366431,1.4042203,1.0351765,1.1310829,0.9871153
89,1.0610068,1.3614129,0.9447158,1.5686882,1.6949532,1.4508698,1.0367602,1.1016421,1.0251902
90,0.8302081,0.7477965,0.8345298,1.121605,1.0060164,1.1259263,0.9405211,0.91994894,0.95242786
91,0.88547844,1.1188977,0.75109184,1.3299055,1.3099766,1.2792246,0.77028114,0.7425999,0.80285317
92,0.7971906,0.9601025,0.7406905,0.9955872,1.0572755,0.9434471,0.844604,0.9275571,0.84823626
93,0.82598794,1.0315104,0.7762746,1.4251326,1.5156509,1.2667687,0.99775577,1.1176437,0.970101
94,0.8166665,0.98054224,0.7677585,1.0382811,1.092803,1.0474437,0.89186245,0.7004359,0.98415816
95,0.71155727,0.95267695,0.6002902,1.3102549,1.2024331,1.2154338,0.841789,0.85341567,0.7782117
96,0.81133133,0.9672796,0.74423,1.0743629,1.1877289,0.97448474,0.82642,0.8966529,0.79259133
97,0.75069696,0.93220013,0.6698958,1.3847053,1.6728549,1.111982,1.1105074,1.2945539,0.99162084
98,0.7540136,1.0458468,0.60074115,1.0745865,1.153444,1.0326537,0.92224514,0.8379358,0.94533765
99,0.7343596,0.98581845,0.60280424,1.0507895,0.95673996,1.020016,0.7801018,0.6962425,0.7863962
100,0.7480135,0.9551526,0.49874085,1.1077296,0.8042246,1.0849807,0.5587539,0.49529827,0.5497428
101,0.9446923,0.7591126,0.9041685,1.09736,0.8815957,1.1675524,0.6286609,0.5121865,0.6645698
102,1.0230875,1.3641241,0.94271183,1.1983658,1.2763481,1.1048069,0.7587281,0.8309989,0.78139323
103,1.1220032,1.0977271,0.9902957,1.260537,1.2085488,1.2002319,0.78662145,0.7792758,0.84139925
104,0.92020255,0.96835095,0.88289917,1.0710071,1.0773501,1.1272163,0.72943103,0.72949964,0.764574
105,1.1749471,1.0742953,1.0376867,1.3718303,1.2129157,1.306824,0.85131097,0.8619195,0.88183117
106,1.0160006,1.1115233,0.90807676,1.1718223,1.2324126,1.0760807,0.8248538,0.858063,0.79325676
107,0.9841694,0.9754971,0.9124353,1.2221624,1.1816977,1.125662,0.89256203,0.8378687,0.90252984
108,0.94747484,0.9690596,0.86086386,1.1878657,1.2350211,1.1739056,0.71804404,0.7618111,0.70038235
109,0.9156518,1.126527,0.80202276,1.1658213,1.1320492,1.139394,0.7471915,0.7295597,0.7637345
110,0.97837615,0.9676648,0.9022133,1.1832565,1.1552914,1.0935982,0.7785745,0.73474205,0.81895703
111,0.96685666,0.891516,0.93005735,1.1878738,1.3408036,1.0784839,0.82248485,0.83768183,0.816117
112,0.8533948,1.0458891,0.76518744,0.9749691,1.0418551,1.0014968,0.72247636,0.70792633,0.74309635
113,0.9419384,1.1431872,0.830707,1.159342,1.1550243,0.99475193,0.72438467,0.6467427,0.7796486
114,0.8597901,0.96179116,0.77203614,0.9353485,0.8832128,0.9660436,0.63278246,0.55181605,0.66984725
115,0.8599411,0.92603755,0.7357666,1.096309,1.0655196,1.0894396,0.67216754,0.7105594,0.6752487
116,0.8025357,0.9676755,0.72370434,0.9815566,1.0337676,0.9708759,0.76141477,0.6771776,0.7708013
117,0.89745,1.1362307,0.7354097,1.3177586,1.1581649,1.3109266,0.6834018,0.6244363,0.75439274
118,0.79696757,0.84519064,0.6407274,1.250186,0.93001074,1.3199246,0.6403343,0.5928718,0.629316
119,0.7142554,0.8687227,0.5613727,1.0643638,0.8852284,1.1984806,0.66754025,0.6495662,0.6758248
120,0.83841324,0.9335589,0.6696027,1.4629902,1.5718304,1.2398751,0.9283802,1.0156776,0.89360416
121,1.168683,0.98003,1.0841112,1.3628638,1.1358746,1.3257407,0.93602085,0.9513426,0.8967452
122,1.1167492,1.0037355,1.052674,1.3655893,1.3088868,1.3941122,0.9438209,1.0343825,0.9095021
123,1.1704475,1.1774532,1.0561491,1.4240296,1.1673167,1.495284,0.7665375,0.6942993,0.776636
124,0.8918411,0.8835829,0.83482444,1.3083922,1.2200488,1.2427703,0.8814476,0.8081885,0.87102014
125,0.9198617,1.0179129,0.83120835,1.4803455,1.4219648,1.3822466,0.792048,0.815009,0.7876692
126,0.837038,0.9822256,0.8292437,1.1971741,1.1980213,1.2255673,0.9708746,0.906891,0.9539646
127,0.87412006,0.89103997,0.8282488,1.1245614,1.1098326,1.0568763,0.80866605,0.93920636,0.8279387
128,0.79819334,0.8934788,0.69209915,1.047562,0.8961087,1.0594162,0.6903552,0.70672387,0.7267515
129,0.96088904,0.89165515,0.9241201,1.4295964,1.6663864,1.2619605,1.309829,1.534507,1.2380298
130,0.99065685,0.84392524,0.97617924,1.4618546,1.3749957,1.3883322,1.1890546,1.0693694,1.2454801
131,0.9623991,1.1374538,0.8520373,1.3053347,1.3097181,1.1983724,1.0973566,1.1231023,1.054609
132,0.8896401,1.129145,0.7235776,1.2114195,1.3348279,1.0737547,0.92373043,1.0330161,0.9153408
133,0.8276064,1.1680288,0.7092766,1.105662,1.2027023,1.0103195,0.90491986,0.881916,0.9713987
134,0.78492,0.9965188,0.71289146,1.1001103,1.1569638,1.0301081,0.9355302,0.94318116,0.9711889
135,0.65990543,0.8761798,0.5688726,1.0851487,1.2643257,0.9502224,0.8898725,0.9123273,0.9231289
136,0.7305282,0.98027945,0.70818955,1.035033,1.0443877,0.9577575,0.9932984,0.8670285,1.0395069
137,0.76389533,1.143427,0.6596004,1.325844,1.4694531,1.1898571,1.1032871,1.1523062,1.0641755
138,0.7380332,1.0351168,0.62139046,1.2280748,1.2996898,1.0787126,0.91832817,0.94770646,0.9363645
139,0.7565247,1.2108197,0.60636073,1.174519,1.5413917,1.0220455,0.8673738,0.9708395,0.8821551
140,0.70802176,1.2232114,0.55464923,1.1243473,1.158639,1.0500246,0.8996805,0.8633987,0.8516126
141,0.6188051,0.85667336,0.5393442,0.9512928,0.9152005,1.0130079,0.68853456,0.72562367,0.6924146
142,1.1175278,1.2814348,1.0526415,1.3340654,1.3564137,1.3338673,0.8449706,0.8685092,0.80995744
143,1.0083057,1.015352,0.92535263,1.4066073,1.3930936,1.2696037,0.87180126,1.0509924,0.8421597
144,1.1686527,1.2719557,1.0823925,1.4115119,1.5762525,1.239581,1.1487358,1.2287844,1.086239
145,1.0743762,1.1262766,0.9691396,1.3452992,1.2783605,1.2155921,1.0144083,0.9032247,1.0129231
146,1.048461,1.1932908,0.95020235,1.4132472,1.4346653,1.302165,1.0088927,1.0704758,0.9469784
147,0.8265151,0.99558246,0.7210474,1.2151817,1.1569285,1.1929214,0.8466485,0.7169441,0.86035097
148,0.91202015,1.1083341,0.7696491,1.1425557,1.1796584,1.0711788,0.855599,0.7787108,0.859098
149,0.9870194,1.1660916,0.89711547,1.219881,1.2825031,1.1265303,0.8323738,0.85690826,0.8732937
150,1.0010478,0.9288633,0.935123,1.1579643,1.1156485,1.0640172,0.8741616,0.8212145,0.9248771
151,1.1192799,1.154505,1.0755838,1.4028085,1.7207905,1.2352887,1.261565,1.362775,1.229281
152,1.0614454,1.3436215,0.89852095,1.3333468,1.5147521,1.1555337,1.0209267,1.1120495,0.95238626
153,1.2398248,1.3515984,1.0885221,1.570512,1.7885303,1.3807929,1.3317655,1.3672395,1.3656973
154,1.0947312,1.3701818,1.1306221,1.5140154,1.6748167,1.4142987,1.5477132,1.4344783,1.6258565
155,0.84576696,1.079986,0.85125595,1.1229246,1.3402559,1.051616,1.1404774,1.1169019,1.1895548
156,0.82181305,1.0259863,0.79450023,1.102303,1.1713654,1.0263736,0.9175161,0.84932417,0.9751126
157,0.859017,1.077795,0.78706294,1.1064591,1.2093927,0.953034,0.98982465,1.0255072,1.0426677
158,0.7928273,1.004776,0.72456825,1.0441637,1.2294861,0.94543964,0.8635926,0.87608,0.9429104
159,0.71478075,1.1343668,0.61532605,0.94222206,1.133826,0.8045802,0.8360845,0.8674515,0.871947
160,0.7383891,1.0825857,0.6295462,1.1609389,1.4112117,1.0430273,0.8730621,0.88030785,0.89938366
161,0.6197209,0.54701006,0.5630543,0.97324127,0.82317066,1.0187856,0.7592085,0.72620374,0.7657721
162,0.68528026,1.0254878,0.54191643,1.0517715,1.3241805,0.85524976,0.8464791,0.9649691,0.77982163
163,0.94130135,1.4431317,0.7588927,1.2525367,1.2784331,1.0878501,0.77552485,0.6790145,0.85048825
164,0.8396704,0.869139,0.8617999,1.173849,1.1876532,1.1401973,0.9509704,0.9847611,1.044402
165,0.94033,0.8553379,0.9280566,1.1851785,1.275693,1.0741177,0.96532774,1.0454134,0.94585836
166,0.8398361,0.9007775,0.83746946,1.0638359,1.1200294,1.0341977,0.91453385,0.96165246,0.9308774
167,0.84348154,0.63336307,0.88681823,0.998166,1.0716767,0.95038503,0.9498411,0.98961174,1.0265496
168,0.82888323,1.1107454,0.77213764,1.107832,1.2551397,1.0168219,0.8445339,0.92022437,0.84017235
169,0.8728654,1.0335304,0.79281235,1.1407454,1.3247907,1.0288202,0.909072,0.9932477,0.8931313
170,0.80436134,1.1475283,0.72849375,1.0496625,1.397515,0.8634255,0.84109485,0.9776969,0.8553525
171,0.8372624,1.0821707,0.82735723,1.1861603,1.4613854,1.0016847,1.1377976,1.0595802,1.1007433
172,0.8385571,0.9768027,0.7604411,1.1363741,1.2126229,1.0007417,0.89760226,0.95532846,0.8927706
173,0.85745466,1.198062,0.7825921,1.2216802,1.4575437,1.0475929,0.98079616,1.0792872,0.9923537
174,0.8725078,1.1941937,0.83506644,1.1903771,1.438336,1.0622693,1.1668073,1.2208666,1.226757
175,0.7618599,1.1429543,0.747144,1.0888475,1.0866567,0.9971508,0.9342875,0.91146207,1.0104859
176,0.7556586,1.0431504,0.68171126,0.97524625,1.282375,0.87352103,0.85033804,0.9108377,0.949808
177,0.7954547,1.0612019,0.6910188,1.127395,1.2680397,1.0416498,0.92745423,0.89106256,1.0358418
178,0.79382586,0.93997127,0.8405008,1.1540575,1.4842035,1.0376763,1.1447113,1.2045109,1.2573255
179,0.8162522,1.2097872,0.7105573,1.3702558,1.705252,1.1314826,1.0432872,1.1442473,1.0482925
180,0.8796975,1.495908,0.7290172,1.2271678,1.666887,0.97843707,1.127766,1.2406828,1.1430871
181,1.1049736,1.1440675,1.1299886,1.2337074,1.1810628,1.1812137,0.9904382,0.9623892,1.0768691
182,1.0761529,1.223962,1.0187992,1.2509505,1.4238727,1.1434399,0.96855265,0.9999635,0.9781738
183,0.9867141,0.9344042,0.9557285,0.98646885,0.88000476,1.0015527,0.7925322,0.73889494,0.8264981
184,0.9329147,0.79036784,0.97286725,0.9220243,0.852533,0.9663046,0.8011505,0.8256861,0.83589315
185,0.83733416,0.9940143,0.8522377,1.2943068,1.3570673,1.3083991,0.75406826,0.8129678,0.76222456
186,0.8370104,0.97777337,0.8513737,1.1005069,1.2600129,1.0189167,0.7692289,0.8411318,0.77032226
187,0.9034126,1.0550058,0.8173938,1.1236922,1.0713352,1.0220052,0.77723074,0.76613224,0.8477418
188,1.0377185,1.0163112,1.1301147,1.3000457,1.3183497,1.2225304,1.2486931,1.1247181,1.3122848
189,0.8009829,0.90014935,0.7643293,1.0208342,1.111619,0.92022884,0.88120365,0.90168446,0.8771974
190,0.8262068,0.9921804,0.81984586,0.95592785,1.0838965,0.87803394,0.9324449,0.95433253,0.8991556
191,0.86956257,1.0594636,0.8161521,1.0904433,1.282985,0.9552747,0.8122872,0.9758538,0.796643
192,0.79045004,0.9656548,0.7734333,0.89759815,0.9921776,0.8256046,0.7432485,0.7702356,0.7533764
193,0.72470945,1.004923,0.7207502,0.86172014,0.91553605,0.85597426,0.7290008,0.7199117,0.77553654
194,0.78582937,0.9335445,0.7293895,1.039345,1.0542762,1.0225775,0.7705994,0.80178773,0.72938097
195,0.79737365,0.93843937,0.75266147,0.9931633,1.1109618,0.9276082,0.713908,0.7343524,0.73776954
196,0.6325198,0.8318916,0.6171551,0.95868045,1.1037182,0.7889308,0.8086319,0.9699285,0.7642279
197,0.692501,1.0951163,0.5924672,0.96382904,1.0287422,0.8594041,0.7812018,0.88495606,0.77709246
198,0.72951293,0.99498373,0.6370841,0.9535978,1.118686,0.811711,0.7257327,0.73906714,0.76353675
199,0.77430123,1.2572845,0.6359507,1.0095799,1.2575263,0.85465723,0.8243492,0.95575154,0.7694757
200,0.7391253,0.89308614,0.64863557,1.0368321,1.3245714,0.86305094,0.8394861,0.9545662,0.7719291
201,0.6956414,0.9273104,0.59902185,1.0185367,1.1597261,0.9278253,0.7302112,0.7198136,0.75470006
202,0.60828286,0.6582371,0.5356092,0.8294905,0.84693897,0.7308527,0.86195886,0.77238685,0.86824775
203,0.8753572,0.8077367,0.86389804,1.0158255,0.9885791,0.97282845,0.71781313,0.7528616,0.69854784
204,0.8492636,0.8690876,0.82255185,0.9038423,1.0627451,0.8488082,0.80887336,0.93115664,0.79011333
205,0.94722986,0.8815741,0.9816085,1.0614476,1.2061127,0.9978291,1.1004231,1.2098266,1.0486548
206,0.94969326,1.1117796,1.0141987,1.1400764,1.4260024,1.0175133,1.0693107,1.115338,1.0766635
207,1.0026212,1.0728034,1.0753509,1.0631065,1.2384393,0.97814536,1.0150002,1.0352436,1.070084
208,0.9830143,1.1256953,1.0145125,1.1791683,1.4444582,0.9946328,1.1222036,1.1208073,1.0701708
209,0.91922086,0.9125834,0.99110454,1.0360678,1.2387896,0.89666736,1.0366365,1.0941396,1.0219272
210,1.0136431,1.0584131,1.0364176,1.016057,1.2491518,0.9047686,1.058521,1.1311476,1.0850161
211,0.9164185,0.9052406,0.98728234,0.95976514,1.1046785,0.9078101,1.0141127,1.0833044,1.0217712
212,0.98195654,0.93071985,1.0431983,0.9738896,1.1177542,0.9360913,0.9564304,1.045479,1.0053539
213,0.9863593,0.9294518,1.0582001,1.0027245,1.1564667,0.9118754,0.98501575,1.0361038,1.039001
214,0.9411204,0.7840669,0.98193604,0.9279844,1.0766798,0.84350204,0.9631491,1.0592933,0.9855584
215,1.0590838,1.2491612,1.0594,1.1481667,1.4252714,0.98083216,1.1878808,1.289019,1.16444
216,0.93697244,1.0621086,0.9697203,0.9437873,1.1002524,0.8422739,0.963746,0.98480904,1.0239705
217,0.9588794,0.97301835,0.99954325,1.0475338,1.2170024,0.8953821,1.058324,1.1566614,1.0671836
218,0.91056323,1.1857713,1.0029714,1.0470213,1.3316547,0.9217902,1.0476902,1.0575854,1.0971265
219,0.9537665,1.0998905,0.9446111,1.0051734,1.2576137,0.8301009,1.0800298,1.112303,1.1015334
220,0.8656425,1.001824,0.89990044,0.9123157,1.1029334,0.818882,0.9303923,0.87550175,0.9931673
221,0.80882955,1.2479037,0.7315758,0.9438333,1.2855356,0.74811304,0.9105789,0.9479872,0.99048775
222,0.7330244,1.1779641,0.70021015,0.8504276,1.0569185,0.72459936,0.8259139,0.77282524,0.8814601
223,0.79393554,0.96859086,0.716924,0.9110444,1.0596523,0.769927,0.75367683,0.8092947,0.8028771
224,0.7832618,1.0347373,0.7546485,1.0173597,1.2957115,0.8994025,1.0640876,1.1943175,1.1289206
225,1.3210117,1.3462393,1.3207343,1.1870362,1.3042005,1.068444,1.0477295,1.0549191,1.0855122
226,1.199092,1.3489095,1.1425397,1.0573251,1.1878277,0.92533386,0.86404437,0.9091984,0.91537416
227,1.0934716,1.0321821,1.0689752,0.92915004,1.046966,0.8015906,0.8838675,1.0115716,0.85224825
228,1.1617051,0.9925675,1.2151942,0.92534137,0.99274313,0.87503827,0.8855659,0.9008128,0.9134955
229,1.0665528,1.1033267,1.1087943,1.0843668,1.1888025,0.94378656,0.9110467,0.94834226,0.89198047
230,0.9657587,0.9175658,0.9467718,0.80641514,1.0690153,0.690103,0.76827276,0.8388143,0.76931345
231,0.8590744,0.8831933,0.93470573,0.7688566,0.9667027,0.6976482,0.7769757,0.8478036,0.78160816
232,0.82223874,0.88646257,0.83269507,0.7234349,0.9268555,0.61394113,0.72940314,0.7473994,0.7381951
233,0.85686356,0.8835805,0.8739822,0.8242362,0.9058713,0.72517836,0.77009547,0.7995318,0.757421
234,0.93116945,1.06997,0.94580483,0.7956247,1.0133756,0.66752946,0.7562412,0.81736195,0.7439121
235,0.9247179,0.9061962,0.9377122,0.954232,1.0197804,0.8683232,0.8350746,0.9361292,0.8098312
236,0.87818223,0.7219861,0.9023908,0.78636503,0.79151297,0.72104245,0.77291644,0.7896285,0.7272176
237,0.8467339,0.75864106,0.8700473,0.72443306,0.85351264,0.6906324,0.68780124,0.76981825,0.6852258
238,0.72236246,0.8235834,0.7055803,0.6954799,0.8000733,0.6048271,0.6821952,0.8254102,0.653448
239,0.9115934,0.838486,0.88129497,0.88232714,0.8994448,0.7842708,0.71399117,0.75630724,0.7173234
240,0.7974585,0.88864654,0.7990596,0.7903133,0.8376105,0.7008681,0.7571818,0.79435885,0.7520579
241,0.8027088,0.83217067,0.7793866,0.7093732,0.8264699,0.5951049,0.6461363,0.6863703,0.62367666
242,0.60852224,0.6460532,0.52092004,0.79196227,0.6895465,0.7432769,0.5520772,0.60724586,0.49539378
243,0.6975613,0.8240637,0.5985494,0.784592,0.7366597,0.73954326,0.5778092,0.6319692,0.5336792
244,0.77797306,1.1933217,0.64828163,0.85688376,1.0125357,0.7341739,0.65913427,0.64799553,0.65874213
245,1.045314,1.0568758,1.0284044,0.917579,0.97252923,0.81661576,0.74504334,0.7688712,0.67962915
246,1.0941947,0.98779726,1.0461183,0.868356,0.8461089,0.7904541,0.6950269,0.75967324,0.7027473
247,1.0598161,0.9436016,1.0989815,0.8978616,0.95799494,0.771594,0.82264966,0.8623729,0.8488913
248,1.0686811,1.0083073,1.0357524,0.83407503,0.9133108,0.74053246,0.78220665,0.7772074,0.8238083
249,0.91538876,0.8416791,0.96645916,0.79027325,0.76370233,0.7777118,0.7396814,0.7229201,0.7787593
250,0.85751474,0.725529,0.8700595,0.77639294,0.82525104,0.711131,0.7100151,0.7447827,0.71842974
251,0.9683988,0.96706295,0.97328985,0.8524717,0.95632035,0.77043784,0.76320094,0.7599774,0.7904318
252,0.91027087,0.7626888,0.96110415,0.8323257,1.0690358,0.7389226,0.87497294,0.9919057,0.8780525
253,0.92816865,0.8767862,0.9582372,0.8324284,0.98857373,0.7294183,0.8721775,0.96562093,0.86042285
254,0.84489495,0.7290673,0.87301195,0.73068595,0.7689698,0.68252337,0.73279047,0.76197094,0.75587773
255,0.96280617,1.1220088,0.97076374,0.8869022,1.1553465,0.7803393,0.8118046,0.8602339,0.82431597
256,0.9183807,1.0615733,0.9648876,0.8557874,1.0093095,0.7510726,0.9081437,0.83350956,0.97454685
257,0.79599303,0.8757959,0.83896065,0.790061,0.97813195,0.69925666,0.8260336,0.95230716,0.8707069
258,0.71936804,0.72517747,0.77049816,0.73207855,0.87489736,0.65876734,0.8202764,0.86762506,0.8600643
259,0.72785205,0.85511553,0.74680936,0.65696764,0.7450441,0.6069688,0.686903,0.62323654,0.78005344
260,0.7693969,0.93541586,0.7898557,0.77109164,0.9981196,0.68421984,0.7662391,0.7995596,0.84264266
261,0.64825064,0.51878667,0.70719427,0.7282277,0.9305631,0.6517951,0.858894,0.94008094,0.8531365
262,0.69199944,0.67506427,0.71749,0.70890075,1.0708308,0.62975687,0.74324214,0.950255,0.7215902
263,0.5860378,0.66632503,0.58127487,0.7353562,0.9665834,0.5961807,0.84321,0.888434,0.81623495
264,0.60134387,0.8964231,0.5914854,0.7308615,0.97307324,0.592368,0.83696413,0.92875075,0.81731266
265,0.68281704,0.8324916,0.6720269,0.7413367,0.94925475,0.60687065,0.77082616,0.8492982,0.7917499
266,0.836144,0.6926529,0.94737756,0.67564064,0.7796389,0.65604585,0.6575901,0.6226631,0.7314132
267,0.85886186,0.8108375,0.9258173,0.74696195,0.7691934,0.68131226,0.79038125,0.784262,0.76782143
268,0.90399414,0.85378724,0.9204131,0.801866,1.006525,0.72382694,0.7869077,0.9280867,0.7604179
269,0.88535535,0.91443723,0.91282016,0.80617017,0.8743636,0.73530596,0.78781545,0.7996288,0.8265053
270,0.8619879,0.7264024,0.9589861,0.78759056,0.90929157,0.7320877,0.8523228,0.93763226,0.8501309
271,0.94990087,0.82689196,1.0312948,0.9445456,1.1340554,0.83068466,1.0497453,1.1205842,1.0464112
272,0.87602323,0.95330274,0.9209834,0.8578039,1.0458765,0.7479749,0.9583635,1.0272934,0.9054266
273,0.88406813,0.7254458,0.98682433,0.8386313,1.005548,0.8214194,0.93734837,1.0764886,0.9756523
274,0.8211281,0.6879006,0.92616844,0.8458905,0.91473484,0.7812703,0.9608855,1.0014038,0.97137773
275,0.7477179,0.753759,0.7977889,0.70941955,0.75956076,0.6524149,0.76389027,0.81098604,0.78306186
276,0.8417147,0.8202728,0.8314148,0.8165548,0.95937276,0.6872568,0.83371866,0.9038309,0.7993337
277,0.81967163,0.6512755,0.83588976,0.8266885,0.889362,0.74050456,0.8367481,0.8977439,0.8721337
278,0.6477516,0.57712877,0.68602806,0.70336074,0.832338,0.6076576,0.7376045,0.76393485,0.7477954
279,0.6962458,0.5726438,0.7355523,0.6872963,0.7297834,0.624962,0.7866358,0.7371724,0.78081965
280,0.7353215,0.64703226,0.81058365,0.7471059,0.827849,0.69368297,0.8400897,0.8360548,0.8618801
281,0.77596027,0.76946884,0.8014656,0.8478792,1.1088198,0.7718269,0.91953653,1.0744811,0.94569075
282,0.6545905,0.4887093,0.7539474,0.6510482,0.65813494,0.6250385,0.73495793,0.6293487,0.80456424
283,0.668453,0.6280561,0.71927965,0.6767003,0.71573895,0.63355213,0.77231085,0.7473934,0.83237743
284,0.6226403,0.6556671,0.590849,0.6657456,0.7124045,0.58207744,0.687978,0.7266528,0.6754314
285,0.5813231,0.54022866,0.6006166,0.658121,0.80834454,0.58122456,0.6923528,0.78562987,0.6658394
286,1.0244415,0.86945647,0.99823016,0.85639,0.84776235,0.8005843,0.73606503,0.72985715,0.72982424
287,0.8889848,0.85782355,0.87556803,0.78897893,0.8826239,0.7093474,0.84801644,0.9193577,0.8092189
288,0.84841555,0.77001923,0.89981407,0.8446175,0.94263226,0.7372999,0.9078931,0.9823531,0.87778103
289,0.85996693,0.67165357,0.8707982,0.76504016,0.7495139,0.7015524,0.8269663,0.7940493,0.8196944
290,0.7486788,0.5975337,0.8361811,0.7069421,0.77025235,0.7014424,0.72566,0.805467,0.8098856
291,0.83571863,0.77143705,0.8131781,0.8263847,0.9720187,0.6973302,0.9180476,0.98293686,0.8733761
292,0.8019081,0.60719424,0.80275583,0.70927304,0.880131,0.6637253,0.7474585,0.8422383,0.7822298
293,0.7038404,0.5540467,0.72649544,0.69667155,0.7624154,0.613065,0.76172984,0.7788615,0.77868825
294,0.64840126,0.59263813,0.68677616,0.7517173,0.8878452,0.64633054,0.72971314,0.81796914,0.7034698
295,0.71440035,0.6158241,0.73883647,0.75749534,0.7724634,0.6842293,0.7371913,0.73986566,0.7251092
296,0.8318691,0.66714,0.81624424,0.83534575,0.860114,0.7931631,0.80957466,0.8485199,0.8258011
297,0.663731,0.56328154,0.7132451,0.7455588,0.88636494,0.6435987,0.8251201,0.8994179,0.8019311
298,0.68011516,0.5912535,0.7044304,0.74196196,0.8338823,0.6530065,0.7604152,0.806756,0.76474935
299,0.68603134,0.68551373,0.70546675,0.71434575,0.8576261,0.6341588,0.7382369,0.8382927,0.73295105
300,0.6988018,0.7345137,0.79329014,0.81853575,0.90820324,0.7806026,0.84230024,0.7831291,0.8812811
301,0.66211224,0.65127504,0.6984544,0.75240356,0.92618257,0.65831,0.8037459,0.8335848,0.82278705
302,0.60528135,0.57029074,0.6484479,0.7501861,0.8395866,0.6320483,0.83121485,0.83536315,0.7698328
303,0.5943267,0.51218426,0.64514536,0.6694662,0.6926455,0.64384645,0.71667635,0.6749809,0.75127953
304,0.6538658,0.7170589,0.6670377,0.82801735,0.98385113,0.7288635,0.89877516,0.86507654,0.8989814
305,0.61510545,0.81503737,0.6063144,0.7948593,0.9379559,0.66388947,0.81843853,0.8878984,0.8054722
306,0.58221173,0.8047257,0.56909746,0.75718415,0.9183122,0.6610687,0.79001373,0.81215435,0.7901646
307,0.7165326,0.9178258,0.65675074,0.8971044,1.0030243,0.7697947,0.9065984,0.8519408,0.9444689
308,0.9295402,0.97822237,0.92860365,0.98206973,1.0851396,0.86617196,0.8874612,0.9186093,0.8772503
309,0.8427802,0.839346,0.7937963,0.8634,0.96512663,0.79296654,0.79989827,0.8613157,0.7471171
310,0.7385538,0.6956585,0.7238416,0.75696254,0.6485246,0.7198018,0.56774527,0.54874766,0.59954965
311,0.71062076,0.59658617,0.7107943,0.75669265,0.76104665,0.68692976,0.7928723,0.7536651,0.8304251
312,0.7519058,0.62819576,0.79861724,0.8500605,0.91267276,0.7643326,0.90113926,0.9061465,0.9087144
313,0.7859804,0.65364206,0.83652705,1.0721136,1.1226627,0.96141094,1.1664381,1.186444,1.1325407
314,0.74671113,0.6734123,0.73137087,0.85268253,0.9774212,0.7498746,0.9119996,0.9852149,0.88539606
315,0.75358564,0.7659048,0.77666634,0.9066103,1.0808167,0.77244014,0.9906978,1.0737951,0.9652854
316,0.8032633,0.81310195,0.91803014,1.1021395,1.2284771,0.9906423,1.2580608,1.2913911,1.2923898
317,1.0322778,1.0062014,1.1162345,1.2736163,1.3531411,1.177614,1.4075134,1.2990068,1.4904151
318,0.846067,0.8033284,0.84374243,1.0307192,1.1602668,0.9471134,1.1059,1.234526,1.2072113
319,0.68350315,0.71438926,0.7236301,0.7997772,0.89881116,0.750454,0.9183601,0.91757107,0.9891432
320,0.75392306,0.6967166,0.7327424,0.77828074,0.74334097,0.724696,0.79349947,0.7175728,0.8793725
321,0.83609706,0.8361096,0.92184836,0.9998522,1.0166234,0.94887614,1.1477478,1.0408652,1.2479092
322,0.99340993,1.0312005,1.0186101,1.2151535,1.2406433,1.094446,1.3013976,1.2049198,1.3803574
323,0.76315475,0.7772248,0.74213564,0.9186058,1.0623666,0.773603,0.94689775,1.0282345,0.9284444
324,0.7236323,0.80662686,0.72170174,0.81596583,0.95014995,0.7095504,0.85676414,0.9539162,0.8434617
325,0.7183247,0.84371734,0.72271067,0.8882901,1.0922294,0.7610544,0.963963,1.0766354,0.9458799
326,0.70643985,0.7067682,0.7736236,0.99490124,1.2295768,0.8539894,1.1496583,1.2441227,1.133427
327,0.68462723,0.82915634,0.6747265,0.8951426,1.0862955,0.77709895,1.0094979,1.0212116,1.0378492
328,1.1884655,0.9137714,1.191775,1.1110862,1.1728523,1.0549153,1.0244606,1.1033751,0.99438316
329,0.90712905,0.92032266,0.9374606,1.0351076,1.2196474,0.9337576,1.2103285,1.3468621,1.1654338
330,0.8659944,0.83748746,0.98768616,1.1468271,1.3852271,1.0107809,1.3471459,1.4687643,1.345855
331,0.848714,0.93176454,0.932713,0.962881,1.110085,0.86640346,1.0459739,1.0415605,1.0490065
332,0.8397265,0.95313096,0.9193295,1.1235113,1.3744701,0.94909674,1.269634,1.3437916,1.2276282
333,1.0057564,0.9774595,1.0969214,1.2047881,1.4022999,1.0679277,1.3589157,1.4751942,1.3535922
334,0.98360074,1.111917,0.99583286,1.1017872,1.2093905,0.9593868,1.1215287,1.138245,1.1774946
335,0.7515929,0.8528959,0.88943475,0.9621757,1.1726099,0.8252378,1.0948013,1.1904541,1.0803652
336,0.7251968,0.8774389,0.8289484,0.8183435,0.88143593,0.7369524,0.9315701,0.909875,0.93822104
337,0.772085,0.80735403,0.84842634,0.9231824,1.0390289,0.8104598,1.0039068,1.0502815,1.0151532
338,0.89156955,1.476498,0.9179598,1.0547332,1.4212677,0.8865281,1.2303636,1.7556823,1.1196898
339,0.71334934,0.7255693,0.741956,0.8683897,0.8325209,0.7830504,0.95573604,0.9114673,0.90419084
340,0.7194645,0.75949466,0.8016538,0.86472106,1.0104027,0.7763616,0.9346606,1.0474266,0.9260507
341,0.8091223,0.89195555,0.7912855,0.9138099,1.1343739,0.7882226,0.8611641,0.97250575,0.86521137
342,0.7082355,0.74812114,0.69256544,0.93287534,1.1750672,0.75890636,1.0184453,1.0860344,0.9931894
343,0.8629837,1.0262892,0.9497241,1.0354587,1.1139674,0.96209365,1.1170186,1.1382238,1.1214359
344,0.84927297,0.88607275,0.86650234,1.0549965,1.2586223,0.88538456,1.1582273,1.1865417,1.0912036
345,0.71726376,0.80541724,0.7864939,0.97665876,1.1434927,0.82083654,1.1487428,1.2129025,1.0898148
346,0.7598163,0.76586264,0.7766277,0.8640921,0.93575263,0.7402177,0.9520732,0.9719195,0.89462614
347,0.6526745,0.634621,0.7267386,0.7910063,0.87274605,0.68208385,0.9319135,0.86701727,0.9237104
348,1.419484,1.2212958,1.317318,1.1056234,1.0812938,0.9762506,1.0048897,0.98232806,0.9801909
349,1.2313869,1.1622765,1.2188189,1.0290684,1.1121676,0.9051593,1.1842458,1.2675472,1.1003152
350,1.3013889,1.2034498,1.2917268,1.2639318,1.1696998,1.11656,1.3588572,1.3156838,1.3144453
351,0.98242646,0.9205724,0.9825727,0.86227334,0.92836183,0.8141246,0.87196845,0.8539286,0.9243515
352,0.8813693,0.8647132,0.8819321,0.8621548,1.0046215,0.73309565,0.8895839,0.8999067,0.8805436
353,1.0043856,0.96689075,1.1296436,1.0451596,1.1687443,0.9306383,1.1872225,1.2357398,1.190603
354,0.94839436,1.0498224,0.9681328,0.9508069,1.0306184,0.81005335,1.093824,1.0051087,1.067264
355,0.89769506,0.9942621,0.97763455,0.974533,1.140549,0.83820355,1.1410899,1.191587,1.1120088
356,0.95255756,0.9533706,1.0966756,1.1240058,1.1792527,0.9981563,1.3028985,1.1394427,1.3140377
357,0.8658392,1.0140138,0.9533204,0.9024134,1.0347877,0.8040862,1.0140886,1.1041557,1.0357875
358,0.83764386,0.8984013,0.8895011,0.80563515,0.7950978,0.7128021,0.92249495,0.86945117,0.93778
359,0.6930205,0.70260686,0.762696,0.7368799,0.8847984,0.6832198,0.87062293,0.89759153,0.90379524
360,0.7016075,0.6543728,0.796535,0.77621347,0.79229754,0.68390334,0.93461335,0.8646029,0.9047482
361,0.6199633,0.5863053,0.70020604,0.75448656,0.81100667,0.6446581,0.8830128,0.8633418,0.8859841
362,0.71523684,0.7627696,0.6939535,0.7467072,0.7728511,0.6620166,0.84803087,0.8394596,0.8295526
363,0.7545492,0.98439366,0.71761376,0.85980755,1.1387109,0.7189124,0.9119584,0.937007,0.8840503
364,0.9265766,1.0932249,1.0053576,1.1036701,1.3930649,0.948039,1.2497888,1.2923499,1.2416967
365,0.62404555,0.7474994,0.682764,0.7635945,0.94028705,0.6684311,0.8688547,0.90620226,0.91007125
366,0.58939236,0.79582226,0.6245406,0.821438,1.0921704,0.6930102,0.9597747,1.0039574,0.9315619
367,1.0479974,0.8821859,1.0768195,0.8498393,0.8107948,0.8104576,0.81236553,0.77321494,0.80252504
368,1.012322,0.88001263,0.948247,0.78587973,0.7842689,0.7515291,0.767581,0.77600324,0.76255304
369,0.81087357,0.8374859,0.81723,0.7839694,0.7332152,0.81507707,0.757837,0.7921198,0.76048994
370,0.83822083,0.7793084,0.85900885,0.7674592,0.8052318,0.7147934,0.77765244,0.78517634,0.7718675
371,0.78837967,0.6442394,0.827814,0.7228621,0.76435184,0.6569418,0.8009551,0.79163677,0.7562977
372,0.6733687,0.60712725,0.7037199,0.6664696,0.7913268,0.5655445,0.7354494,0.78111607,0.70742124
373,0.6814995,0.64702064,0.8000468,0.7775533,0.8050887,0.7102505,0.891273,0.85087585,0.9035006
374,0.77225024,0.6272997,0.7989236,0.7599542,0.7117125,0.726832,0.8799183,0.76578647,0.8702029
375,0.80656743,0.8348355,0.8790929,0.9202167,1.1988827,0.8313603,1.0968711,1.2213199,1.1080984
376,0.95564216,1.0356151,0.98666066,1.1986147,1.629638,1.045835,1.2995418,1.4257871,1.2747362
377,0.8728697,0.7330267,1.0692453,1.2069103,1.3796381,1.0554472,1.4847374,1.5595912,1.4663332
378,0.87953526,0.8412287,0.9320763,0.8046906,0.8042735,0.7485133,0.91624427,0.8521927,0.95659244
379,0.940827,0.99815184,0.97284836,0.83722055,0.9787316,0.8088188,0.8995215,0.96406204,0.93423
380,0.77552986,0.773855,0.834243,0.78112966,0.9120999,0.6720207,0.93189114,1.0278901,0.90669024
381,0.9101613,0.8662663,0.91969794,0.9544037,1.0888135,0.8260386,1.0904384,1.1246752,1.073502
382,0.85568386,0.80302924,0.8821877,0.6945619,0.81533337,0.6562223,0.7481597,0.75554186,0.7777987
383,0.5902282,0.6607691,0.71028805,0.60482246,0.7424934,0.5380735,0.7539329,0.8334271,0.72194624
384,0.58605546,0.5447012,0.67578053,0.6192131,0.6923003,0.54790664,0.7380428,0.74661934,0.72357893
385,0.8049385,0.8773351,0.7689043,0.8848602,0.9583452,0.7425848,1.003484,0.93923247,1.0012243
386,0.7743354,0.7097689,0.8593956,0.8670871,0.940639,0.7499364,1.0444837,0.97526586,0.99740326
387,0.8085204,0.94181937,0.77957433,0.8250303,0.91864526,0.7193039,0.9010635,0.87249565,0.9175021
388,0.70111614,0.80847996,0.69150066,0.6741861,0.67553735,0.6300573,0.7547689,0.6982257,0.8462852
389,1.0919137,1.0094706,1.1221379,0.77979696,0.84373546,0.7233784,0.7523021,0.685631,0.75431335
390,0.85637337,0.66027683,0.90372306,0.6997044,0.64715165,0.66493386,0.7038664,0.6693161,0.72812325
391,0.6998707,0.6837308,0.81101656,0.6386765,0.8003884,0.57359284,0.812811,0.86078906,0.782508
392,0.98158056,0.9933529,0.9689282,0.7801629,0.93730265,0.6807114,0.86885977,0.92333245,0.8825584
393,0.8079234,0.6716555,0.8382495,0.7004021,0.70962465,0.63687617,0.7822032,0.66282356,0.81528556
394,0.8084443,0.6481796,0.8780648,0.6952082,0.71273905,0.6365702,0.80895704,0.70453095,0.8072913
395,0.7099267,0.6901827,0.81427044,0.6386707,0.699285,0.5987733,0.7871145,0.80620706,0.80652374
396,0.6935436,0.73533523,0.70719534,0.62792206,0.6634985,0.54613954,0.7355468,0.76686174,0.7427443
397,0.713151,0.8780962,0.7720796,0.8725818,0.9089729,0.7549328,1.0250705,0.98801094,1.0364826
398,1.604354,1.5840418,1.6323348,1.686685,1.8478745,1.4543762,1.9260952,1.9307749,1.8149805
399,1.1000445,1.3117156,1.2714318,1.5689838,2.0448952,1.3249516,1.9190255,2.1843255,1.8590956
400,1.1664,1.0506197,1.1937671,1.1106625,1.1719569,0.95687664,1.2738487,1.278215,1.2100987
401,0.97008455,0.9458893,1.0802828,1.0882256,1.2658906,0.92090535,1.3870742,1.4202219,1.314981
402,1.0429934,0.9949726,1.135019,0.99151367,1.1358069,0.8995086,1.1967098,1.2547896,1.2113541
403,1.2514724,1.4526647,1.1569705,1.2707227,1.454307,1.0489384,1.4209253,1.4833795,1.3837609
404,0.66850656,0.7575742,0.70504296,0.7641695,0.7726924,0.6261856,0.8951608,0.7936132,0.8713258
405,0.8052259,1.006195,0.8269737,0.73907787,0.8857884,0.63118935,0.7782611,0.75146174,0.79664344
406,0.70605946,0.9796867,0.61948735,0.65835,0.73881435,0.5462848,0.6928099,0.615423,0.6968439
407,1.0732363,0.98788327,1.0834266,0.77281934,0.8795321,0.6644609,0.84141755,0.8848955,0.8236138
408,0.99812084,0.8141161,1.0025774,0.77407265,0.698652,0.7336206,0.81311893,0.73899287,0.8055667
409,0.73105025,0.6240813,0.81197625,0.5711806,0.52549624,0.5187538,0.7225638,0.6214288,0.68630683
410,0.7715514,0.74597126,0.81689644,0.65566736,0.67573524,0.62650836,0.7165056,0.6913529,0.7148107
411,0.6916091,0.66624147,0.72869825,0.60371816,0.6863356,0.5965466,0.6474115,0.6516162,0.63223803
412,0.71936077,0.5593731,0.82518417,0.5687274,0.6286936,0.5206617,0.69901127,0.7243561,0.6945907
413,0.74790645,0.7932319,0.749061,0.6565611,0.74307054,0.5245333,0.6953054,0.6953261,0.6862032
414,0.60260814,0.65295047,0.6303913,0.58937067,0.64192104,0.5338355,0.69537526,0.7166301,0.7404771
415,0.63026285,0.6577614,0.66494185,0.6334177,0.7078636,0.55157346,0.7717521,0.84758145,0.75952125
416,0.7973834,0.84277445,0.89092207,0.923977,0.96949285,0.7914819,1.1355292,1.07154,1.0915979
417,0.66435474,0.7905363,0.71871203,0.8341412,0.9102646,0.649649,1.0533735,0.99822974,0.9378394
418,0.6043104,0.77047014,0.63674426,0.62288547,0.7058363,0.5633092,0.75674254,0.70842755,0.80729884
419,0.52764857,0.46349698,0.5879509,0.48425668,0.476498,0.45237002,0.5892807,0.5320785,0.6175153
420,0.5469845,0.4655644,0.5706084,0.67262465,0.9554158,0.5362899,0.8400648,0.939608,0.735385
421,0.61820555,0.7372369,0.7316093,0.76343215,0.7220367,0.7062822,0.98037004,0.82310265,1.0212822
422,0.54714143,0.54378587,0.58646786,0.6310769,0.69941956,0.53167427,0.7955889,0.80234194,0.76853067
423,0.5637671,0.62191135,0.60466826,0.7110941,0.85489583,0.59281325,0.9022283,0.9600099,0.86325145
424,0.64379954,0.78073794,0.6354132,0.75317955,0.8652126,0.64017,0.88943505,0.8402948,0.87694854
425,0.9955833,0.82695043,1.0473722,0.7910301,0.86824363,0.7188394,0.8504053,0.8599603,0.853909
426,0.8775183,0.9387307,0.87465686,0.7308427,0.91628087,0.62545794,0.81972355,0.86294645,0.7901262
427,0.7354153,0.65169317,0.76195467,0.71026546,0.7381339,0.6663528,0.789555,0.7970367,0.7792093
428,0.6946355,0.6526958,0.7722463,0.63411623,0.6284168,0.5905952,0.7617038,0.71781486,0.74540967
429,0.5946148,0.5625081,0.6491016,0.63347197,0.6336768,0.5458683,0.80074114,0.76087666,0.7844089
430,0.6935772,0.5657679,0.74020463,0.70295537,1.012454,0.59473014,0.93257755,1.0963283,0.888952
431,0.7805557,0.6910502,0.817284,0.7756098,0.8932774,0.71837807,0.9120082,0.90578675,0.9587458
432,0.5820943,0.49174708,0.6650171,0.6897752,0.78429455,0.6186762,0.87546676,0.9238947,0.8849451
433,0.6081715,0.5313191,0.6822483,0.7513724,0.9019972,0.620781,0.92783225,0.9965867,0.88921106
434,0.6284884,0.647057,0.70087373,0.6917046,0.86793405,0.60424966,0.8582099,0.9539806,0.85960585
435,0.65037227,0.58303416,0.7431827,0.80693567,0.8934797,0.70277786,1.0428016,1.0979255,0.99945045
436,1.1112844,0.9508455,1.0857627,1.1034201,1.0019238,1.0207121,1.2004112,1.1176102,1.2887113
437,0.6239878,0.48012048,0.6813891,0.6669189,0.81140995,0.6165332,0.81679416,0.8392202,0.8444288
438,0.51286596,0.45255387,0.5744654,0.6262708,0.6639869,0.55386865,0.78692394,0.7493389,0.78351235
439,0.57015616,0.52138025,0.61625785,0.70268905,0.81543964,0.5671582,0.87988377,0.9121633,0.8320852
440,0.58859193,0.6960975,0.6010128,0.7024898,0.72572666,0.60566497,0.8700515,0.7964896,0.8699709
441,0.54593074,0.51037145,0.5801879,0.7188994,0.766773,0.63535863,0.88934314,0.89164066,0.92514014
442,0.5961369,0.6757719,0.5915812,0.82392836,1.0523945,0.6574377,0.9286952,1.0234458,0.89937997
443,0.7546757,0.80456185,0.8434519,0.86540085,1.0111352,0.7432454,1.088885,1.1338838,1.0594357
444,0.5912751,0.78515357,0.62929505,0.7739326,1.0519545,0.63518065,0.9432423,1.0634781,0.91753054
445,0.67518497,0.7577814,0.6704864,0.8610374,1.080288,0.69963163,1.052538,1.1199869,1.0158757
446,0.677453,0.7469779,0.6716228,0.814818,0.8955924,0.7004269,0.9614954,0.95076215,0.9697349
447,1.3425407,1.0670366,1.4700164,1.1049829,1.2978135,0.97499615,1.2706121,1.4146155,1.2047614
448,1.2275854,1.1630594,1.2664424,1.1169361,1.4041297,0.9434966,1.3781438,1.672577,1.2593865
449,0.81000644,0.7230402,0.91141623,0.8445562,0.99306035,0.71980286,1.1315386,1.2968751,1.0565686
450,0.9492788,0.7241683,1.014417,0.89112103,1.0918521,0.78672045,1.1096461,1.2435865,1.0857893
451,0.7598312,0.5910862,0.85436976,0.7714194,0.8251391,0.6947496,0.9715787,0.9597982,0.9653726
452,0.6859239,0.7015684,0.7326441,0.7261897,0.8433725,0.6200022,0.8888219,0.90023035,0.89402944
453,0.68212914,0.7552959,0.70539737,0.6673059,0.7295201,0.58362883,0.8217927,0.7855358,0.8224691
454,0.68058497,0.6828968,0.6772059,0.8001627,0.8552123,0.6851705,0.9315405,0.93514776,0.9372773
455,0.81216466,0.7372723,0.8252185,0.8281034,1.0435396,0.6901225,0.9764219,1.111765,0.94664675
456,0.7388904,0.726598,0.76236564,0.77875704,0.83871835,0.67804164,0.88717055,0.88022304,0.8764234
457,0.6528069,0.5336095,0.6999635,0.7026176,0.6949017,0.6626618,0.85767114,0.8238147,0.83991444
458,0.71695465,0.64892936,0.723398,0.78843987,0.83988404,0.63849604,0.919644,0.96576107,0.878751
459,0.6740963,0.51393855,0.7085746,0.63927716,0.6152662,0.5618717,0.80601174,0.7407458,0.7989911
460,0.5759928,0.54106563,0.6098219,0.5347014,0.5705456,0.49122128,0.6572612,0.65892184,0.68359524
461,0.5605825,0.43673927,0.6169942,0.5401184,0.6449467,0.49166277,0.66042185,0.7093657,0.6772581
462,0.5835073,0.5068523,0.6393675,0.672607,0.7425674,0.5634751,0.8276132,0.8653773,0.8019655
463,0.52931666,0.41913772,0.63007426,0.70653486,0.71243423,0.5990134,0.89175206,0.8372592,0.82793456
464,0.50854725,0.42418304,0.57046694,0.6324414,0.6749163,0.5575614,0.7194306,0.74718946,0.6978366
465,0.5665085,0.5132259,0.62219715,0.70855546,0.81283426,0.5767531,0.88702524,0.92555314,0.7987689
466,0.5948654,0.5250306,0.6428338,0.7244895,0.85953367,0.59366864,0.9009661,0.98653036,0.8377904
467,0.5229144,0.64846617,0.5785206,0.64866096,0.7057635,0.57299197,0.8089202,0.7950058,0.7878567
468,0.4883074,0.47902045,0.5234288,0.6017595,0.7520773,0.49653998,0.7462199,0.8377284,0.68406206
469,0.7431021,0.66948456,0.7453392,0.6166509,0.672618,0.5359841,0.75879055,0.75023913,0.72756064
470,0.66489536,0.75334036,0.6837132,0.6142763,0.7995609,0.52876824,0.7662219,0.8653114,0.7129697
471,0.5988704,0.55711555,0.6792186,0.70455736,0.85424536,0.54913557,0.94056994,1.0061758,0.8449853
472,0.59521085,0.500899,0.6856042,0.7503947,0.94398737,0.64033043,0.9992899,1.1239974,0.95705765
473,0.52783024,0.46996865,0.616313,0.6976429,0.7458081,0.5817302,0.9319119,0.9129848,0.86841375
474,0.52714425,0.5116209,0.59393096,0.57969564,0.6259652,0.5215144,0.769549,0.74880326,0.7693647
475,0.4273004,0.4683983,0.48589563,0.530583,0.65491027,0.45045084,0.670348,0.72622746,0.6639139
476,0.5080123,0.58444744,0.55721414,0.56960046,0.6413558,0.4768813,0.7273483,0.7559699,0.6850813
477,0.45278916,0.4817045,0.4913535,0.5772376,0.6805335,0.48809877,0.74761206,0.82442796,0.73075354
478,0.52551377,0.5546519,0.57717806,0.7849121,0.9440542,0.61194146,1.0058911,1.0781436,0.92833304
479,0.49557114,0.53987753,0.54290074,0.65712094,0.81772065,0.5567555,0.85768735,0.91792756,0.8224426
480,0.57406026,0.5809037,0.60987645,0.7251747,0.85798526,0.61125183,0.9279698,1.0248575,0.89242435
481,0.5084739,0.4359217,0.54585946,0.55273205,0.54930174,0.5394169,0.68709284,0.5857847,0.7506227
482,0.5419225,0.5005364,0.5955858,0.68614554,0.78056496,0.5857009,0.86567986,0.9025921,0.8366108
483,0.5387776,0.547052,0.54297626,0.63169384,0.6189686,0.5324611,0.783396,0.7125387,0.7671936
484,0.627745,0.8193133,0.64708346,0.79274833,0.8657681,0.66819304,0.80902743,0.86607814,0.78418034
485,0.6616705,0.9159587,0.66475916,0.767728,0.9065199,0.6680493,0.8191204,0.85929,0.80046844
486,0.6403983,0.77367574,0.5957211,0.6631344,0.696027,0.6011781,0.69320595,0.69122463,0.7127668
487,0.66692847,0.792199,0.60792124,0.6649521,0.6180224,0.6372105,0.59781146,0.59953773,0.57864237
488,0.56879425,0.6530194,0.51867986,0.67076,0.72645944,0.61913866,0.58483773,0.6377656,0.57204336
489,0.7221224,0.9091529,0.61113995,0.8897118,1.1758685,0.7701274,0.84697,1.0684944,0.76199794
490,0.8837729,0.8388465,0.88691586,0.77896166,0.8427804,0.70141786,0.81663305,0.83283645,0.7489597
491,0.8161294,0.8580547,0.79140407,0.74007237,0.78554016,0.6814281,0.797932,0.88872576,0.73309237
492,0.81034935,0.83407325,0.8111999,0.75312287,0.835054,0.6435392,0.8335325,0.8885942,0.801479
493,0.7402184,0.7142995,0.7786909,0.8165743,0.9290679,0.7286924,0.9970384,1.1058615,1.0073998
494,0.6089821,0.5991114,0.6526763,0.78943825,0.79472286,0.69536704,0.9186613,0.91000247,0.85279894
495,0.63986117,0.75177264,0.62883437,0.72465426,0.7994483,0.6176858,0.81376755,0.8148653,0.768675
496,0.62242526,0.61009187,0.64032173,0.718809,0.7466581,0.6305671,0.86039925,0.8633972,0.8193265
497,0.57811123,0.5505872,0.61130285,0.71471304,0.8471529,0.6273634,0.8637562,0.9496363,0.8172994
498,0.621662,0.57592887,0.62854517,0.728026,0.78297377,0.62270623,0.91970634,0.93764335,0.8375383
499,0.5962756,0.5690681,0.56311655,0.6939973,0.7560574,0.6079109,0.8164939,0.8394344,0.77471733
500,0.5846916,0.55635023,0.57383895,0.76365316,0.81242996,0.65037453,0.8589135,0.91150373,0.8272426
501,0.5460184,0.56402636,0.5374001,0.7218169,0.8894593,0.596537,0.85207117,0.9500297,0.7950328
502,0.6210754,0.74871325,0.6368588,0.87119746,1.0830653,0.68998027,1.0523425,1.1390054,0.96238333
503,0.62171745,0.693183,0.6362268,0.96366864,1.0987755,0.79835653,1.1811475,1.152411,1.0846596
504,0.6138764,0.5856603,0.61122125,0.89947295,0.9987908,0.71215177,1.0212219,1.0438999,0.94836956
505,0.62485754,0.7885112,0.6185093,0.8810726,0.9889278,0.743712,1.057475,1.0936373,1.0244838
506,0.66933405,0.802791,0.62922144,0.8425807,0.95585334,0.69463754,0.922781,0.9177648,0.92249197
507,0.6394952,0.675216,0.62510616,0.96527207,1.1682332,0.7592494,1.1144947,1.1650615,1.0239549
508,0.6134829,0.7246937,0.5691891,0.89884067,1.1519426,0.7300369,1.0645342,1.2055498,0.99043596
509,0.5950397,0.821683,0.5513349,0.93173695,1.0512935,0.7798344,1.0251807,1.1084039,0.97405285
510,0.5404389,0.6253157,0.51210386,0.80081236,1.0794479,0.63597697,0.9208412,1.030458,0.85810107
511,0.6081336,0.6605905,0.55135304,1.030216,1.1661601,0.8468021,0.9569446,1.0898124,0.9189948
512,0.84137285,0.92558223,0.8611279,0.92923415,1.1289843,0.7483169,1.0727377,1.2106764,0.97724426
513,0.83233774,0.7796715,0.913893,1.09914,1.3160769,0.86982125,1.3342522,1.4511443,1.1989743
514,0.726864,0.7303243,0.79669625,0.9492801,1.0679035,0.7772227,1.1860154,1.238271,1.1209633
515,0.62447387,0.551498,0.6774241,0.8308595,0.91681176,0.6861366,1.0173678,0.97709286,0.965188
516,0.67146903,0.59836155,0.73058337,0.8545629,0.97386175,0.7112928,1.0747685,1.150938,0.99949014
517,0.5785545,0.4788085,0.64984083,0.823706,0.8679915,0.6562988,1.0691689,1.0383213,0.99044216
518,0.5552789,0.51059973,0.62574434,0.76247615,0.8213065,0.61880255,0.97779006,0.97294384,0.920678
519,0.54928726,0.50993913,0.5621231,0.7000068,0.8137774,0.55900383,0.8690427,0.9555854,0.82876015
520,0.5283071,0.519747,0.5592029,0.6428728,0.7907095,0.5333515,0.84185076,0.919242,0.8144406
521,0.5312674,0.4921494,0.5393242,0.83835286,0.9998189,0.678636,1.036066,1.0839,0.9475115
522,0.59363335,0.55338657,0.6106611,0.9196088,1.1366878,0.7203087,1.1281714,1.2528983,1.0514765
523,0.68712795,0.7353538,0.6830067,0.9966652,1.2236502,0.78932285,1.2632616,1.4268227,1.1689695
524,0.69064176,0.7308995,0.6310123,0.88221747,0.97768676,0.74143326,1.0585697,1.0950109,1.015475
525,0.59283715,0.55183256,0.60696507,0.8152477,1.0688658,0.7016996,0.9757828,1.1386156,0.9324127
526,0.5844534,0.5501559,0.61506486,0.80536246,0.90302694,0.68317866,0.97707504,1.0424429,0.9180386
527,0.56629866,0.63026005,0.5628637,0.7515129,0.89930207,0.6125237,0.9097809,1.0290692,0.84699935
528,0.4753595,0.4677513,0.51988226,0.746307,0.88421404,0.6076375,0.9152475,0.9982255,0.83429265
529,0.4913103,0.46538535,0.5020583,0.75551933,0.9544339,0.6091833,0.93906015,1.0913204,0.8242489
530,0.5294253,0.5120876,0.5411511,0.82004327,1.059943,0.6422907,1.0132293,1.1473302,0.9288894
531,0.5452911,0.56196356,0.48928988,0.69991666,0.85523564,0.5731426,0.86483693,0.94519717,0.8141154
532,0.81452787,0.91605294,0.77957433,0.82173234,0.88619125,0.6696259,0.8604436,0.8605404,0.8081392
533,0.67568725,0.6444802,0.7237186,0.74618185,0.909747,0.63137597,0.88815624,0.9917984,0.8184293
534,0.6331989,0.63480675,0.6791401,0.7346637,0.8565977,0.5996113,0.9297984,0.9469945,0.86708295
535,0.6872049,0.54918885,0.6869348,0.762258,1.0106547,0.6210572,0.926623,1.0850679,0.8509845
536,0.60573226,0.5479142,0.656603,0.8479597,0.96650636,0.6791338,1.0671003,1.12625,0.97398263
537,0.6417584,0.6040924,0.6674706,0.7525793,0.85729545,0.6349666,0.9265934,0.95116323,0.8813566
538,0.6100435,0.60569316,0.652328,0.88784283,1.1471487,0.69078237,1.1376886,1.314139,1.0017868
539,0.62952703,0.54623735,0.7108714,0.92080915,1.029889,0.7265387,1.1666197,1.1890796,1.0739139
540,0.637567,0.5499201,0.68745023,0.81051946,0.9755546,0.64789,1.0604405,1.0780529,0.9797607
541,0.6022386,0.60266227,0.6638586,0.8256331,0.9139417,0.65463316,1.047788,1.0782838,0.9537349
542,0.57631487,0.53624177,0.62772477,0.74945676,0.8174159,0.62249124,0.9534741,0.94668,0.9087625
543,0.5691953,0.5038907,0.6236621,0.75235456,0.8293682,0.61008334,0.9568405,0.94518507,0.88231075
544,0.50700414,0.5594165,0.5337293,0.7135009,0.83700794,0.57667196,0.9093688,0.9523371,0.8362041
545,0.5236201,0.57546395,0.52321374,0.7690644,0.93750966,0.61011314,0.91724306,0.9711425,0.84095865
546,0.50140095,0.46970564,0.5549731,0.87185633,1.0848992,0.66338676,1.0935444,1.2415931,0.96113867
547,0.5419055,0.5123343,0.5878234,0.85806376,0.94537055,0.6519168,1.0828806,1.1066272,0.9576464
548,0.5405258,0.59272534,0.54332227,0.7778526,0.87830544,0.62373114,0.96127087,0.98257524,0.9134917
549,0.65506244,0.66403496,0.70826787,1.0222819,1.3233,0.8152142,1.2778692,1.5268371,1.1920207
550,0.6660321,0.6633193,0.74672854,1.1514785,1.2164409,0.89316636,1.4704646,1.4040693,1.3102223
551,0.7719606,0.7914205,0.77937853,1.1180719,1.313777,0.85083383,1.3250419,1.3371661,1.2077789
552,1.5843428,1.4058348,1.5741279,1.589582,1.8535172,1.2988464,1.9025162,2.0798268,1.6846122
553,1.8677696,1.6194468,1.880417,1.59869,1.5437602,1.3599285,1.8778766,1.663739,1.6667149
554,1.2007062,1.02137,1.2169887,0.98891735,1.0165712,0.8167921,1.2260292,1.1840737,1.0935049
555,1.0661162,0.86214685,1.1617694,1.0564691,1.1020372,0.91289294,1.3200301,1.2167958,1.3312209
556,0.82788783,0.749878,0.88873065,0.8072418,0.83231294,0.70263165,1.0151358,0.99240047,0.98714083
557,0.6888197,0.5700326,0.7000811,0.70879805,0.80186605,0.6399021,0.918284,0.9065425,0.9056121
558,0.6648975,0.70283014,0.68563765,0.7628404,0.8974477,0.62175757,0.9628167,0.95710117,0.96995807
559,0.8219946,0.8644425,0.85883325,0.83581346,0.8888307,0.7190156,1.0450948,1.1597644,1.0481732
560,0.6666699,0.59428066,0.7432086,0.7087612,0.71900934,0.6400792,0.8916566,0.8410164,0.9120471
561,0.58887404,0.61314815,0.60514367,0.6346092,0.5976868,0.54280233,0.76885986,0.6733728,0.7684581
562,0.67028725,0.66491807,0.66555357,0.6832283,0.751953,0.593129,0.855426,0.85017216,0.84961224
563,0.6469866,0.56776065,0.6556272,0.684812,0.70147663,0.59102017,0.832619,0.7716588,0.83913976
564,0.60582274,0.59063846,0.61586744,0.6593857,0.64812154,0.5820739,0.8293864,0.7631244,0.8407955
565,0.68672967,0.6393924,0.64145803,0.68229944,0.6880965,0.6417541,0.77932227,0.78882706,0.7983832
566,0.5981834,0.5374621,0.59867305,0.6152653,0.601617,0.5592252,0.74410343,0.6797591,0.76791865
567,0.49917194,0.4368153,0.52488184,0.6357754,0.7452211,0.5412679,0.8079713,0.83353287,0.7873073
568,0.57344383,0.46082997,0.5968745,0.6238081,0.57866216,0.5459466,0.7734707,0.7057469,0.77713346
569,0.49293044,0.6326031,0.45140398,0.48400915,0.58758605,0.4265426,0.5324654,0.5466216,0.49581367
570,0.59628206,0.5109695,0.56705076,0.50356936,0.5150045,0.47360244,0.52370304,0.5393385,0.54431236
571,0.5775929,0.44083706,0.563203,0.6203842,0.6516257,0.57010365,0.74056137,0.694359,0.755195
572,0.6741888,0.630834,0.63981307,0.7486561,0.77094096,0.63218313,0.90098804,0.88259524,0.8848303
573,0.7308041,0.5898112,0.6784054,0.7944106,0.7524147,0.69588506,0.854929,0.8281133,0.82962185
574,0.907699,0.72785544,0.93815285,0.7571048,0.72098505,0.7593024,0.8511259,0.8172564,0.84373575
575,0.72314155,0.59201837,0.7460556,0.665156,0.77346593,0.5398653,0.83914965,0.8615993,0.7997248
576,0.7510793,0.64140576,0.7563229,0.66726035,0.64090365,0.6106774,0.8378454,0.7538234,0.83718127
577,0.6431362,0.54651123,0.62708205,0.6936627,0.70006096,0.63209695,0.80388653,0.79954666,0.7906271
578,0.60326374,0.5360522,0.6417984,0.6783474,0.80836767,0.591576,0.8648726,0.8005914,0.89029473
579,0.73829347,0.61318415,0.72626287,0.8152055,0.826805,0.73966825,0.9506968,0.89881784,0.974932
580,0.660714,0.5742877,0.66615653,0.7247347,0.70541406,0.61703575,0.9158465,0.83297205,0.90499055
581,0.65617114,0.6933356,0.69999814,0.7711757,0.8524276,0.6723627,0.9431558,0.85077775,0.92734015
582,0.698793,0.6843886,0.6961328,0.829456,0.8745043,0.72693145,1.0035266,0.9782605,0.99098253
583,0.76310414,0.74189794,0.74323916,1.0194963,1.0912501,0.8541989,1.2702173,1.2229528,1.2151483
584,0.77895474,0.6482498,0.76569545,0.9149011,0.9557992,0.7681384,1.1282659,1.1580639,1.0925002
585,0.7773215,0.78614455,0.7130225,0.846484,0.9035251,0.78245276,0.98278874,0.95700383,1.0178857
586,0.65079975,0.5752581,0.6687514,0.7899215,0.7616246,0.70373344,0.97489387,0.88515824,0.9603016
587,0.7020499,0.6305777,0.6885416,0.8124314,0.8926498,0.65919656,0.97695965,1.015459,0.93054616
588,0.6109445,0.51033926,0.6397387,0.7211209,0.7083143,0.7244426,0.8314695,0.786305,0.8251634
589,0.7312878,0.6260006,0.75008696,0.8753214,0.89911705,0.7894036,1.0715576,1.039267,1.0310721
590,0.8789158,0.6909911,0.86354613,0.938549,0.9224982,0.7908205,1.0950918,0.97939664,1.0674857
591,0.8498275,0.7364603,0.84653497,0.90120304,0.9412073,0.81624013,1.180447,1.0623306,1.1179583
592,0.7268648,0.7526827,0.7450267,0.8581654,0.8692227,0.73106414,1.0031673,0.9500485,0.9787733
593,0.62954617,0.576531,0.6557001,0.7875177,0.74789673,0.6930821,0.87745786,0.7764145,0.85795736
594,0.67777836,0.7633889,0.6387024,0.7712055,0.8632703,0.62294585,0.8968557,0.90812767,0.86328346
595,0.655617,0.5636159,0.6927975,0.7926134,0.7733533,0.71754533,0.96998924,0.89833003,0.9636641
596,0.92273,0.7308674,0.9326078,0.8529003,0.853212,0.7362586,1.003242,0.91193205,0.94765496
597,0.8450282,0.81753904,0.88594574,0.79342324,0.8256275,0.7153195,0.9659572,1.0225549,0.9169138
598,0.82238895,0.6812692,0.8384996,0.81936085,1.001044,0.7028192,1.0480825,1.1461812,0.980435
599,0.7992786,0.6231173,0.8305586,0.83783257,0.887129,0.7502858,1.0098469,1.0049735,0.99527425
600,0.69587857,0.6214939,0.7331432,0.6989889,0.68670845,0.62821716,0.907809,0.8381062,0.8939072
601,0.6960914,0.6213092,0.7023141,0.69564813,0.70490706,0.63552517,0.86573535,0.8431511,0.8658042
602,0.5896562,0.5462814,0.61625916,0.66920334,0.72847503,0.60356176,0.89030665,0.8850998,0.8900526
603,0.6384879,0.51588106,0.7038627,0.7500564,0.7531279,0.6876303,0.9184898,0.82312936,0.92905974
604,0.67808294,0.56983846,0.6990244,0.7196802,0.7715201,0.66116583,0.9254051,0.90776205,0.89764833
605,0.65461814,0.5211228,0.6983049,0.79857564,0.9488892,0.69481355,1.024039,1.0403086,0.96235
606,0.69453543,0.587322,0.73108786,0.83608145,0.9076146,0.74000466,1.0436243,1.0550382,1.0276253
607,0.67584306,0.6827955,0.6986794,0.74852544,0.7699099,0.70081484,0.87958544,0.8738605,0.8978013
608,0.6340298,0.520018,0.68482685,0.8025179,0.85976183,0.729569,0.9979467,0.9720241,0.9910898
609,0.608589,0.52774686,0.6255026,0.78669965,0.81329966,0.6658141,0.9999288,0.9574844,0.95726997
610,0.5236858,0.43901482,0.53148574,0.72352403,0.74085015,0.6862407,0.830653,0.81670696,0.81875545
611,0.74886125,0.65561825,0.76314986,0.8921686,0.87166685,0.80382884,0.8128616,0.7649409,0.80096835
612,0.7682862,0.632345,0.7440597,0.75279,0.7831605,0.654639,0.89489883,0.8503424,0.8341312
613,0.8333796,0.7567119,0.8460244,0.94598395,0.9437469,0.816143,1.1902978,1.105422,1.101213
614,0.60789907,0.541182,0.63486916,0.74902433,0.81482035,0.6578715,0.8914769,0.83762074,0.90487474
615,0.5640203,0.5021038,0.63278455,0.6893823,0.7950276,0.58397454,0.8778618,0.89930403,0.8582702
616,0.57668734,0.55419666,0.5716041,0.629158,0.66305214,0.5509812,0.7805715,0.75452954,0.759233
617,0.68092895,0.5742335,0.669562,0.8700736,1.0346283,0.71899724,1.0442702,1.1210763,0.98156464
618,0.58728504,0.5563294,0.607721,0.85059184,1.0077045,0.7024087,1.0755552,1.1216317,1.0146295
619,0.60385466,0.6671645,0.63203496,0.9322112,1.1629938,0.7475316,1.1696209,1.3237773,1.1021754
620,0.665632,0.6253923,0.7418642,0.87784994,0.9218818,0.7678759,1.1530043,1.1721448,1.1341954
621,0.5803251,0.5526208,0.5961503,0.8049241,0.83527505,0.6884752,1.0392765,1.0104239,0.9904964
622,0.6412415,0.63037324,0.6866218,0.8052862,0.88682055,0.70147794,1.0371757,1.0957681,1.0453151
623,0.6801619,0.5958011,0.70620346,0.7892073,0.8261578,0.6691762,1.0043067,1.0277002,0.93051386
624,0.5877206,0.51644444,0.6248628,0.7517956,0.8529523,0.6249189,0.94849706,0.951614,0.8758191
625,0.48899886,0.44665986,0.5315936,0.735227,0.79424405,0.60859233,0.9230558,0.9197648,0.8470609
626,0.5578648,0.51124775,0.5830346,0.7132171,0.7445232,0.60300785,0.9046406,0.879717,0.88351595
627,0.5367074,0.60066986,0.5634474,0.7033582,0.8230742,0.59348625,0.9451579,0.9244046,0.90255815
628,0.48205277,0.45262182,0.5148716,0.64368755,0.6730162,0.5617674,0.8571626,0.8441747,0.8398059
629,0.47620493,0.5124994,0.491533,0.69112325,0.76225674,0.60474163,0.8681966,0.849118,0.86478704
630,0.5270484,0.47513324,0.5937732,0.8384938,0.927392,0.7307788,1.0121318,1.0177921,0.9990529
631,0.45347205,0.48900613,0.5006878,0.7283456,0.787886,0.62499315,0.9034474,0.9002775,0.8898676
632,0.46401134,0.43833,0.49153656,0.7070063,0.8310706,0.6235401,0.8526439,0.9395629,0.8173668
633,0.7476101,0.6258749,0.77872974,0.9020975,1.0399356,0.7591604,1.0637888,1.1729299,0.9529049
634,0.62418914,0.578048,0.66127855,0.87837076,1.0074565,0.69260937,1.140096,1.1867527,1.0149581
635,0.638549,0.57029176,0.6719692,0.830955,0.8894582,0.6957533,1.0608532,1.0775197,0.9971998
636,0.5516026,0.47355878,0.56788135,0.7766771,0.87478584,0.6474466,0.99578667,1.03606,0.94501454
637,0.57345206,0.5611193,0.60517114,0.74076754,0.8515274,0.6469897,1.0008919,1.0184959,0.96802324
638,0.6394264,0.60303897,0.6164206,0.8196877,1.0010988,0.6514752,1.078807,1.1566772,1.0048059
639,0.61046916,0.6167399,0.6260659,0.9756951,1.183122,0.7838891,1.2303329,1.3899845,1.1153381
640,0.68479645,0.59490716,0.7163041,0.9420608,1.0405511,0.8034998,1.1999713,1.2010498,1.1444885
641,0.7210024,0.6465697,0.72234076,0.90461963,0.986971,0.7410878,1.1243764,1.1224054,1.0493776
642,0.7373198,0.6525437,0.77557147,1.0997114,1.2083757,0.896586,1.3627765,1.3527652,1.27847
643,0.6023833,0.5244412,0.63854617,0.9157534,1.0893308,0.7537952,1.1838701,1.2160884,1.1392971
644,0.52794415,0.53096473,0.5607416,0.8256559,1.0299641,0.69124913,1.0641617,1.1414508,1.0337187
645,0.58105475,0.6078484,0.59700906,0.8514298,0.9496641,0.70984095,1.0604215,1.031045,1.0236008
646,0.53891385,0.6014579,0.54999924,0.9567002,1.139049,0.7331815,1.2136004,1.2670531,1.0806147
647,0.6305464,0.70630884,0.62877274,1.0243062,1.1308699,0.81085247,1.2729397,1.2899514,1.1991855
648,0.5062366,0.6185647,0.5137418,0.82008445,0.9928557,0.6980534,1.0301632,1.0581971,1.019996
649,0.46048078,0.45277804,0.4868697,0.7241919,0.72726774,0.6305996,0.9139011,0.83001626,0.92780083
650,0.59531075,0.60138625,0.56955713,0.7663941,0.93246174,0.66734934,0.9170132,0.8570614,0.9268899
651,0.5946828,0.6988241,0.5838535,0.817322,0.9545302,0.6669838,0.95191646,0.95049363,0.9324449
652,0.7817358,0.7391507,0.74919534,0.85831016,0.9727045,0.687602,1.010325,1.0298218,0.94577396
653,0.55104357,0.49492913,0.5844571,0.69198155,0.75891185,0.60019714,0.9051542,0.8893385,0.886377
654,0.5447035,0.5234023,0.5824261,0.7779696,0.8294246,0.63910455,1.0247,0.9944295,0.96787995
655,0.68428487,0.665177,0.66607904,0.7630243,0.909765,0.64836794,0.9709957,0.983629,0.89889073
656,0.47550514,0.38592726,0.527835,0.66952163,0.76883554,0.57590926,0.85885626,0.94474804,0.8528306
657,0.60654503,0.5446291,0.62862283,0.7877362,0.8017059,0.6811576,1.0136672,0.92594033,0.9797175
658,0.5795822,0.5977835,0.5814544,0.73949134,0.7734305,0.65869355,0.85510826,0.8073777,0.8554066
659,0.4989953,0.41255984,0.5254375,0.6638556,0.69281286,0.5596065,0.8430259,0.8148147,0.80496365
660,0.48899338,0.62373376,0.49712873,0.6725392,0.78404444,0.54691577,0.860907,0.89181125,0.81369865
661,0.5217879,0.4190401,0.56577426,0.74835116,0.77791804,0.6434627,0.93554133,0.91827667,0.9005693
662,0.45470253,0.41476053,0.47817576,0.6118253,0.584632,0.4999977,0.80160934,0.6882464,0.74203074
663,0.4813479,0.43169513,0.5004743,0.6881351,0.7670641,0.5676377,0.89675105,0.9095678,0.84669656
664,0.5265732,0.4454026,0.53580326,0.8812636,1.0918741,0.67744607,1.1063056,1.2747424,1.0047114
665,0.45797184,0.40042064,0.49369594,0.7782153,0.8339958,0.6627238,0.947449,0.9455858,0.9066094
666,0.43821946,0.42453548,0.4632323,0.82128066,0.896913,0.6929439,1.0200491,1.0317869,0.9866224
667,0.5337517,0.5229569,0.55590147,0.86264664,0.9749341,0.7167031,1.100277,1.0774633,1.054335
668,0.46949822,0.43084338,0.46934462,0.7389207,0.87893695,0.6010264,0.9416547,0.9329505,0.88652337
669,0.40642437,0.37796327,0.43962318,0.65573025,0.6914529,0.5868465,0.8453934,0.84871566,0.82077986
670,0.40122393,0.36061412,0.42174587,0.71752876,0.7968573,0.58856696,0.88589656,0.87297195,0.84743375
671,0.42423582,0.44834965,0.4181044,0.70920557,0.75971776,0.62493783,0.88159615,0.8481702,0.8834816
672,0.624927,0.4811237,0.62812203,0.77176595,0.81222373,0.6434808,0.98850787,1.002877,0.92995167
673,0.62344617,0.47629613,0.644585,0.78517854,0.8279014,0.62509644,0.98298705,0.9184222,0.9009662
674,0.6531543,0.6042106,0.66041136,0.84420276,0.99636024,0.7077501,1.1078141,1.1306384,1.0342904
675,0.64558417,0.57467955,0.63934356,0.77778983,0.80304044,0.6561686,1.0166495,0.9424317,0.9731176
676,0.55539685,0.49803615,0.58683485,0.72107404,0.7179874,0.62406665,0.96088713,0.8278594,0.9409361
677,0.49094748,0.41667935,0.49948525,0.6041053,0.7363974,0.5237638,0.7941029,0.8278797,0.80070424
678,0.487361,0.42334893,0.5251449,0.7261267,0.7945217,0.6322358,0.9696672,0.98565036,0.9809827
679,0.530809,0.4152388,0.60492396,0.91753167,0.9224883,0.77229977,1.197399,1.1090322,1.1853038
680,0.5165904,0.52023274,0.5534093,0.7755571,0.857635,0.6891505,1.0276324,1.0678687,1.0114077
681,0.6226457,0.5143903,0.6806199,0.91298985,0.9758324,0.7875041,1.1743593,1.1523976,1.1731294
682,0.4970658,0.39214307,0.54523355,0.66850185,0.721831,0.6163926,0.887386,0.8673832,0.8974142
683,0.7197331,0.6913009,0.778051,1.1089046,1.1857886,0.9799381,1.4412768,1.4470713,1.4633265
684,0.5839498,0.45820558,0.65174323,0.7371452,0.82375544,0.65536916,0.9649574,1.0035757,0.9988491
685,0.78294575,0.8069028,0.8010857,0.8386324,0.94360024,0.738566,1.12737,1.1299462,1.1410079
686,0.74423885,0.57407635,0.80611235,0.8095013,0.8434266,0.7065498,1.0927985,1.065032,1.1030926
687,0.5981003,0.5103246,0.6476353,0.75318706,0.77783877,0.61037403,0.9492404,0.919108,0.89361787
688,0.5305034,0.44993812,0.5719898,0.58120805,0.5862905,0.5042387,0.73559064,0.6768478,0.7464175
689,0.43023112,0.4552291,0.46393043,0.5514753,0.57446164,0.4666749,0.7190187,0.6789659,0.7237491
690,0.3960969,0.35280183,0.42787686,0.4958689,0.5683262,0.43548664,0.64815235,0.6638353,0.65017664
691,0.41743693,0.42516613,0.4757247,0.599967,0.6603667,0.49887532,0.7715681,0.7985864,0.74573714
692,0.41055033,0.33520293,0.4452283,0.47340715,0.46971607,0.427381,0.61956525,0.5500132,0.62165457
693,0.5990555,0.49201238,0.6312904,0.61795896,0.67941946,0.5355782,0.8193686,0.8214603,0.7902828
694,0.59010327,0.54743934,0.6101036,0.60830057,0.7072954,0.498515,0.7998338,0.8401738,0.74734664
695,0.53717184,0.4295625,0.53163964,0.53560436,0.63405424,0.46064666,0.7340638,0.785042,0.714442
696,0.4533323,0.37611264,0.4815436,0.59165984,0.65920264,0.48150015,0.7993921,0.82383907,0.7462383
697,0.4769043,0.40001044,0.5049968,0.5922896,0.6426615,0.4913618,0.80408263,0.79566133,0.7651779
698,0.47195464,0.41465408,0.47980833,0.57247514,0.6780359,0.4588021,0.79757583,0.8735826,0.7350727
699,0.5080524,0.54637986,0.5325757,0.6546518,0.78509295,0.56064135,0.83387285,0.9057816,0.7909245
700,0.4593317,0.36110413,0.49883693,0.67143506,0.7955359,0.5645959,0.8633276,0.92879516,0.8405844
701,0.5132457,0.42010266,0.51698565,0.62667465,0.7535121,0.5025754,0.8206206,0.88398904,0.76213956
702,0.38774467,0.32395747,0.43036005,0.632955,0.77279705,0.5167391,0.83316666,0.90941036,0.805141
703,0.4562451,0.4426607,0.5069176,0.6535105,0.65116847,0.5559546,0.8600854,0.76194376,0.86649686
704,0.42152426,0.33925465,0.44425753,0.59685946,0.71144634,0.48794326,0.78522086,0.8388118,0.7334531
705,0.39466563,0.3336712,0.4324188,0.60258377,0.6272841,0.50088847,0.77954566,0.7509682,0.76317894
706,0.34880668,0.26861143,0.40929767,0.57851166,0.6739939,0.48565236,0.7748511,0.8065459,0.76718676
707,0.37182266,0.30788422,0.42709935,0.63523173,0.7235055,0.52887744,0.8107351,0.85456914,0.7848519
708,0.38259682,0.3538682,0.41590253,0.6066748,0.7245835,0.5141772,0.7425841,0.77513796,0.7496678
709,0.41215855,0.35241258,0.4402856,0.5096846,0.5166915,0.46403486,0.634076,0.60348034,0.6622285
710,0.48309985,0.38790265,0.5254934,0.64760953,0.6501552,0.5785115,0.8432885,0.78740865,0.8602718
711,0.415657,0.36710814,0.45654625,0.60745245,0.65704024,0.517457,0.7886308,0.78276485,0.77909553
712,0.39612162,0.40967274,0.4697607,0.6027684,0.6368783,0.5195379,0.7939616,0.7661647,0.77329355
713,0.5075361,0.3967802,0.5209614,0.5134377,0.575557,0.44841182,0.6568714,0.6707278,0.65376186
714,0.48186332,0.44052157,0.49768382,0.516987,0.530688,0.42821187,0.6812897,0.61662555,0.6619378
715,0.45716205,0.42718396,0.47325638,0.54429257,0.62508565,0.4499015,0.69616777,0.73622507,0.68728536
716,0.48426527,0.47782725,0.5071373,0.66490245,0.84286547,0.5581754,0.87695855,0.99192923,0.8451303
717,0.4677062,0.40819907,0.5005225,0.59419614,0.64909786,0.5131546,0.80495507,0.80653816,0.7852416
718,0.46394572,0.4046038,0.47862092,0.627066,0.7936377,0.5017844,0.8294029,0.95728004,0.7548236
719,0.42797768,0.3464489,0.467505,0.66443115,0.7272085,0.5452729,0.8562918,0.8853454,0.8008098
720,0.44953,0.40525484,0.45398554,0.58849,0.63779366,0.48025975,0.78075516,0.77884156,0.7422889
721,0.42122278,0.36278751,0.45836473,0.6431421,0.68410677,0.52644116,0.8588191,0.8222958,0.81400555
722,0.3777411,0.39571515,0.41655672,0.5763277,0.68962824,0.48596576,0.7610383,0.8331814,0.73593724
723,0.43865502,0.3745659,0.4654427,0.59406185,0.75601953,0.49184003,0.7962114,0.91463333,0.7746021
724,0.48963052,0.41858655,0.5198678,0.6895395,0.80046314,0.5701241,0.9074638,0.9682071,0.87902534
725,0.45203212,0.4595929,0.49348032,0.60333693,0.6499538,0.52239585,0.80552405,0.74489355,0.80714434
726,0.4103637,0.41162768,0.43367484,0.5459168,0.5747937,0.47045735,0.7318953,0.71013176,0.7402294
727,0.4103795,0.37094158,0.438241,0.60735464,0.65632796,0.5196528,0.7832373,0.7801679,0.7683624
728,0.47012308,0.45724553,0.4430637,0.5625015,0.72181845,0.4772158,0.697549,0.6960521,0.6622571
729,0.32915533,0.3135759,0.35717982,0.61642236,0.8067869,0.49344835,0.79615486,0.9700259,0.7553056
730,0.34655493,0.36344004,0.38627943,0.649764,0.84863085,0.51899034,0.8541185,0.99213845,0.7895549
731,0.36317924,0.33203316,0.3774408,0.561361,0.62379557,0.4491881,0.7190062,0.7332465,0.6694434
732,0.338964,0.31344703,0.3539078,0.4171984,0.46282864,0.3719909,0.5005673,0.5295365,0.47073615
733,0.3518269,0.33397457,0.37244323,0.5747991,0.5864857,0.47407234,0.7372022,0.674566,0.6839778
734,0.4313526,0.42254338,0.4239324,0.5962749,0.7257064,0.473024,0.8006084,0.8981245,0.7190275
735,0.457303,0.3527575,0.48127523,0.6273622,0.72753674,0.50561595,0.8324226,0.8841855,0.7662079
736,0.5299913,0.52224135,0.4997415,0.67060065,0.6667369,0.5263524,0.9037452,0.87092173,0.80267006
737,0.4275881,0.36195529,0.45310163,0.6726705,0.85309,0.530996,0.8960625,1.0768617,0.83619267
738,0.47203842,0.39811715,0.5403028,0.87788093,0.95851666,0.7295428,1.1679085,1.1617869,1.1327059
739,0.43925354,0.40120065,0.48274842,0.7145517,0.74091226,0.6229511,0.98227865,0.91829437,0.9896207
740,0.42859504,0.3665664,0.4488387,0.5879949,0.7097023,0.48746052,0.7785363,0.88311195,0.7720327
741,0.46650836,0.41646963,0.50968826,0.7178748,0.7626378,0.62668544,0.9716959,0.91090333,0.98326486
742,0.44508246,0.32908627,0.5008644,0.77876306,0.8889147,0.6337511,1.0436808,1.0946571,1.0056915
743,0.3754773,0.2730726,0.44332218,0.72055054,0.8682563,0.57923967,0.97731924,1.0510122,0.92196494
744,0.39189208,0.34084448,0.44449064,0.6962928,0.7616978,0.5630226,0.91851914,0.9266944,0.8942137
745,0.37832692,0.30322963,0.43894663,0.6808222,0.78838193,0.56638217,0.9296545,0.9724389,0.90915424
746,0.4095948,0.33186373,0.43061626,0.66386443,0.75086063,0.5398508,0.8849411,0.8911501,0.85707045
747,0.4301339,0.32572752,0.46084967,0.7357991,0.8191081,0.59577376,0.97628,0.9978612,0.92616767
748,0.4244166,0.43930975,0.47223592,0.67782897,0.87266505,0.5560899,0.89627725,1.0590651,0.86400735
749,0.38060448,0.30938253,0.41449353,0.59022516,0.5821726,0.499776,0.79049855,0.7364834,0.771991
750,0.35486382,0.34392017,0.39371938,0.6210483,0.7167438,0.5039883,0.8269906,0.8691062,0.7984385
751,0.34034738,0.32194045,0.39477122,0.6386914,0.7172048,0.550952,0.84969467,0.86699456,0.86282134
752,0.331054,0.28683594,0.41618058,0.6497468,0.75125116,0.55756456,0.85238457,0.89542127,0.8745649
753,0.38453522,0.31389278,0.45987502,0.685471,0.74814016,0.5979822,0.9111578,0.91132087,0.938797
754,0.35004154,0.2836847,0.4096014,0.6255609,0.7368378,0.55695796,0.81631666,0.8740645,0.8493036
755,0.3734763,0.34829557,0.4301923,0.62991476,0.7065357,0.5517785,0.8407993,0.83829546,0.868924
756,0.3614362,0.31054685,0.39560938,0.6624491,0.75080884,0.5444058,0.8618387,0.8621789,0.8423782
757,0.54692215,0.41587374,0.621524,0.7586071,0.8418701,0.6245909,0.9923995,1.0075353,0.9525935
758,0.5178328,0.4381652,0.56881833,0.7690074,0.91569954,0.65343535,1.0021325,1.0895072,0.98304725
759,0.42368323,0.34616792,0.48984364,0.673212,0.70848185,0.60855454,0.8982112,0.86609834,0.9138665
760,0.38434264,0.30138803,0.42422187,0.64337534,0.71700275,0.50920504,0.87239873,0.88943785,0.8081129
761,0.41185176,0.35401103,0.4784478,0.7758069,0.9573813,0.6302895,1.0192534,1.116336,0.98158646
762,0.43699124,0.33747745,0.46876016,0.6642391,0.75701725,0.57198215,0.8914342,0.92077196,0.8804398
763,0.3838193,0.3420363,0.4226523,0.61338,0.7101709,0.52199966,0.79754955,0.82058376,0.8027124
764,0.4970735,0.45649043,0.55437016,1.0618937,1.1904199,0.85867435,1.3623614,1.389515,1.2903463
765,0.47105616,0.36410838,0.5226246,0.8133194,0.8207186,0.7146073,1.0789566,1.0153227,1.1073083
766,0.43769854,0.4181722,0.47917596,0.85940444,1.0222999,0.6931124,1.1430194,1.2238965,1.0883844
767,0.3978948,0.327438,0.4548311,0.8269549,0.94641715,0.6546601,1.0632626,1.1284215,0.98913854
768,0.35073787,0.35420647,0.39776564,0.630521,0.7746212,0.5341854,0.831252,0.9216502,0.8235439
769,0.32794133,0.2564665,0.38394243,0.6593384,0.805428,0.5324013,0.865683,0.94586414,0.81531835
770,0.3576925,0.27946028,0.41635406,0.6779135,0.7443566,0.56856066,0.89066607,0.8803745,0.883074
771,0.36543384,0.32848912,0.4137431,0.69424343,0.8332576,0.5821549,0.91890705,0.96165484,0.9010188
772,0.48868942,0.50604665,0.55488807,1.0293738,1.1242009,0.84642994,1.3413701,1.3005085,1.2858828
773,0.5142729,0.42352277,0.60515696,0.9421391,1.0790168,0.8126711,1.2366647,1.273418,1.2473563
774,0.50983864,0.4337568,0.55118644,0.7946896,0.89562815,0.6691857,1.0444543,1.1008006,1.0160688
775,0.3753919,0.37282974,0.44831675,0.7044536,0.760856,0.6183528,0.919733,0.88169146,0.92543894
776,0.404368,0.30395722,0.46664214,0.77514935,0.9526854,0.6578261,1.0225341,1.1204476,1.0013094
777,0.70378816,0.62156284,0.7768346,0.8697637,0.95442015,0.7903254,1.0797176,1.0958242,1.1193366
778,2.2379265,2.0838153,2.2236855,1.9365225,1.9504094,1.7815893,2.0322843,1.9396529,2.0533214
779,0.9117922,0.8403976,0.9178612,0.9094986,0.958788,0.82795584,1.199524,1.18058,1.2355088
780,0.7615509,0.866155,0.70180035,0.8992405,1.0403023,0.72351015,1.0597811,1.165197,1.0516015
781,0.75907207,0.634648,0.8219846,0.97058815,1.0157316,0.83197474,1.2293509,1.2214423,1.2040324
782,0.6729679,0.6555773,0.6886895,0.7783337,0.83393437,0.6976884,1.0287255,1.0525322,1.043099
783,0.81350124,0.64652747,0.86012435,0.98280764,1.1161933,0.82971764,1.2426019,1.3166074,1.2021166
784,0.9351532,0.7474318,1.0255961,1.2329093,1.3682324,1.0486426,1.5048639,1.5978798,1.4771135
785,0.9850539,0.77765113,1.0800837,1.1869425,1.282743,1.0618984,1.4643036,1.508477,1.5186664
786,1.0149721,0.92206895,1.1520475,1.3606826,1.5522901,1.2310302,1.7190343,1.8062048,1.7634219
787,1.2738068,1.2822409,1.3439043,1.5565509,1.8407916,1.3446937,1.8759305,2.0686626,1.8659195
788,1.6377249,1.4915704,1.5887802,1.585565,1.6146947,1.4296445,1.9284043,1.8902944,1.9506387
789,1.5513783,1.2756243,1.5769186,1.3580484,1.2685789,1.2879844,1.6438328,1.6010544,1.7032102
790,1.9516736,1.8241266,1.8972795,1.8226005,1.9276788,1.6093436,2.2399895,2.2949114,2.2098207
791,1.212548,0.92980707,1.3487709,1.1586108,1.1429632,1.0843991,1.3913952,1.3138616,1.4870135
792,1.1482786,1.009038,1.247239,0.9987317,1.0834919,0.95620054,1.2026641,1.1923218,1.3427191
793,1.2241272,1.2340943,1.1841934,0.91054183,1.0441788,0.7865572,1.098215,1.1342986,1.1127315
794,1.34088,1.2356274,1.3575261,1.1732033,1.2900399,1.0665618,1.4817115,1.5023832,1.5341252
795,0.8813078,0.71921873,0.9313092,0.77973133,0.73035675,0.69951487,1.0299389,0.90553826,1.0427897
796,1.1940911,0.9452622,1.2107182,1.0168964,0.9895036,0.8962661,1.3049905,1.1144282,1.3153071
797,0.91132677,0.7903562,0.93229866,0.8470353,0.9527839,0.73977,1.0894878,1.1089487,1.1081252
798,1.0750933,1.0952991,1.0518211,0.97392005,1.0007296,0.87162554,1.1756841,1.2003535,1.2214209
799,1.141766,1.0483847,1.2129301,0.76111346,0.7118399,0.7131856,0.9408565,0.8040002,0.999556
800,0.96188504,0.8547006,0.95040536,0.6347625,0.6312986,0.57702696,0.7915155,0.7055723,0.8144111
801,0.9222252,0.90690947,0.8852523,0.8489025,1.0106891,0.71199065,1.0605098,1.1699442,1.0354736
802,1.0055689,1.0463032,0.91207933,0.64423543,0.7014069,0.5578891,0.86641157,0.88989455,0.8565195
803,0.7984005,0.80348897,0.76215494,0.54510933,0.5353904,0.48161033,0.7313267,0.63114,0.7536467
804,0.76225567,0.73564446,0.73739696,0.4576463,0.5114164,0.3913971,0.6398581,0.61253124,0.6267903
805,0.99210566,1.0856332,0.89750034,0.6648121,0.7945448,0.5437752,0.92644006,0.9970246,0.8754753
806,0.85455096,0.8940705,0.79265505,0.5048322,0.44046995,0.45317945,0.7205747,0.59130794,0.747782
807,0.7876948,0.8282607,0.7141429,0.5609718,0.6827319,0.4752852,0.7443158,0.8160489,0.73451513
808,0.6847473,0.6173701,0.6271892,0.5560208,0.59378415,0.47609732,0.7025129,0.69877934,0.6994393
809,0.8479526,0.7135058,0.7880034,0.54448307,0.5903756,0.4771587,0.71219975,0.684885,0.71971744
810,0.73097134,0.6974316,0.6684959,0.5264485,0.58668846,0.42027467,0.6882907,0.6817802,0.6500911
811,1.3517017,1.3402025,1.2195319,0.9414053,1.007083,0.76791364,1.194229,1.2065781,1.1384622
812,0.88247365,0.84877616,0.83134913,0.59466624,0.59257823,0.5032462,0.79493356,0.7260662,0.80615
813,0.80437803,0.800221,0.7206624,0.4838325,0.49330366,0.427208,0.68516076,0.59708315,0.70059264
814,0.65783995,0.57853407,0.6492062,0.4516982,0.5117177,0.42149547,0.63602436,0.62838626,0.6556062
815,0.67669195,0.62006974,0.6393407,0.4245553,0.45573184,0.37753648,0.5271639,0.5482145,0.55622154
816,0.6949213,0.6334897,0.6514626,0.49617654,0.58897245,0.4117082,0.6390288,0.6943462,0.6108961
817,0.75442266,0.5779011,0.7421966,0.5563737,0.62228054,0.46014586,0.72923493,0.74779135,0.7009182
818,0.6989847,0.57719344,0.6557308,0.5327406,0.5658386,0.42497054,0.6850867,0.6683165,0.62648445
819,0.74711317,0.67302233,0.69012415,0.52792585,0.55132365,0.44657627,0.7291264,0.685065,0.6919379
820,0.7418826,0.61590856,0.77420473,0.48617572,0.48316565,0.41963714,0.6673269,0.6123361,0.655447
821,0.9175168,0.842452,0.86641574,0.6328482,0.647533,0.53356063,0.8573133,0.83928967,0.8102681
822,0.7521863,0.6960849,0.71383035,0.53925747,0.5829085,0.47305474,0.7364422,0.72934586,0.7412093
823,0.678902,0.6428346,0.6842467,0.5526386,0.6530046,0.45304877,0.7237124,0.77903414,0.6988414
824,0.5601594,0.5091667,0.5808815,0.5050785,0.5491195,0.43072632,0.6906969,0.6479685,0.68550473
825,0.6217827,0.54060566,0.6296996,0.5415225,0.55505556,0.47482768,0.7343507,0.6805545,0.7531231
826,0.59065986,0.573624,0.5649413,0.5887322,0.66114014,0.46288696,0.7824827,0.80842584,0.7429222
827,0.48291686,0.4860876,0.49287477,0.49547496,0.5558479,0.40102732,0.6701723,0.65624636,0.6408976
828,0.5408932,0.49065337,0.5340613,0.59348494,0.7741913,0.45870355,0.77787054,0.9293566,0.70471203
829,0.46408784,0.41709954,0.47811583,0.50650626,0.57062155,0.41443852,0.6743669,0.6707838,0.6445029
830,0.5067244,0.50387293,0.53459394,0.53340244,0.6488247,0.45000082,0.7287243,0.7816627,0.71332675
831,0.5000033,0.49028596,0.47689155,0.4540336,0.5225589,0.38194367,0.61450934,0.5965812,0.6055006
832,0.5127556,0.5101683,0.48164326,0.51702416,0.5875523,0.397732,0.7310111,0.7732642,0.6561036
833,0.5994766,0.6031086,0.55324996,0.48909068,0.57466036,0.41095287,0.6796921,0.7157598,0.6774998
834,0.50683355,0.45418686,0.4883612,0.51178294,0.5554702,0.39835206,0.7154585,0.6864097,0.66371137
835,0.5141111,0.505809,0.48457015,0.4358409,0.47740725,0.36329174,0.6054675,0.59067523,0.58985513
836,0.54511243,0.47920462,0.5091621,0.53879255,0.58102953,0.41818273,0.70633304,0.69874364,0.64880687
837,0.9231867,0.772275,0.9064028,0.6889207,0.7190992,0.5623814,0.92493874,0.8906304,0.85827464
838,0.6912011,0.8680281,0.6242959,0.53866285,0.70565975,0.41443196,0.72474366,0.7767112,0.68630356
839,0.6982633,0.78477407,0.6467907,0.5205529,0.55896,0.4119549,0.6977565,0.66095126,0.63726765
840,0.60451025,0.49398524,0.57288843,0.5759771,0.6133444,0.46195596,0.7902269,0.7593749,0.7541833
841,0.49311557,0.49583805,0.4691049,0.4745985,0.48013222,0.38752246,0.67240196,0.60765094,0.64359754
842,0.5129406,0.51464117,0.5087133,0.568378,0.6216263,0.45038998,0.78010136,0.7528448,0.73642665
843,0.48003522,0.45152804,0.4612082,0.42987442,0.4977568,0.38833052,0.61189884,0.66527086,0.6297204
844,0.43914735,0.38505632,0.45358035,0.5097933,0.4345128,0.42678732,0.6934317,0.5353894,0.689266
845,0.44627145,0.33010292,0.44453305,0.50852215,0.47954234,0.44619277,0.6907766,0.5707086,0.7135292
846,0.47187585,0.47519726,0.4432451,0.56516546,0.62215286,0.4681175,0.786039,0.8036084,0.7608262
847,0.4805389,0.44132,0.49230915,0.6126189,0.7281553,0.5002622,0.79024726,0.8281976,0.76503974
848,0.47210956,0.4657767,0.461371,0.61105585,0.6835777,0.49654645,0.8206743,0.8041206,0.8062434
849,0.4393386,0.4035861,0.44595173,0.5648211,0.72999316,0.46650356,0.7599011,0.87057096,0.7452262
850,0.35183096,0.36057797,0.35490286,0.52504057,0.6042608,0.42583627,0.6751541,0.698332,0.66085464
851,0.34388122,0.34559128,0.36397517,0.51707804,0.53022766,0.44484258,0.7057801,0.64749944,0.71932006
852,0.42069185,0.4647077,0.43506125,0.7462029,0.95533425,0.5701567,0.9729253,1.1078036,0.8904018
853,0.4454824,0.41781673,0.45152962,0.884994,1.1445318,0.69320625,1.1141329,1.3210572,1.0260122
854,0.39407608,0.32978186,0.41724747,0.8035435,0.8750549,0.64910233,1.0572298,1.0409687,0.9721922
855,0.36239767,0.32972404,0.39552093,0.6368186,0.6687862,0.510499,0.82632256,0.7998268,0.7899471
856,0.38262367,0.3687194,0.41315502,0.62552345,0.7157107,0.51847726,0.83194214,0.863714,0.80997515
857,0.34499013,0.29257277,0.3875994,0.66373336,0.65318584,0.5492548,0.8691149,0.7847555,0.8536594
858,0.3002306,0.29087982,0.3281604,0.43606868,0.42641363,0.38326475,0.57969975,0.5090003,0.59701467
859,0.5239881,0.46325338,0.55579823,0.6290129,0.8219835,0.49821436,0.84727824,0.9935008,0.76722896
860,0.61686933,0.6313169,0.5695118,0.5901503,0.725785,0.4579316,0.8090725,0.90019184,0.7590145
861,0.5058459,0.40316626,0.50587803,0.70295435,0.84965575,0.59044105,0.9356755,1.0256232,0.93074095
862,0.42639375,0.40501523,0.412196,0.60379064,0.6722674,0.4820754,0.8034937,0.7941761,0.75719416
863,0.41116822,0.45306,0.4176021,0.5751504,0.62560064,0.5024031,0.7575336,0.73585206,0.77222437
864,0.374123,0.29116437,0.387122,0.6132503,0.6808739,0.4794521,0.8197229,0.827091,0.74044776
865,0.47719538,0.39089495,0.505633,0.8049646,0.8890105,0.65339005,1.0689995,1.0777128,1.0129739
866,0.4073068,0.370711,0.43623817,0.6978951,0.77448076,0.5617185,0.9339639,0.9630199,0.8882609
867,0.5475065,0.47919503,0.5175232,0.86037356,1.0154417,0.6645622,1.1011401,1.1712879,1.0173247
868,0.59221214,0.480405,0.63686764,0.9862142,1.0050459,0.8721325,1.2678063,1.1605021,1.3124485
869,0.39321974,0.32470894,0.4144139,0.5984306,0.6859004,0.51338416,0.8268522,0.827346,0.8131612
870,0.37678325,0.3853144,0.41765234,0.58179104,0.62223226,0.5074175,0.7782131,0.7570055,0.79307586
871,0.53096765,0.56045085,0.48151034,0.589935,0.7638893,0.47950038,0.8093643,0.89566237,0.7692941
872,0.4920521,0.50725925,0.4623748,0.55140823,0.6339867,0.4605481,0.7526688,0.76850134,0.7409191
873,0.47713128,0.3765853,0.44319305,0.53006685,0.5464046,0.43166772,0.73555696,0.67940426,0.7115494
874,0.5113098,0.505897,0.4754668,0.6487092,0.6564302,0.5723495,0.8964467,0.8159371,0.88637644
875,0.37408358,0.2956294,0.41961342,0.5735241,0.576199,0.5029316,0.77460414,0.71631426,0.8017422
876,0.35184783,0.28395262,0.36455467,0.5684613,0.69400364,0.46279314,0.75950545,0.81677806,0.72458416
877,0.32897145,0.27459812,0.37639096,0.5722083,0.6018538,0.4826333,0.7617677,0.70794123,0.74579424
878,0.70650774,0.6353915,0.68605596,0.87756425,1.0649112,0.74403733,1.1234987,1.1937444,1.1115092
879,0.8898537,0.8361905,0.8954586,1.0975313,1.1996143,0.9731129,1.2962753,1.28906,1.3253945
880,1.060865,1.091163,0.88978547,1.2421422,1.603841,0.990958,1.5723096,1.8786165,1.4982044
881,0.7014901,0.57248807,0.72442997,1.0055141,1.1606319,0.91445196,1.3041533,1.3766787,1.3426098
882,0.88288444,0.7656504,0.8023076,1.1019626,1.3506705,0.9483591,1.3978329,1.6140575,1.4312327
883,1.1328176,1.0016114,1.1481895,1.3342879,1.6261148,1.186467,1.685393,1.8719504,1.7514439
884,0.7097486,0.5272721,0.7815935,0.8414395,0.8750987,0.76084614,1.1400496,1.0811704,1.1833806
885,0.6716529,0.54107296,0.7039244,0.893187,1.0860711,0.7198199,1.1983979,1.3077422,1.1245338
886,0.6783693,0.52336854,0.713906,0.73483187,0.8400558,0.64202666,1.0107175,1.0144904,1.0141454
887,0.61402905,0.47130665,0.6476527,0.6681509,0.679431,0.6181687,0.90624905,0.82773334,0.9684017
888,0.5987693,0.58961755,0.6354,0.6684406,0.7174193,0.59299743,0.9060026,0.91567975,0.9298881
889,0.45306343,0.41624528,0.52260387,0.57094467,0.63830334,0.5147892,0.7783754,0.76972586,0.82209843
890,0.40302983,0.3176029,0.4525339,0.543827,0.5543129,0.46227628,0.75023454,0.6745571,0.74998146
891,0.5362277,0.43562043,0.5492079,0.84736294,0.92751366,0.6728338,1.08892,1.089274,1.0139364
892,0.45267534,0.33963996,0.52654046,0.66197735,0.80366504,0.60576147,0.87814283,0.95407844,0.93528736
893,0.5800176,0.4386553,0.62159324,0.8067307,0.9449643,0.7012109,1.0725211,1.1378266,1.0784032
894,0.39661697,0.27955654,0.47967973,0.5200762,0.5541456,0.47691897,0.6917478,0.65070075,0.72250736
895,0.5486007,0.4911031,0.5842729,0.5773988,0.65502286,0.5201871,0.7807839,0.78394973,0.8245962
896,0.48441532,0.38153026,0.5347,0.5768507,0.6909937,0.5016447,0.7791472,0.8378063,0.7955727
897,0.4196653,0.30960128,0.46003872,0.50803334,0.5686199,0.43118903,0.6770271,0.66271675,0.6688627
898,0.62653995,0.4986746,0.64588237,0.47618183,0.45663035,0.4348386,0.64468133,0.5346258,0.7755218
899,0.6128181,0.69766873,0.5929976,0.5385092,0.5642173,0.45145822,0.67357427,0.58139956,0.71596926
900,0.5350272,0.45543477,0.55965275,0.5643248,0.60295284,0.5091226,0.7178499,0.71886754,0.782905
901,0.40458602,0.3611333,0.4669071,0.50561124,0.58646524,0.45309144,0.6646797,0.68619,0.7031179
902,0.44470862,0.4214223,0.45980376,0.49134925,0.51185256,0.45606574,0.6563695,0.60905766,0.7136055
903,0.44583976,0.36374277,0.47717735,0.49212107,0.52789444,0.44500065,0.6718511,0.63808405,0.71200633
904,0.40783274,0.3526803,0.44968063,0.42593956,0.43134847,0.3711717,0.58661145,0.5328729,0.59794885
905,0.41577077,0.36550674,0.4290068,0.4235478,0.45924497,0.3950342,0.5716404,0.544805,0.60619354
906,0.35486075,0.33257523,0.37134245,0.48629078,0.6004122,0.40454707,0.6363238,0.6794811,0.627415
907,0.3794401,0.31468534,0.4316746,0.5414933,0.62695605,0.4668246,0.7369256,0.74357903,0.7403458
908,0.3748099,0.3804832,0.3907818,0.5629762,0.67446226,0.43937594,0.7360332,0.80393267,0.68815374
909,0.33855388,0.29575562,0.34150723,0.44379297,0.48276904,0.38109913,0.6128614,0.58159846,0.61148924
910,0.492042,0.4326897,0.45769164,0.57785094,0.64198196,0.49762508,0.79386383,0.78855383,0.7740943
911,0.3877086,0.4305029,0.37070197,0.4133111,0.40888456,0.35133204,0.5810321,0.5407369,0.5749377
912,0.3550633,0.41397008,0.3676578,0.45361218,0.5303952,0.40909368,0.6304299,0.64450306,0.6503045
913,0.3203322,0.2982212,0.32957885,0.4584008,0.47339424,0.3857899,0.63015395,0.5891449,0.5905373
914,0.4721224,0.40683183,0.4626776,0.56598115,0.6769832,0.49807295,0.77413476,0.85758173,0.7742093
915,0.3476132,0.2748049,0.39066806,0.5622853,0.5678994,0.4890106,0.7520067,0.6897723,0.75391454
916,0.38826528,0.31819484,0.37848595,0.55180293,0.60594994,0.4537719,0.749845,0.72785807,0.7141819
917,0.42987907,0.3778548,0.45055392,0.73239666,0.88823515,0.58204895,0.9686028,1.0852138,0.90947634
918,0.337822,0.2999314,0.34682652,0.562417,0.6062048,0.45949462,0.7430419,0.70218533,0.718511
919,0.34152114,0.32200527,0.37245464,0.53934544,0.620455,0.46606597,0.6972302,0.7241319,0.7094498
920,0.5528247,0.458625,0.578367,0.62942696,0.60634804,0.53555703,0.80752033,0.7105203,0.8046036
921,0.5250126,0.5237439,0.47890693,0.5408268,0.6257106,0.4340079,0.70950186,0.71169776,0.6873263
922,0.46016136,0.40279165,0.4346301,0.6644209,0.8191478,0.54136246,0.8860952,0.9789179,0.84822655
923,0.36713102,0.3430069,0.37258264,0.5656325,0.7008789,0.46459845,0.762012,0.81172645,0.7368268
924,0.33196294,0.33743408,0.3152524,0.4672034,0.4773737,0.38189086,0.6188776,0.5828123,0.5953591
925,0.36193508,0.29574323,0.34581882,0.5008932,0.5097046,0.43294314,0.6451425,0.5899251,0.6616147
926,0.34368968,0.2839979,0.35062197,0.48433793,0.5384128,0.42281345,0.6623199,0.6716956,0.65180963
927,0.34007055,0.36867326,0.35388798,0.5326314,0.58963495,0.4560179,0.7333364,0.70748013,0.72978055
928,0.32228863,0.30809212,0.3314811,0.5302064,0.59805137,0.43777677,0.69451445,0.7159324,0.66465485
929,0.3607908,0.39504048,0.3614048,0.54252034,0.58733404,0.43879342,0.75986576,0.7258342,0.72358114
930,0.3271041,0.31677207,0.34866664,0.5622751,0.6430604,0.45936635,0.75081605,0.78493184,0.72809714
931,0.39125466,0.3263583,0.4048086,0.7167061,0.8917311,0.5801858,0.93633026,1.0238185,0.87947804
932,0.35551313,0.32918552,0.38603005,0.56647474,0.6447045,0.4725113,0.7637798,0.7613326,0.7517332
933,0.36214188,0.30614778,0.36301073,0.55887645,0.65237516,0.46096963,0.7315924,0.76352996,0.7246296
934,0.28743166,0.24816072,0.3081367,0.62346804,0.73019,0.4963869,0.82910454,0.86831516,0.76946527
935,0.31394076,0.25878286,0.34156498,0.6103022,0.71076924,0.5066606,0.8120364,0.8575969,0.7842883
936,0.37832677,0.30621165,0.3890141,0.60706174,0.70582455,0.49931586,0.81726557,0.84646827,0.79286665
937,0.5394304,0.51811314,0.5418531,0.8784289,1.1624743,0.6745367,1.120712,1.3329997,1.0187097
938,0.37580094,0.3895009,0.43306157,0.73078525,0.9082949,0.59145784,0.9634397,1.0466756,0.9156848
939,0.613063,0.5486261,0.58047926,1.0584557,1.3262366,0.85168076,1.3601648,1.4890976,1.2971747
940,0.5622144,0.5157828,0.5649341,0.8930769,0.9562507,0.7739466,1.1822428,1.1721812,1.1638242
941,0.79825956,0.7941781,0.743048,0.92594486,1.2062452,0.77242255,1.1966453,1.3398626,1.2130164
942,0.6786135,0.6333669,0.6621954,0.9361259,1.1143516,0.7805171,1.2546636,1.2948874,1.2300785
943,0.6117846,0.53779894,0.5983805,0.9563254,1.1352746,0.76775175,1.3122613,1.404791,1.2059705
944,0.5283729,0.5017828,0.53945285,0.8878208,1.026903,0.7764443,1.1692637,1.238382,1.186734
945,0.4482151,0.4446679,0.49402842,0.7811836,0.9331804,0.6315865,1.0280321,1.0891757,0.97728723
946,0.46660203,0.49396542,0.4805601,0.63196355,0.77096266,0.54468966,0.86455876,0.90217847,0.88238823
947,0.6152225,0.60578126,0.61488396,0.982304,1.3466946,0.73952746,1.2940054,1.5459045,1.1739774
948,0.5062369,0.4848488,0.52007896,0.80942327,0.92870796,0.65404403,1.088602,1.1495752,1.044917
949,0.6036442,0.57721543,0.5800191,1.0330338,1.3111013,0.7480082,1.3426756,1.5967724,1.1595247
950,0.71942675,0.53214204,0.7543308,1.0286117,1.1065922,0.80189294,1.3334548,1.3608819,1.2437866
951,0.5493886,0.4846168,0.5322485,0.7135337,0.8008915,0.58602786,0.9586783,0.976917,0.921209
952,0.4875419,0.4465469,0.50426406,0.6696697,0.7550806,0.53420573,0.88104516,0.8995106,0.8393239
953,0.45477417,0.37812215,0.49475342,0.68899435,0.77984834,0.5728081,0.90306234,0.9203042,0.886791
954,0.5024437,0.3847993,0.5240398,0.6524275,0.6256117,0.58407515,0.84196436,0.73984313,0.87284
955,0.52422935,0.43993768,0.55425465,0.83314323,0.9276365,0.685231,1.0901866,1.1013784,1.0430264
956,0.41658446,0.35908765,0.4618688,0.72705954,0.84717566,0.56150526,0.9146196,0.9506815,0.8536023
957,0.554437,0.44565985,0.51976144,0.7654631,0.83215994,0.597541,0.99216413,0.97452575,0.9200966
958,0.519973,0.43605834,0.5803679,0.7614726,0.85165405,0.61193365,1.0000079,0.9793884,0.94051003
959,0.44855955,0.35307837,0.5148573,0.6918547,0.76829195,0.5501134,0.92001486,0.93484426,0.8579391
960,0.33938086,0.31991485,0.3866844,0.5292038,0.57789224,0.44075072,0.6928426,0.677999,0.6903562
961,0.63552696,0.5804392,0.6808958,0.67783356,0.8141419,0.56123036,0.88725054,0.9523889,0.8524451
962,0.8078757,0.8280227,0.8088595,0.8139097,0.9376187,0.6349124,1.0413499,1.0598963,0.9844955
963,0.50820744,0.5132127,0.54824793,0.6685996,0.8389603,0.5549467,0.88793796,0.9811427,0.8604783
964,0.48772153,0.42710456,0.53410864,0.55612105,0.62014586,0.48194724,0.75453585,0.74486256,0.76868826
965,0.4536269,0.39514065,0.4659424,0.55403095,0.63264626,0.45350936,0.74948585,0.75071883,0.7260309
966,0.4513585,0.42255586,0.5108588,0.606306,0.71607435,0.49005517,0.7856411,0.8414609,0.7651046
967,0.51574486,0.43218657,0.52628416,0.6745605,0.8111218,0.5423407,0.8543944,0.901575,0.81228113
968,0.5500259,0.58408195,0.5480912,0.7179334,0.8742844,0.53437304,0.9524258,1.0422872,0.85705143
969,0.4640563,0.42369097,0.506014,0.72855,0.9103748,0.57103187,0.96230084,1.0991917,0.90001404
970,0.39170825,0.3374106,0.43658578,0.5745574,0.5847235,0.48795304,0.7730471,0.7037039,0.75938594
971,0.38579148,0.3662162,0.44106162,0.66099876,0.7897524,0.53304416,0.8758512,0.92304343,0.83523184
972,0.34078798,0.31319654,0.37534618,0.52310514,0.5650189,0.43618366,0.6957098,0.66067,0.6841861
973,0.3088104,0.25865152,0.3648358,0.54494876,0.61525637,0.4566721,0.7214883,0.74136305,0.6950335
974,0.38450247,0.30310383,0.41752705,0.5477586,0.69484866,0.46120176,0.74019635,0.83002675,0.7337462
975,0.40538105,0.4264537,0.42465562,0.59884953,0.70864344,0.4690764,0.79997075,0.83109003,0.7389535
976,0.39151043,0.3955229,0.4139886,0.5866903,0.72696584,0.45553875,0.7728875,0.8629133,0.7166929
977,0.5505026,0.4615433,0.57089555,0.69819564,0.80131376,0.5860505,0.91828746,0.9327426,0.90812534
978,0.40007856,0.35832483,0.412456,0.57450753,0.68091905,0.4743218,0.76225466,0.80553263,0.7320547
979,0.35985908,0.34191483,0.3990914,0.69679797,0.8386048,0.51209104,0.9054879,0.99136394,0.80446553
980,0.37680912,0.32212186,0.44013014,0.65528446,0.77376056,0.5159556,0.8598251,0.92282844,0.7986455
981,0.39105698,0.3306527,0.4433267,0.70015585,0.74615324,0.56356335,0.882553,0.86746395,0.8293422
982,0.3369069,0.25826582,0.39162275,0.552058,0.6323558,0.45752868,0.7154478,0.7457185,0.6808045
983,0.46973887,0.5218032,0.46727833,0.7546551,0.9656154,0.5669378,0.9769264,1.113643,0.8618428
984,0.5456451,0.47130984,0.57748765,0.6788876,0.8209431,0.52771854,0.90492815,0.9884316,0.84256476
985,0.54667675,0.5178427,0.56676704,0.5470053,0.5588109,0.44412357,0.7185082,0.68133986,0.69791865
986,0.51522696,0.48171538,0.50951266,0.6733403,0.8756923,0.51358676,0.874479,0.99155843,0.79550886
987,0.58134556,0.57245445,0.60810876,0.7683829,0.96022606,0.6292106,1.0246432,1.1260186,0.9774986
988,0.51061577,0.47571832,0.54805434,0.6447353,0.773647,0.53105927,0.8644593,0.91781545,0.8399447
989,0.4114946,0.3135962,0.4754435,0.6310107,0.69819564,0.49601105,0.8558557,0.8487401,0.7954804
990,0.41815275,0.32337195,0.47077867,0.7061218,0.8010718,0.5553277,0.9371557,0.95098555,0.8651788
991,0.53094524,0.5847254,0.56442505,0.82487136,1.0147741,0.64177245,1.0740874,1.1738254,0.99510986
992,0.5072063,0.471609,0.54823375,0.67407656,0.7202296,0.536453,0.89066833,0.8773649,0.84025437
993,0.5588522,0.57484627,0.55867785,0.6627299,0.79409987,0.5302094,0.90410566,0.9739828,0.85086995
994,0.5513905,0.60219944,0.5433381,0.717059,0.80900633,0.57244575,0.9971492,0.9999037,0.9566396
995,0.42791036,0.33798507,0.48607638,0.6844627,0.75943077,0.5449596,0.9003142,0.8987571,0.85888404
996,0.49680093,0.50051624,0.531267,0.6944426,0.8039488,0.5303399,0.9156491,0.9515468,0.8388055
997,0.4603947,0.44424158,0.47751665,0.7463626,0.9129925,0.5712477,0.9712612,1.0622501,0.88275975
998,0.4489781,0.43018463,0.50122356,0.614271,0.7368851,0.49290922,0.80879116,0.8662334,0.7762022
999,0.39858285,0.3490624,0.46784413,0.57386464,0.58058184,0.50981927,0.7666572,0.69462585,0.7859129
1000,0.4198906,0.32448274,0.4649651,0.59244955,0.6249584,0.4954951,0.781673,0.7253647,0.7658688
1001,0.36010662,0.28480476,0.43066925,0.5865411,0.6693824,0.48231348,0.769923,0.7894393,0.748665
1002,0.36875284,0.2701636,0.42298296,0.63445055,0.6847418,0.5356503,0.8524106,0.833917,0.83894056
1003,0.5769283,0.5609077,0.5598588,0.88121265,1.02706,0.70485777,1.1378144,1.1864188,1.073682
1004,0.710196,0.5206857,0.8513248,0.8459218,0.98495305,0.75404847,1.1117754,1.1598572,1.1604749
1005,0.58468634,0.6418473,0.6270452,0.6298207,0.7275112,0.53009456,0.8167042,0.83811814,0.84882426
1006,0.5090072,0.4145496,0.53071994,0.5743823,0.6010745,0.48376,0.7761444,0.73786134,0.7649614
1007,0.3866478,0.35620284,0.4319112,0.47972962,0.5590465,0.41333705,0.65951854,0.70284665,0.6742757
1008,0.37250346,0.33279702,0.4135418,0.56729275,0.65646416,0.4667427,0.7768948,0.8044535,0.7479755
1009,0.3495118,0.3269743,0.40953037,0.5315816,0.5769813,0.43961906,0.72782123,0.707048,0.707687
1010,0.3499276,0.35981297,0.39374837,0.59575063,0.7089147,0.47255385,0.7803309,0.8509524,0.7284546
1011,0.37560058,0.304147,0.44538596,0.6078284,0.7260894,0.48262626,0.79502845,0.8378896,0.7658999
1012,0.38768572,0.3194593,0.4526464,0.778647,0.94209194,0.5908512,1.0272177,1.1099037,0.9223079
1013,0.3714042,0.3079229,0.44021368,0.5507061,0.63241506,0.46931058,0.73839986,0.76811546,0.74497724
1014,0.4091662,0.3562098,0.41394037,0.56329894,0.66196895,0.46064875,0.7641271,0.8013943,0.7287276
1015,0.4395369,0.4793612,0.45331937,0.57317185,0.6637564,0.48588446,0.7725916,0.8027309,0.7743979
1016,0.3065552,0.26619077,0.34256902,0.6095428,0.6955698,0.4586684,0.79673296,0.82690054,0.71070975
1017,0.49836183,0.4442608,0.5073689,0.76146793,0.8366795,0.62024486,0.99139625,0.97745705,0.93601125
1018,0.3811441,0.28838083,0.45488536,0.7369051,0.87808156,0.60394263,0.9637823,1.0189227,0.94379294
1019,0.32711568,0.233939,0.40742967,0.7469812,0.892676,0.5960298,0.96796525,1.0423142,0.9189215
1020,0.3857444,0.34808126,0.4360217,0.8336698,1.0646188,0.63554746,1.0677202,1.2153773,0.9722571
1021,0.33710194,0.34198177,0.39402717,0.78381646,0.87514055,0.63213325,1.0248461,1.0216644,0.9700625
1022,0.58301306,0.5810322,0.5863708,0.92210704,1.143744,0.73282206,1.1999884,1.3477608,1.1257374
1023,0.49401078,0.4453941,0.5492871,0.92754185,1.0186812,0.7376207,1.206451,1.1748993,1.1568536
1024,0.8408178,0.6957532,0.8745672,0.8449774,0.91566825,0.70202094,1.1108557,1.0947163,1.0827384
1025,0.63882947,0.6838718,0.6920109,0.7775433,0.9122487,0.6494603,1.05695,1.109368,1.0428675
1026,0.4622839,0.41853133,0.514508,0.6523843,0.7225052,0.538705,0.8817299,0.8768924,0.8506193
1027,0.4111129,0.29846108,0.5005791,0.8267957,0.9502703,0.642605,1.086016,1.1358675,0.9999799
1028,0.37547407,0.3524113,0.4443066,0.6609167,0.81015295,0.5353776,0.882469,0.95985764,0.8486353
1029,0.35417897,0.284216,0.41849667,0.6049281,0.68986607,0.49417603,0.80740833,0.8277594,0.77902967
1030,0.37645444,0.33098072,0.45862168,0.66095287,0.8364682,0.53940785,0.8769685,0.96795076,0.83093053
1031,0.33612207,0.25186867,0.4250929,0.5911433,0.6633585,0.49076325,0.7638621,0.7587548,0.7619781
1032,0.29088542,0.2597257,0.36723584,0.522894,0.6223325,0.44531974,0.7060345,0.7527348,0.69880146
1033,0.3134185,0.29508394,0.36583886,0.5149761,0.6237933,0.42202234,0.677748,0.7335022,0.6569821
1034,0.38723424,0.28890982,0.4260399,0.5954351,0.73716265,0.4939719,0.7936651,0.8719706,0.7685793
1035,0.34560794,0.2978866,0.37171748,0.4967389,0.53356165,0.42919958,0.66443264,0.63863903,0.6860797
1036,0.29514006,0.2368962,0.3452496,0.4991137,0.5597049,0.4034167,0.67787904,0.6747461,0.6403123
1037,0.26521644,0.20195699,0.32183695,0.50431335,0.5923757,0.4036266,0.6644553,0.6920152,0.6310276
1038,0.28585288,0.23863062,0.34294957,0.63503945,0.71659553,0.49752358,0.82907903,0.8461205,0.7752605
1039,0.38148668,0.30993265,0.42234954,0.6930028,0.93890995,0.55895513,0.9244151,1.118813,0.87610304
1040,0.367817,0.39356983,0.3961053,0.7329049,0.8709553,0.5954399,0.95686644,1.0028545,0.92871016
1041,0.6575962,0.5006647,0.7909637,0.6571857,0.70866823,0.5988707,0.84958225,0.844553,0.9156781
1042,0.54826266,0.5472688,0.59952265,0.5888757,0.7133957,0.50485575,0.79282117,0.84255964,0.8158994
1043,0.6237492,0.53636885,0.64762306,0.5998083,0.6528726,0.5169462,0.79504395,0.80222917,0.8274411
1044,0.39576223,0.36171243,0.46234104,0.49684927,0.5511815,0.41427174,0.66731125,0.6524836,0.6532529
1045,0.6319447,0.5462193,0.66330934,0.5477831,0.5916742,0.47411177,0.75549525,0.7227908,0.76253253
1046,0.503291,0.48202822,0.50962025,0.44188854,0.53403115,0.3656714,0.6027965,0.66039264,0.5921692
1047,0.40687302,0.32402253,0.42830446,0.47792923,0.51015234,0.38002524,0.64595187,0.60014296,0.61491776
1048,0.3775609,0.3484869,0.41677663,0.40658426,0.43983734,0.33623567,0.5427594,0.52521473,0.5320212
1049,0.32060626,0.30676156,0.37213898,0.4688089,0.5568966,0.359688,0.6307736,0.6621127,0.57802683
1050,0.36032835,0.36030546,0.39524385,0.49930468,0.6114014,0.4103862,0.6611647,0.7187659,0.6428361
1051,0.3397494,0.31778422,0.38995382,0.47937575,0.5745828,0.41494262,0.6363424,0.6811736,0.65643764
1052,0.30318746,0.26520908,0.35885465,0.41997823,0.48666415,0.34728816,0.57309616,0.58997285,0.5673009
1053,0.39471716,0.32111913,0.43147153,0.52555245,0.6265498,0.45295915,0.71049094,0.7538084,0.72616214
1054,0.34468827,0.30983433,0.40812784,0.54229957,0.61442363,0.4450913,0.74010026,0.73558813,0.72320306
1055,0.3636541,0.3019498,0.4414676,0.5703405,0.6792872,0.47108003,0.7669828,0.81324023,0.7603318
1056,0.3276692,0.31764695,0.37240398,0.45597133,0.561866,0.37924522,0.61767614,0.67771643,0.62198305
1057,0.34922323,0.3037952,0.4281964,0.58200324,0.7112438,0.46695876,0.7940943,0.84595394,0.7717546
1058,0.3126015,0.2696841,0.3636499,0.45005322,0.5303713,0.38385844,0.6106784,0.6376669,0.6139031
1059,0.3189603,0.31440777,0.37965512,0.504649,0.5677479,0.40607697,0.68507427,0.6778168,0.6581723
1060,0.34408143,0.29315203,0.4000919,0.5531266,0.6009884,0.4656823,0.7511052,0.72134656,0.7509385
1061,0.5433884,0.464796,0.55010575,0.6707195,0.7501132,0.574095,0.89269006,0.8867997,0.9184257
1062,0.34794623,0.25610557,0.4454689,0.5870033,0.66146404,0.5103031,0.7861287,0.7853163,0.81073844
1063,0.5085185,0.4399016,0.5347308,0.5229862,0.5510698,0.43572155,0.6790673,0.6531263,0.66138905
1064,0.49173984,0.45015982,0.5068303,0.6360365,0.73119146,0.50051624,0.7952955,0.81049824,0.754395
1065,0.42520666,0.40562087,0.48135287,0.52380824,0.57899356,0.41220492,0.6859388,0.6812822,0.65489006
1066,0.6867124,0.5371807,0.71559054,0.5111553,0.53559566,0.4495391,0.59757566,0.6304362,0.5798038
1067,0.66076803,0.62677616,0.66567606,0.53922105,0.582644,0.43697864,0.6487356,0.67669094,0.6123173
1068,0.4090084,0.36283517,0.45039982,0.44372088,0.533096,0.36812165,0.5999684,0.643961,0.59252745
1069,0.36246452,0.26412913,0.40792015,0.4619262,0.52330494,0.37502563,0.6230291,0.6490184,0.6108582
1070,0.37070343,0.31544363,0.4138607,0.46197823,0.53958654,0.36954328,0.62263316,0.6627897,0.5979901
1071,0.36604297,0.30294117,0.4055011,0.5054073,0.61213773,0.3849395,0.6664274,0.72345984,0.6133609
1072,0.38574985,0.30793718,0.43656126,0.59591407,0.7596117,0.456323,0.8019319,0.91060615,0.7434413
1073,0.3366491,0.26321283,0.38070744,0.4565527,0.48908293,0.3714672,0.6408368,0.6214589,0.61395264
1074,0.32316598,0.25009906,0.36645955,0.45384338,0.5593655,0.36992913,0.61854106,0.65770817,0.5968749
1075,0.29583138,0.2682678,0.344006,0.4887372,0.5465215,0.37605193,0.65944797,0.6667159,0.6054398
1076,0.2889177,0.24922784,0.32498312,0.48223588,0.59831506,0.37199336,0.6556582,0.70459986,0.6007062
1077,0.29563704,0.26090285,0.34148848,0.5228242,0.6290728,0.4002374,0.6989171,0.73582214,0.6435059
1078,0.28277722,0.25638598,0.30874485,0.41385633,0.46720365,0.33682942,0.5535612,0.5730555,0.5376115
1079,0.27647048,0.23400702,0.3305994,0.46146947,0.5105401,0.3686356,0.6177069,0.6130309,0.5874125
1080,0.49991724,0.43431365,0.47403455,0.63887155,0.7030201,0.5387852,0.8472887,0.8247985,0.8551089
1081,0.3291778,0.23689601,0.4102242,0.56964225,0.56345814,0.4777131,0.74800736,0.66736305,0.75206393
1082,0.35191485,0.40775236,0.36508584,0.5102237,0.55664444,0.422488,0.65903807,0.61947536,0.66780597
1083,0.4803843,0.41297975,0.5452265,0.5744262,0.61174905,0.47284803,0.756423,0.7168511,0.7369004
1084,0.4364859,0.370853,0.47203436,0.48207435,0.548355,0.39332813,0.661664,0.67910296,0.6367255
1085,0.34553385,0.30390787,0.3607905,0.44328052,0.50398743,0.3535887,0.608646,0.62128955,0.59687585
1086,0.34600237,0.28293723,0.38267046,0.49004766,0.5657177,0.3923277,0.67687523,0.68263125,0.64066076
1087,0.4266773,0.37372696,0.41623834,0.5502348,0.6339186,0.4445577,0.74972934,0.76567954,0.71377534
1088,0.3222671,0.27351564,0.35826135,0.5097525,0.5836858,0.40829062,0.69737035,0.7226604,0.6660881
1089,0.2956356,0.27531853,0.32340854,0.4767833,0.48779324,0.3679045,0.6464975,0.6024885,0.58912
1090,0.27497876,0.22443862,0.31195506,0.4201876,0.47196007,0.3429705,0.57631564,0.5902849,0.56285405
1091,0.26447347,0.22592999,0.29041493,0.40861022,0.4792459,0.31765822,0.5599709,0.5844504,0.51886684
1092,0.29117116,0.2272397,0.34048483,0.470553,0.54228354,0.3740062,0.63508964,0.6703982,0.6071988
1093,0.2770746,0.29700875,0.29609177,0.46366137,0.5352169,0.36369076,0.6335115,0.6460157,0.6051473
1094,0.2810423,0.24019651,0.32455236,0.47480366,0.5371081,0.385899,0.64842236,0.6480815,0.6239788
1095,0.32735634,0.28779587,0.36211112,0.6770809,0.8463414,0.5441658,0.8848261,0.9782617,0.8363398
1096,0.30261153,0.30699927,0.33248436,0.5981696,0.6823862,0.48307753,0.8111444,0.8399659,0.7718344
1097,0.30220085,0.276785,0.3426377,0.6637885,0.7873957,0.54261,0.8998989,0.94625753,0.8697737
1098,0.3468054,0.28637204,0.3796858,0.72211874,0.892664,0.59248537,0.93794155,1.0404295,0.91176564
1099,0.34581423,0.28370827,0.38727972,0.71923697,0.7498196,0.5904286,0.9493184,0.89454573,0.9301761
1100,0.2917548,0.23302339,0.32246882,0.59740144,0.68927765,0.4863639,0.8019969,0.8390521,0.7719042
1101,0.2709883,0.24336651,0.331803,0.6111489,0.67483854,0.51614314,0.82012886,0.8326441,0.82229245
1102,0.2591252,0.24512395,0.297578,0.59403837,0.66652113,0.47805685,0.79897946,0.7940917,0.75953656
1103,0.3261244,0.30790043,0.32210883,0.58206844,0.6332238,0.47107482,0.75599635,0.7166432,0.73026097
1104,0.3914767,0.35540357,0.42048404,0.7273144,0.76369214,0.58823234,0.9715106,0.89554685,0.92497826
1105,0.51083004,0.40919474,0.58752114,0.7463179,0.85509956,0.6274322,0.97176856,1.0075269,0.95209366
1106,0.49000564,0.50526935,0.4939927,0.6953223,0.7397972,0.5530833,0.9208813,0.96518874,0.8644625
1107,0.37696353,0.3189733,0.4100946,0.5920434,0.6456477,0.5047145,0.80615515,0.80290276,0.8030246
1108,0.35263607,0.31972507,0.38120133,0.7117339,0.8844946,0.5525316,0.947779,1.0560305,0.8770784
1109,0.3049282,0.27407157,0.33599493,0.5712793,0.61876756,0.47664407,0.7754759,0.75893,0.74010235
1110,0.32869136,0.2904019,0.3505374,0.5893407,0.6759457,0.48235974,0.7972803,0.82366943,0.77753717
1111,0.31500402,0.23789266,0.34256548,0.5614654,0.67519844,0.45716354,0.7553326,0.8142874,0.7283155
1112,0.31075105,0.266625,0.3542912,0.5674002,0.5858621,0.48735595,0.7496856,0.68859357,0.7685739
1113,0.358291,0.30298725,0.39715865,0.65246415,0.77562356,0.5558211,0.87561756,0.9337462,0.8763543
1114,0.36457318,0.31159157,0.4145402,0.7168241,0.814488,0.593544,0.95431244,0.9747007,0.9355329
1115,0.29246363,0.2786627,0.33455068,0.59761184,0.65355796,0.49492493,0.79478353,0.79486793,0.76450825
1116,0.34328324,0.32547387,0.360321,0.5885728,0.6511484,0.5077604,0.7637212,0.77116585,0.7650811
1117,0.32471955,0.24547833,0.3510582,0.73464835,0.7977473,0.58606917,0.958992,0.94166213,0.8885786
1118,0.29843765,0.27178955,0.33581313,0.6572326,0.7538016,0.5529778,0.85237026,0.8780208,0.83790237
1119,0.32114193,0.28551233,0.33472818,0.70081574,0.7916072,0.54984176,0.88699174,0.8800626,0.82811433
1120,0.40369782,0.34793708,0.41425994,0.6290775,0.7429677,0.51053274,0.82654285,0.88062465,0.7775819
1121,0.39767548,0.38067186,0.40034223,0.6344857,0.6992134,0.5056901,0.82001305,0.7763204,0.7870459
1122,0.41531393,0.29367018,0.44489428,0.7401899,0.85214037,0.58575934,0.9854149,1.0182161,0.90944505
1123,0.36935383,0.3403253,0.40339312,0.6984271,0.8164546,0.57175136,0.9542611,1.0101353,0.89865685
1124,0.35971445,0.2852034,0.37151876,0.68001306,0.75698775,0.5456074,0.8922527,0.889228,0.8514627
1125,0.39096904,0.3543623,0.38128042,0.7675808,0.9714634,0.58478117,1.0070055,1.1025451,0.91232675
1126,0.37553102,0.35804895,0.3852512,0.7503724,0.8279654,0.58167416,0.995985,0.97371787,0.93294036
1127,0.3565383,0.2964884,0.36577588,0.62725174,0.63837445,0.5166709,0.85698473,0.7732618,0.82488894
1128,0.3488286,0.32100922,0.36216062,0.74895114,0.83948123,0.5765149,0.9878631,1.0225908,0.92332286
1129,0.3562685,0.30208927,0.37609792,0.78519225,0.88006735,0.61938584,1.0554131,1.0582983,0.99214
1130,0.34468022,0.29171214,0.37573758,0.7528535,0.8507782,0.59198934,1.013564,1.0206747,0.94923145
1131,0.3288577,0.2930542,0.3550427,0.7213568,0.8338975,0.5579951,0.94189805,0.9574726,0.8745582
1132,0.32607555,0.26338598,0.3605028,0.72705036,0.7610443,0.5488509,0.9708622,0.9224354,0.8733168
1133,0.3461007,0.33166593,0.35222417,0.7022418,0.8270689,0.54695874,0.9183677,0.94739014,0.8567916
1134,0.3208105,0.30975065,0.36171702,0.67384565,0.8097133,0.5531288,0.9028429,0.9572315,0.8638736
1135,0.3018244,0.24216004,0.3389119,0.7068996,0.76001185,0.55676484,0.9336233,0.896193,0.8814097
1136,0.2916779,0.23744735,0.34121427,0.66679645,0.8097317,0.55220306,0.8643442,0.9228744,0.83697635
1137,0.27282935,0.25240058,0.30625695,0.67107147,0.75771654,0.51876605,0.88924694,0.89448375,0.807631
1138,0.26684916,0.24780191,0.29435176,0.5904862,0.64637923,0.4747646,0.7909811,0.78382367,0.7453922
1139,0.33405024,0.2935701,0.33271685,0.6957403,0.7899078,0.53577787,0.92590266,0.9422793,0.84249634
1140,0.2629897,0.1670298,0.29435816,0.62580925,0.6966587,0.53487176,0.8389788,0.82649434,0.8478128
1141,0.31288838,0.22764446,0.33816037,0.7173209,0.76458097,0.559358,0.9265156,0.88149744,0.8564729
1142,0.37278756,0.34642416,0.39188293,0.6210122,0.7424697,0.50236243,0.8362177,0.8858353,0.81010807
1143,0.32023108,0.30281278,0.34756312,0.6583154,0.7183549,0.51340294,0.8885413,0.868252,0.81771785
1144,0.28506806,0.24664854,0.31194383,0.56623375,0.61048335,0.46148628,0.77610654,0.73043793,0.7221029
1145,0.30194134,0.2516418,0.3366935,0.6249017,0.690134,0.51335806,0.83778495,0.84074855,0.80144167
1146,0.26746985,0.2228579,0.29572833,0.57721937,0.6670716,0.45034438,0.76354027,0.79016525,0.7061059
1147,0.3198536,0.2841611,0.35706234,0.63503546,0.7745073,0.5270057,0.84793,0.9118275,0.81549245
1148,0.35729605,0.36631998,0.37311968,0.71862733,0.83439624,0.5826512,0.9457608,0.9982002,0.9130069
1149,0.35819265,0.29762346,0.38014928,0.7158798,0.73291576,0.6120688,0.9451167,0.88568336,0.93318534
1150,0.37820682,0.32746792,0.37364122,0.6014243,0.66860133,0.544471,0.81836283,0.81097484,0.82817644
1151,0.3469975,0.3563497,0.34768674,0.673629,0.66557527,0.56497836,0.8997768,0.7961081,0.8685067
1152,0.3355779,0.31309596,0.34247556,0.72288114,0.78876245,0.5897328,0.950577,0.94165134,0.9189576
1153,0.35440472,0.41816255,0.3505157,0.721163,0.7345327,0.5968156,0.9627743,0.94201565,0.91542846
1154,0.31385052,0.30606872,0.3443885,0.74612707,0.85382503,0.6102649,0.9776919,0.9863064,0.9298526
1155,0.37986553,0.4090185,0.34098837,0.79839927,0.8813714,0.6291277,1.0178269,0.99166834,0.9495127
1156,0.32951355,0.30767348,0.37428576,0.8630186,0.98123014,0.73992413,1.1198802,1.1186639,1.109289
1157,0.3536975,0.3074895,0.3611254,0.83543414,0.8933107,0.68092704,1.0866982,1.0431376,1.0184709
1158,0.32224563,0.33523974,0.33061942,0.7491015,0.8954004,0.6097436,0.9763423,1.0127351,0.92727226
1159,0.37658408,0.30981907,0.40265915,0.98256344,1.1662142,0.81467617,1.2679048,1.3497384,1.190631
1160,0.35513386,0.30866644,0.40003207,0.9450725,0.99901897,0.7722617,1.2155588,1.1560068,1.1570404
1161,0.315886,0.24529432,0.3506449,0.86400616,0.95003855,0.67275083,1.1027803,1.107195,1.0080798
1162,0.3217536,0.24948592,0.36366048,0.7684728,0.8142941,0.6723988,1.0010326,0.94059825,0.9922431
1163,0.38939378,0.3572524,0.43153265,0.72084457,0.81325376,0.6068344,0.96661055,0.98517054,0.9183021
1164,0.43597656,0.42589813,0.44766623,0.8446723,0.95405626,0.6793959,1.128735,1.1581404,1.0660535
1165,0.38962248,0.35342315,0.4187051,0.69391304,0.719729,0.57656616,0.91781706,0.8693682,0.8807496
1166,0.3467115,0.30830994,0.35689124,0.67922646,0.8236156,0.5569146,0.90951705,0.9864119,0.87029475
1167,0.2912141,0.23304,0.3280844,0.67423075,0.75878483,0.561627,0.89196336,0.9219041,0.8660781
1168,0.36419103,0.3562459,0.37925553,0.89070046,1.00449,0.68870294,1.1521899,1.1487105,1.0379345
1169,0.29111663,0.24833083,0.3238605,0.7135807,0.78957146,0.5879147,0.9452307,0.939609,0.9097927
1170,0.28619123,0.23770986,0.3197633,0.78883314,0.8388165,0.6397225,1.0366491,0.99676955,0.98043007
1171,0.283432,0.24743329,0.30921128,0.73024315,0.79867357,0.5905284,0.98447376,0.99575424,0.90523016
1172,0.29575464,0.25783876,0.3189353,0.7461088,0.8887485,0.6013082,0.9906819,1.05541,0.9251542
1173,0.3176201,0.27148414,0.35166934,0.80821824,0.9261473,0.6467845,1.0605804,1.1014444,0.9935732
1174,0.30167547,0.25587747,0.3466737,0.8378994,0.94172835,0.6721504,1.0817674,1.1088853,1.020338
1175,0.32476014,0.2942798,0.3599464,0.82077026,1.0017958,0.6779943,1.0722425,1.1800135,1.0395349
1176,0.27335933,0.20658715,0.32580978,0.7998949,0.89528817,0.6332492,1.0605881,1.0634896,0.9742523
1177,0.2852943,0.24175794,0.31826264,0.74677134,0.82112813,0.57147366,0.97110015,0.97764546,0.8717662
1178,0.2943105,0.25511816,0.3176442,0.7991495,1.0489477,0.6098523,1.0445701,1.2260973,0.9271603
1179,0.39575487,0.39464673,0.40838164,1.0792499,1.2604339,0.8205833,1.3629928,1.4306546,1.2110986
1180,0.2951748,0.2311334,0.34247681,0.8600457,0.8901798,0.6860138,1.1186258,1.069834,1.0445327
1181,0.2854163,0.22983103,0.34283677,0.836732,0.8948612,0.6868298,1.0799586,1.0364724,1.0381466
1182,0.2885645,0.22800793,0.3078872,0.73948973,0.8680491,0.55899894,0.95705914,1.0158523,0.8547212
1183,0.40211186,0.43519554,0.42457253,0.8602086,0.9348448,0.6761937,1.0885402,1.0719986,0.9780296
1184,0.3374738,0.27557692,0.3719524,0.8556925,0.94748116,0.67130107,1.1216003,1.1238786,1.0260104
1185,0.30593878,0.24902152,0.3490681,0.8304762,0.91336036,0.64196444,1.0956864,1.0947051,0.9924904
1186,0.647838,0.5768035,0.61513346,1.1625574,1.2603234,0.9566661,1.4477502,1.46547,1.3474672
1187,0.3342948,0.29507524,0.38873202,0.9489149,1.1135089,0.739482,1.2198352,1.3073361,1.1080637
1188,0.312855,0.34461537,0.35774338,0.84873074,0.9845692,0.6591283,1.1008588,1.1714085,1.0268652
1189,0.30033496,0.22126089,0.34141764,0.8344671,1.0181004,0.6506831,1.0859103,1.195804,1.0025533
1190,0.39986414,0.4696721,0.39279172,0.9541063,1.1772884,0.7184768,1.2054309,1.3093199,1.1013719
1191,0.33939436,0.27405152,0.3829112,0.8305131,0.93221664,0.6774147,1.0837537,1.0966836,1.0522568
1192,0.3050199,0.27373588,0.35625574,0.8499966,0.9662517,0.681672,1.0999955,1.118793,1.0497974
1193,0.29698724,0.24576505,0.32833925,0.7502596,0.89882624,0.5777032,0.99354446,1.054276,0.9088114
1194,0.44948006,0.38294896,0.4947013,1.1166806,1.3454396,0.8600637,1.4377425,1.57498,1.3083334
1195,0.46950793,0.37101492,0.5200856,0.9229477,1.0090321,0.75540596,1.1966555,1.1646249,1.1623644
1196,0.3365852,0.32179198,0.38379073,0.74851257,0.8609976,0.58454305,0.99744576,1.0301119,0.9393344
1197,0.5149576,0.39213985,0.593983,0.9985162,1.0657369,0.82214975,1.2785224,1.237335,1.2311856
1198,0.3825588,0.31901687,0.43795773,0.81273776,0.9828995,0.62627053,1.0573933,1.1530863,0.98242646
1199,0.32425147,0.27648532,0.37546638,0.64655715,0.7334589,0.52006906,0.85708064,0.87507254,0.8185044
1200,0.4800106,0.35344946,0.5297321,1.1407815,1.3601786,0.88499045,1.4666204,1.5995804,1.3516817
1201,0.44099602,0.40614957,0.4786879,1.0348716,1.2018489,0.7776839,1.3407961,1.3902705,1.195341
1202,0.33067453,0.29318416,0.39506307,0.88448924,1.005896,0.67110723,1.1455096,1.1654812,1.0444272
1203,0.43178472,0.42955562,0.46842566,0.9407511,1.1541559,0.7302463,1.2298965,1.3245602,1.1532009
1204,0.56612676,0.4186176,0.62310714,0.7628601,0.80370134,0.6220299,0.9579514,0.90157723,0.9122589
1205,0.5329712,0.5485788,0.5630138,0.86124074,1.0384632,0.6413234,1.087497,1.197901,0.9882227
1206,0.52944344,0.4825998,0.5648915,0.84102356,0.93348324,0.643979,1.1112847,1.1254641,1.0083758
1207,0.41387302,0.41425115,0.41593367,0.6650424,0.7862176,0.51688266,0.8562847,0.91198593,0.8007586
1208,0.39725542,0.33320844,0.43716362,0.6630986,0.78347784,0.51441395,0.85051435,0.9028084,0.79650563
1209,0.38428316,0.33476552,0.43357944,0.7054954,0.824158,0.52685314,0.923563,0.966355,0.8285523
1210,0.3775381,0.31594357,0.41725892,0.7110151,0.81771916,0.53396726,0.9420292,0.97850305,0.8584405
1211,0.46590918,0.40181008,0.49001187,0.78141624,0.94156206,0.6004807,1.0186268,1.1252029,0.93811154
1212,0.59407413,0.57672185,0.5562881,0.825049,1.0106363,0.61161715,1.0514433,1.1803526,0.9362015
1213,0.5375903,0.4855274,0.5348812,0.77478683,0.851754,0.62026286,1.0050839,1.0165349,0.97121197
1214,0.63672256,0.68143,0.61511475,0.83861923,0.8513187,0.6351041,1.0501761,0.95415986,0.9768604
1215,0.95970196,0.8824241,0.8580756,0.78695315,0.95573837,0.6085395,0.97762865,1.0970323,0.91453964
1216,1.1937088,1.0286349,1.0869132,0.896305,1.1306934,0.7346912,1.0449753,1.1641039,1.0243357
1217,0.97639656,1.0112821,0.89437675,0.88491255,1.018023,0.705595,1.1175699,1.191749,1.051691
1218,1.3281753,1.143368,1.3208961,0.86542636,0.9625387,0.80067456,1.0706861,1.0824893,1.1719904
1219,0.5828068,0.47935644,0.65574294,0.5283422,0.55728537,0.44417423,0.67410845,0.61655223,0.6950937
1220,0.70842654,0.58999443,0.72848845,0.5809279,0.6150686,0.4960219,0.75039285,0.70137584,0.7686506
1221,0.80834466,0.71662515,0.79219466,0.5784544,0.5990949,0.47496018,0.7194924,0.6481311,0.7314854
1222,0.58253306,0.47353512,0.6347586,0.51016676,0.53246456,0.4392577,0.6819947,0.6407924,0.6973374
1223,0.9786698,0.7681449,1.0264795,0.49859813,0.56199574,0.4359914,0.6005027,0.6156013,0.61603445
1224,0.9079534,0.8541084,0.9272144,0.46798772,0.5616171,0.4054619,0.5990382,0.6147724,0.6029858
1225,0.88003486,0.8765153,0.7924388,0.52448726,0.5565016,0.42425048,0.7269494,0.66590065,0.6782145
1226,0.85758275,0.8689336,0.77828795,0.50572467,0.5129025,0.43386814,0.6909743,0.6233614,0.69487
1227,0.60156804,0.54022884,0.6313098,0.44054696,0.5046564,0.37019554,0.5860315,0.5969029,0.59177387
1228,0.5768801,0.48787132,0.61644477,0.45339602,0.49984393,0.37081718,0.6018348,0.58586144,0.5950497
1229,0.596,0.6105244,0.595956,0.44755593,0.5923296,0.35682625,0.59752786,0.6912412,0.5809311
1230,0.624466,0.96134543,0.5324312,0.4423635,0.5355471,0.32184306,0.560298,0.59381306,0.5193577
1231,0.4909339,0.43835044,0.52586025,0.4252592,0.48360547,0.35647398,0.5588597,0.5610047,0.5862779
1232,0.3890042,0.34354535,0.4275687,0.41530845,0.50466746,0.3310737,0.5607701,0.6018298,0.53392345
1233,0.3670237,0.33233026,0.41637003,0.41387248,0.49558884,0.3255617,0.54931086,0.58204436,0.52490926
1234,0.3618175,0.3294878,0.430113,0.44142106,0.5099462,0.3433743,0.575371,0.58693045,0.54366714
1235,0.3714059,0.3027335,0.40320602,0.41557774,0.5065883,0.32750484,0.55170935,0.60630417,0.5260036
1236,0.4659328,0.39075172,0.57596606,0.53448987,0.5872805,0.50291616,0.71224505,0.70043683,0.79777306
1237,0.69914573,0.51460826,0.6884687,0.552162,0.60001844,0.47506875,0.6791944,0.6871259,0.7170656
1238,0.38697854,0.3192027,0.46963772,0.41971916,0.4674124,0.3682095,0.54737604,0.53847593,0.5823614
1239,0.5618653,0.5955613,0.5631649,0.5219543,0.6015972,0.4366278,0.6759034,0.68599135,0.6949512
1240,0.39232445,0.37800068,0.43689898,0.40678883,0.44259036,0.32562613,0.54183245,0.5212329,0.52084297
1241,0.41941482,0.38726702,0.47419128,0.4281861,0.47669643,0.36542618,0.5627277,0.5557062,0.5743242
1242,0.80942714,0.65155715,0.7842898,0.47677872,0.53241944,0.39178422,0.6008143,0.60167325,0.5866384
1243,0.6810535,0.6136355,0.66316813,0.44275054,0.529017,0.35268244,0.5411052,0.596553,0.5200131
1244,0.5336788,0.43885517,0.50851583,0.3895204,0.44260448,0.3117201,0.52884144,0.5238952,0.5072199
1245,0.4861927,0.4606008,0.4841215,0.39387438,0.46236926,0.31721297,0.5195543,0.5207263,0.5146856
1246,0.5466956,0.560004,0.51399636,0.39139363,0.42421788,0.34355047,1.3120992,0.7165653,1.7449368
1247,0.53886116,0.4944786,0.50658584,0.416137,0.46552613,0.35173708,1.0244831,0.6508341,1.5105294
1248,0.5495678,0.5106972,0.5364846,0.47606423,0.6001537,0.38593382,0.6257643,0.67538947,0.61728865
1249,0.49019867,0.46613565,0.4821063,0.4290169,0.47097465,0.34553277,0.55796945,0.5448098,0.5516261
1250,0.34845152,0.3911297,0.3749379,0.3840222,0.4790777,0.303213,0.5241924,0.5745159,0.4927772
1251,0.3365366,0.33919552,0.36375663,0.39021364,0.4502718,0.3134764,0.52010655,0.5292523,0.50754875
1252,0.3383577,0.32113603,0.39756456,0.43975645,0.54229736,0.36227953,0.5791243,0.6347693,0.5857051
1253,0.43963063,0.36238542,0.48254824,0.51147085,0.54637265,0.43780285,0.674599,0.6344068,0.687761
1254,0.35306868,0.2952884,0.39148608,0.41600463,0.48815995,0.33910125,0.55039287,0.5754208,0.54443604
1255,0.29462004,0.21729048,0.338003,0.39136174,0.45081756,0.3161693,0.51683027,0.531319,0.5062376
1256,0.36421853,0.33074838,0.3927188,0.44240573,0.46436837,0.38249904,0.5856065,0.542659,0.6075763
1257,0.37708592,0.38715762,0.39070028,0.41770682,0.49157956,0.34524843,0.5401726,0.5658857,0.5401363
1258,0.32648027,0.2719208,0.38934973,0.3960636,0.4045164,0.35709897,0.5455024,0.48741564,0.5840302
1259,0.36001056,0.33833435,0.40970507,0.47252336,0.53430164,0.4113882,0.61232626,0.62097204,0.6400848
1260,0.32950157,0.32456893,0.3707616,0.461236,0.5466576,0.37278715,0.6069003,0.6427366,0.5794135
1261,1.0815383,0.9022955,1.083156,0.78242856,0.84153324,0.6475671,0.99988204,0.95897776,0.96481633
1262,0.9658983,0.8651491,0.94259185,0.7052725,0.8019189,0.573317,0.88438636,0.9073729,0.88436973
1263,0.6170866,0.5417847,0.6363481,0.58111393,0.7307264,0.47490248,0.81100255,0.87613404,0.77615553
1264,0.43863007,0.4419014,0.46476105,0.549962,0.627242,0.43921477,0.7314194,0.73815817,0.710719
1265,0.44049102,0.39519608,0.456914,0.52872324,0.5868588,0.42233634,0.7120781,0.6991259,0.68492126
1266,0.4257401,0.4036935,0.4493457,0.5029576,0.5654997,0.40967292,0.6558805,0.67170227,0.6545087
1267,0.48451793,0.4514362,0.51391554,0.61350787,0.72159994,0.4881599,0.808358,0.8497153,0.7610012
1268,0.524304,0.5305964,0.4931394,0.5729176,0.701011,0.4543153,0.739502,0.83273005,0.7165011
1269,0.5172537,0.5021379,0.5388068,0.62813175,0.7307265,0.46660987,0.8130067,0.8553656,0.73878795
1270,0.50759745,0.47052124,0.5181575,0.59404296,0.6204242,0.4800525,0.77673227,0.7342693,0.7539091
1271,0.4934084,0.48369667,0.49447864,0.54076904,0.64665455,0.42571175,0.70946205,0.74605095,0.6692059
1272,0.3997633,0.44371605,0.41727144,0.50028056,0.5677738,0.39194638,0.6529655,0.64660645,0.6207226
1273,0.50758827,0.4462101,0.50081223,0.61209804,0.7458545,0.46131247,0.7582285,0.82388806,0.6902858
1274,0.40159354,0.44356197,0.39948452,0.50035757,0.54763836,0.38929516,0.64584273,0.6324104,0.60315293
1275,0.3749739,0.37222603,0.39996627,0.5434437,0.568745,0.41570064,0.70009524,0.653916,0.6553258
1276,0.39526796,0.51975936,0.35934228,0.5152462,0.58370286,0.38786513,0.6571977,0.63028145,0.6222839
1277,0.32079446,0.27146646,0.34778017,0.44510552,0.46941364,0.34703684,0.5973731,0.5589279,0.55511886
1278,0.31654805,0.2596943,0.3452883,0.5029962,0.5500699,0.38482055,0.663423,0.6464968,0.60483426
1279,0.3421103,0.35042658,0.37404135,0.5649187,0.6561053,0.45626536,0.7237969,0.7516759,0.7013924
1280,0.37265882,0.31594345,0.38577184,0.57536185,0.7091243,0.45546308,0.734285,0.80946165,0.6996794
1281,0.28963482,0.22673053,0.33077168,0.45261562,0.54028815,0.36928612,0.5900753,0.61364824,0.56553817
1282,0.32107055,0.23061879,0.35279334,0.5559633,0.62879944,0.42313248,0.7145863,0.71912384,0.6509317
1283,0.33189648,0.31039992,0.35712668,0.6181838,0.8223776,0.4610116,0.7958444,0.9390601,0.7236623
1284,0.55841064,0.45949313,0.61341304,0.58192945,0.70667344,0.46495003,0.7457758,0.82213795,0.7060179
1285,0.5821268,0.6632242,0.53861487,0.59251755,0.70758104,0.4395604,0.7235096,0.7455396,0.671551
1286,0.41019088,0.34459034,0.4341504,0.5720936,0.6841024,0.43338066,0.73716956,0.78703696,0.6720133
1287,0.4030078,0.40607253,0.4119141,0.6989893,0.85579914,0.51173913,0.90438193,0.9814469,0.80212563
1288,0.39526674,0.3337491,0.41587007,0.729267,0.7492479,0.5554411,0.9383662,0.86788946,0.88016814
1289,0.37884748,0.36682123,0.38093206,0.59468293,0.71767247,0.47050413,0.79236585,0.8330052,0.7530271
1290,0.3796138,0.3557259,0.38965026,0.56982,0.6980941,0.4386937,0.7350763,0.79169685,0.69979256
1291,0.38010085,0.35369208,0.39953867,0.6896666,0.865185,0.5033703,0.88903636,0.99162334,0.7964007
1292,0.3912895,0.3363694,0.4262856,0.77329177,0.872895,0.6026676,1.0071224,1.0206683,0.94204634
1293,0.44574565,0.40667245,0.47291514,0.7712033,0.93274766,0.58761793,0.98770076,1.0613275,0.9232558
1294,0.42755398,0.374059,0.44097635,0.7264515,0.77518946,0.5730608,0.9396985,0.88214606,0.8976408
1295,0.355691,0.30544537,0.38909993,0.5495141,0.57512254,0.44490543,0.7152491,0.6690038,0.69595826
1296,0.3624677,0.3397123,0.37545013,0.52901405,0.6384083,0.42297444,0.6630597,0.7001434,0.6393418
1297,0.32060975,0.28601208,0.36645097,0.6232113,0.8025513,0.47950098,0.80756164,0.93317795,0.742836
1298,0.3737173,0.3527951,0.41177037,0.66203034,0.75914943,0.52308697,0.8518104,0.86957943,0.8269073
1299,0.3336154,0.29185048,0.37504414,0.5448497,0.5971341,0.43677938,0.7101391,0.7018096,0.6815158
1300,0.31720442,0.30134904,0.35020489,0.6472078,0.8251228,0.47816333,0.8268246,0.93228513,0.74976575
1301,0.66649586,0.6329351,0.6142112,0.78662103,0.887325,0.6286923,0.93447936,0.98698556,0.9052782
1302,0.47522917,0.3804419,0.53723377,0.6684351,0.68387896,0.58079964,0.85098773,0.794666,0.8903531
1303,0.55549884,0.47631845,0.5416622,0.7273381,0.8199959,0.59521735,0.9250276,0.9436263,0.9272631
1304,0.386506,0.30944222,0.45676106,0.67223495,0.7655764,0.57204044,0.8755994,0.88991773,0.90446603
1305,0.6420914,0.6374328,0.7031954,0.59189856,0.68419737,0.5128138,0.74634457,0.7095505,0.76893705
1306,0.6120531,0.6498036,0.6245878,0.608194,0.6751231,0.5092317,0.80440867,0.7993614,0.79141724
1307,0.5182526,0.46628216,0.5075851,0.61973184,0.738318,0.47829404,0.8038536,0.89444053,0.75226223
1308,0.49349666,0.5669948,0.44619054,0.62417006,0.72216594,0.47245693,0.8077289,0.85753816,0.7484963
1309,0.39988837,0.39053863,0.41640958,0.5724508,0.66218096,0.47029516,0.75625163,0.7807855,0.73825824
1310,0.40366235,0.33983085,0.43216756,0.55188197,0.6036632,0.42097402,0.7323265,0.71479654,0.6763406
1311,0.4586553,0.3985524,0.4730077,0.60723704,0.7314912,0.498387,0.8201307,0.8876055,0.8013583
1312,0.55238384,0.63848853,0.56169534,0.7078392,0.79652554,0.5946275,0.9107794,0.9025956,0.9223657
1313,0.4180223,0.4365679,0.43028182,0.53257847,0.6061068,0.44564995,0.7049701,0.7230214,0.6971797
1314,0.42106295,0.41221336,0.43001562,0.5765502,0.6874275,0.4721184,0.72922415,0.76688546,0.7228338
1315,0.43460017,0.37176734,0.45161375,0.6135702,0.7140163,0.48276433,0.81311905,0.85081935,0.7659004
1316,0.40649983,0.37826574,0.4283869,0.61025643,0.7662434,0.4856213,0.784221,0.88310003,0.7553719
1317,0.41217166,0.33109078,0.44681892,0.7482833,0.8849375,0.617935,0.9177915,1.0019802,0.90324074
1318,0.4285329,0.5045717,0.42279512,0.69499964,0.8106958,0.5928849,0.89538443,0.9446676,0.91683316
1319,0.33438388,0.30679998,0.38950884,0.5839792,0.66923106,0.47405452,0.7732384,0.79186213,0.74115384
1320,0.31896245,0.28939876,0.3718219,0.61322826,0.7403761,0.4854766,0.7962399,0.85619915,0.7579329
1321,0.3235901,0.26882625,0.38556996,0.607377,0.74102026,0.4951891,0.7973237,0.8697288,0.7757993
1322,0.33831874,0.32549194,0.3799325,0.62679887,0.7311276,0.5084386,0.81677014,0.8548554,0.7878959
1323,0.65999347,0.5325284,0.70161,0.715485,0.8008726,0.5646881,0.89957345,0.93241733,0.83450633
1324,0.66536945,0.75664955,0.6303306,0.78711945,1.0305755,0.5760006,0.98844594,1.1169184,0.8974826
1325,0.5976749,0.5854563,0.56573826,0.7296428,0.8679075,0.55701596,0.9227874,0.95263696,0.8582117
1326,0.52029026,0.57072204,0.49812746,0.67443216,0.8814421,0.5284322,0.8443546,0.9779853,0.81710905
1327,0.41879275,0.35398418,0.4281036,0.57754683,0.6705146,0.47594246,0.75997704,0.7750472,0.7589189
1328,0.4032371,0.39532995,0.40737632,0.6318697,0.7841864,0.47984746,0.835166,0.93486243,0.7653321
1329,0.5012921,0.4728409,0.49531865,0.6764377,0.81927973,0.52503556,0.8882834,0.9652536,0.8245792
1330,1.0152026,0.9955149,0.87860215,0.9454738,1.0768483,0.78217083,1.1078428,1.1662339,1.0747495
1331,0.5111729,0.4529035,0.54191685,0.74260503,0.9459523,0.6488512,0.96755624,1.0504966,1.0383457
1332,0.48710045,0.48846143,0.5068122,0.7388216,0.7958031,0.6112574,0.9646893,0.908029,0.9661607
1333,0.4565882,0.42270678,0.476824,0.6699011,0.70932496,0.5621009,0.87406856,0.84927076,0.8857421
1334,0.4277626,0.38248235,0.43692744,0.6363986,0.77026093,0.505199,0.82566524,0.88245225,0.80032974
1335,0.39571834,0.413228,0.41128254,0.6229641,0.7822494,0.48068967,0.8024033,0.8817527,0.7590348
1336,0.3999107,0.33282703,0.4577536,0.60460526,0.6987917,0.53126675,0.7883662,0.79283476,0.8294985
1337,0.42187288,0.50249934,0.4086878,0.6148502,0.7524495,0.4922852,0.7928994,0.8547282,0.7691164
1338,0.3414388,0.29078373,0.4034982,0.6467074,0.783035,0.50763196,0.8389447,0.90552694,0.7993205
1339,0.31283215,0.24718058,0.35201108,0.5799689,0.6812344,0.43609095,0.75711006,0.7905683,0.6844013
1340,0.30324188,0.2834273,0.35909924,0.60408306,0.72066987,0.47323427,0.7747704,0.826155,0.73156464
1341,0.3291645,0.29866827,0.37730688,0.5714079,0.696704,0.47870156,0.73209375,0.7797257,0.7473937
1342,0.32818893,0.24560359,0.39517128,0.6980684,0.77228296,0.5261653,0.8892709,0.92914,0.81697166
1343,0.38139036,0.316877,0.46013567,0.5662161,0.62570924,0.5161665,0.73838353,0.731349,0.8058022
1344,0.42782205,0.3435701,0.43290982,0.60617256,0.6753494,0.50770146,0.77776355,0.78834265,0.7940004
1345,0.6465843,0.5846854,0.6868323,0.7724609,0.9171972,0.66249263,0.9927819,1.0194374,1.0245425
1346,0.47180897,0.45750517,0.4864071,0.6868252,0.8414162,0.53873765,0.88488156,0.9454702,0.83460265
1347,0.44780046,0.43510342,0.43936822,0.63075006,0.7716417,0.50082785,0.8229801,0.871474,0.78654855
1348,0.42039207,0.48245907,0.45019394,0.70238566,0.81872565,0.55558276,0.91615605,0.9562215,0.87781054
1349,0.3500742,0.27971938,0.3867665,0.5879348,0.66264963,0.4888833,0.77381307,0.781149,0.7735674
1350,0.44761595,0.4816359,0.4401973,0.66407603,0.74214774,0.5296542,0.84825945,0.8792267,0.81845325
1351,0.40171793,0.38490605,0.43025437,0.6278624,0.7408527,0.5258421,0.8216733,0.8712135,0.81584245
1352,0.33475423,0.28185445,0.38882378,0.57410103,0.611651,0.47496396,0.7546394,0.7382406,0.7327114
1353,0.3530291,0.29771274,0.4065277,0.6606127,0.8154543,0.50686413,0.86359787,0.9710366,0.78812516
1354,0.3423251,0.29541257,0.4016385,0.57911813,0.6622961,0.47770652,0.75368154,0.76946676,0.7470437
1355,0.33022216,0.27876148,0.38113847,0.57472605,0.6621728,0.47960818,0.76396143,0.786486,0.75376385
1356,0.38419798,0.3665177,0.38313323,0.6140718,0.8105928,0.48500967,0.822093,0.96847355,0.7844865
1357,0.29824263,0.2562006,0.35450897,0.6276731,0.71949786,0.4879085,0.81260884,0.83908963,0.760726
1358,0.32372504,0.3223356,0.3685893,0.66334325,0.7607296,0.5166853,0.84910464,0.8575914,0.78979003
1359,0.31836414,0.26282752,0.3761444,0.60150045,0.7173781,0.48819548,0.79475147,0.8513025,0.74818057
1360,0.55580324,0.53075916,0.61335033,0.605186,0.74316955,0.5084827,0.77001506,0.85050666,0.7527656
1361,0.5012773,0.51044637,0.51774305,0.6268066,0.75561005,0.51268303,0.8145168,0.88199985,0.80159986
1362,0.45634252,0.4325247,0.4590047,0.6900174,0.80628276,0.5353766,0.89251006,0.9354131,0.832163
1363,0.44733799,0.41873077,0.45007822,0.7366083,0.8300968,0.57771677,0.9457644,0.9277779,0.89361364
1364,0.38993418,0.4092284,0.39253727,0.5737649,0.6483667,0.4813893,0.7396991,0.75695616,0.7475019
1365,0.41064364,0.41269642,0.42505768,0.6625472,0.7379496,0.5030275,0.850887,0.83564776,0.79478484
1366,0.55826813,0.53475446,0.5401624,0.8214291,1.1025186,0.61215687,1.0316359,1.2390976,0.9318858
1367,0.47429743,0.43940538,0.4945085,0.77209336,0.85087097,0.57744634,0.9994371,0.99045473,0.90788347
1368,0.39106792,0.338978,0.45055443,0.68478644,0.81817615,0.5518693,0.89292324,0.94106627,0.8575898
1369,0.4922715,0.56474346,0.46808457,0.7431481,0.90835506,0.5717183,0.95005476,1.0262855,0.8852083
1370,0.4459709,0.3651945,0.48809224,0.85124505,1.011967,0.6621062,1.1010654,1.1618505,1.0248357
1371,0.38740492,0.38413864,0.41840258,0.7780989,0.965902,0.6170634,0.9862303,1.0832162,0.95458275
1372,0.37379262,0.3300202,0.4110338,0.64695185,0.7144353,0.5136945,0.8357685,0.8357045,0.81480926
1373,0.6873108,0.7910452,0.608927,0.94399387,1.0939792,0.75686,1.1902498,1.2190946,1.1398207
1374,0.37448186,0.29763567,0.45852286,0.8427118,0.9093083,0.65857357,1.0908188,1.0651995,1.0247589
1375,0.5663168,0.51021403,0.6053861,1.0273095,1.222522,0.8237971,1.3076822,1.4196233,1.248696
1376,0.42175072,0.39159167,0.48485854,0.79931056,0.94500345,0.6362277,1.0356191,1.0906427,0.9891667
1377,0.4470186,0.40082622,0.5080566,0.8867564,1.0385641,0.670592,1.1381146,1.2042692,1.0471814
1378,0.40274215,0.43160638,0.4599582,0.753578,0.96503365,0.58046895,0.9760683,1.1230748,0.9145671
1379,0.48821768,0.44127393,0.53588885,0.7283705,0.8084468,0.6342278,0.94128793,0.9326511,0.99295276
1380,0.39031318,0.43523785,0.425896,0.76006854,0.8619129,0.5628767,0.98556674,1.0046325,0.8916698
1381,0.6379315,0.5566116,0.61812353,0.94923675,1.1416191,0.7711593,1.2279932,1.3137232,1.1527822
1382,0.39901003,0.310292,0.49402642,0.69942206,0.80774677,0.58342195,0.90866005,0.9478459,0.89936423
1383,0.5417378,0.5399483,0.54057235,0.7147233,0.8627975,0.55627966,0.92222834,1.012016,0.8707926
1384,0.5778672,0.6041655,0.57071847,0.8408938,0.995712,0.6632572,1.0741595,1.120429,1.0280756
1385,0.5815908,0.60480565,0.5485427,0.8885163,1.0598943,0.66310364,1.1310395,1.2307603,1.0245534
1386,0.66731584,0.6627597,0.6253853,0.92120284,1.0944705,0.6885232,1.1677635,1.2662728,1.057976
1387,1.121831,1.0412153,0.97283167,1.025909,1.088684,0.8501294,1.2299515,1.2084663,1.1755874
1388,0.91891557,1.033215,0.816594,0.8868825,1.1207172,0.7123238,1.1368586,1.2708193,1.0789475
1389,0.9080887,0.948566,0.826602,0.9867919,1.1750417,0.7616655,1.2288901,1.3035454,1.1344892
1390,0.71241194,0.71738553,0.6679795,0.8238233,0.92071724,0.6073732,1.0214413,1.0215504,0.930426
1391,0.9433689,0.9416282,0.84018254,0.9228639,1.1147898,0.71292204,1.1442869,1.2099745,1.0630879
1392,1.4127444,1.2978078,1.2446628,1.3064722,1.4752083,1.0728365,1.5391335,1.5849249,1.4971954
1393,0.816572,0.8230981,0.77618647,0.98457086,1.1553719,0.8207558,1.23596,1.336324,1.2412527
1394,0.6127923,0.6362395,0.60730326,0.80225503,0.9098677,0.6490964,1.0166633,1.0292957,0.9902346
1395,0.6875318,0.8182922,0.663855,0.7968953,0.83440083,0.70002425,1.0263373,0.982257,1.0845972
1396,0.47159842,0.34343106,0.53863204,0.7998755,0.9382089,0.649752,1.0294131,1.0993016,1.0070697
1397,0.3946437,0.29781184,0.4861625,0.7135725,0.7753204,0.5716367,0.9363548,0.9260109,0.8918075
1398,0.38984516,0.45218325,0.4506933,0.6499416,0.69629705,0.5191577,0.8529208,0.815899,0.7987101
1399,0.5020082,0.5804612,0.5284874,0.7189903,0.8716687,0.59929764,0.93536234,1.0251727,0.9220148
1400,0.37326598,0.33993584,0.44142354,0.6823902,0.77912915,0.5222572,0.900956,0.91265506,0.8290443
1401,0.58176476,0.64309645,0.6515898,0.90764797,1.2205707,0.37521556,0.88795453,0.9477458,0.857107
1402,1.0818187,1.0793128,0.9851496,0.87930787,0.9763765,0.7303632,1.0754738,1.023144,1.0335617
1403,0.58145213,0.6083042,0.59777564,0.6448725,0.740016,0.5113967,0.8353624,0.8383898,0.8114541
1404,0.48693752,0.4338948,0.55941635,0.73939186,0.80532354,0.5819649,0.96342087,0.9383425,0.91331476
1405,0.47652265,0.45853052,0.5402523,0.65540034,0.7128908,0.52750874,0.85334945,0.8414022,0.83600473
1406,0.3870936,0.3214507,0.47158608,0.6504896,0.74080724,0.50594574,0.8607825,0.88073516,0.79382676
1407,0.34885558,0.32197797,0.428152,0.5954202,0.64300823,0.4656476,0.7707302,0.7606132,0.7236216
1408,0.37774387,0.34062973,0.42078152,0.4756979,0.49835593,0.40668127,0.6343159,0.5935283,0.6420064
1409,0.34617177,0.30279973,0.4165548,0.5427388,0.6407286,0.424649,0.7181351,0.77033085,0.66373605
1410,0.38038972,0.4083637,0.4161521,0.5415022,0.6402945,0.44194177,0.7021607,0.74295574,0.69946355
1411,0.31013283,0.4111828,0.3901384,0.49598554,0.6139762,0.41019487,0.66310346,0.73470753,0.6599637
1412,0.39248055,0.4818857,0.4073721,0.50078624,0.6149969,0.39119267,0.64910793,0.7014501,0.6125092
1413,0.3879449,0.45234442,0.47262424,0.733945,0.9073323,0.5735728,0.96704185,1.0770047,0.8830825
1414,0.5637901,0.49970898,0.5653519,0.7264211,0.861361,0.5548319,0.9510083,1.0143754,0.86312747
1415,0.41067618,0.3975143,0.4320145,0.5818572,0.67913526,0.46399388,0.76934487,0.79927665,0.7318589
1416,0.42553586,0.41180164,0.48187754,0.6096201,0.7457528,0.47157702,0.8121182,0.8883199,0.74696094
1417,0.34246808,0.55251443,0.3925244,0.5397921,0.6448395,0.4114569,0.7120586,0.7627657,0.6484216
1418,0.6216241,0.57258123,0.6707055,0.6329627,0.68944764,0.49926725,0.7974217,0.78518784,0.7480487
1419,0.3023512,0.32745698,0.366139,0.59252805,0.65622526,0.47758305,0.7794939,0.7818626,0.7551243
1420,0.30527288,0.26487896,0.3741335,0.5187912,0.6087542,0.40763134,0.686707,0.70991486,0.6488646
1421,0.3134784,0.24084218,0.40157703,0.53019816,0.6314048,0.42704347,0.69787306,0.73183787,0.67017365
1422,0.4215436,0.46376324,0.4602739,0.60992116,0.72028995,0.47970322,0.80119926,0.82044077,0.7541978
1423,0.3461248,0.3485862,0.4186497,0.59836227,0.64937633,0.4757421,0.804851,0.7836192,0.7602738
1424,0.37774494,0.34099302,0.40180218,0.6193039,0.7650932,0.47471368,0.81892717,0.889946,0.7539918
1425,0.32616085,0.320444,0.39478555,0.64556825,0.78976405,0.49985397,0.8541627,0.91232854,0.7894616
1426,0.3544871,0.32644528,0.42759734,0.6061808,0.73474526,0.47256237,0.81395644,0.8781777,0.747582
1427,0.4509393,0.3822044,0.47263443,0.6542947,0.757597,0.49470097,0.8704539,0.9119369,0.7830003
1428,0.40641558,0.42161733,0.4603498,0.7184467,0.8314994,0.5762135,0.9428041,0.98994,0.88280994
1429,0.36206582,0.3731794,0.42602104,0.74134845,0.8904244,0.57069236,0.95837575,1.0295959,0.8936944
1430,0.37818378,0.46625426,0.42143288,0.757364,0.87902576,0.5830347,0.9880751,1.0124167,0.9094746
1431,0.5776088,0.5438691,0.53510535,0.67795205,0.7763322,0.52429736,0.8753515,0.9037739,0.810739
1432,0.3330995,0.36933646,0.40965393,0.6744254,0.73027164,0.49702892,0.8728624,0.85128784,0.78597784
1433,0.5314087,0.6400623,0.52695495,0.80049545,0.8820099,0.6103213,1.0271403,1.0286903,0.93604875
1434,0.36607534,0.51383686,0.44181615,0.84718764,1.0387906,0.6291444,1.1049821,1.2156684,0.97635275
1435,0.8098479,0.554825,0.7432292,0.9892683,0.99055254,0.7864451,1.19646,1.1312783,1.1287568
1436,0.30162653,0.3558382,0.39585587,0.62299466,0.70080435,0.5141269,0.8250134,0.82106376,0.8220522
1437,0.40745983,0.47224072,0.41619772,0.6761095,0.80394983,0.5302674,0.8838691,0.9493651,0.8439543
1438,0.3044608,0.43168384,0.36778566,0.66632235,0.70675945,0.5249312,0.88677275,0.8311527,0.83937496
1439,0.6688062,0.5339617,0.6165782,0.6845298,0.83012414,0.5346483,0.9282655,0.98795617,0.8585693
1440,0.4208293,0.4029343,0.5091633,0.64416593,0.7337509,0.526695,0.8499026,0.86025673,0.82770324
1441,0.36339697,0.29279923,0.44929975,0.7021068,0.7952399,0.5326733,0.92131966,0.92858404,0.8344833
1442,0.5419425,0.5011601,0.61359364,0.9776624,1.0072525,0.38839182,0.89830947,0.9336864,0.8400292
1443,0.45530716,0.60834575,0.44952065,0.5950187,0.664466,0.46302894,0.78524035,0.7957663,0.7352013
1444,0.7321358,0.6883455,0.6899442,0.64548236,0.6954719,0.50130653,0.83437085,0.8127066,0.77137434
1445,0.6195104,0.6232262,0.5733182,0.6899717,0.77073467,0.5405725,0.89752275,0.9100607,0.8361521
1446,0.60038084,0.5892591,0.5980175,0.73515964,0.97100234,0.56738305,0.9691326,1.1338651,0.8889025
1447,0.7150949,0.68595606,0.67496014,0.67453676,0.8215319,0.5217937,0.881814,0.9603923,0.8100064
1448,0.878451,0.62307984,0.7847726,0.6968704,0.75662726,0.5686587,0.88454306,0.88127613,0.8668096
1449,0.5624105,0.49731898,0.5979568,0.6545276,0.7441886,0.55663645,0.86752546,0.8881802,0.889127
1450,0.4004711,0.42416665,0.42920786,0.6376867,0.7796531,0.49354985,0.8413572,0.91141075,0.7765297
1451,0.536876,0.46721876,0.53630495,0.6372687,0.7103006,0.49561787,0.84200764,0.84541005,0.7780504
1452,0.4564172,0.36256745,0.5126468,0.71433127,0.92186266,0.5530366,0.93451285,1.0617659,0.8698043
1453,0.8163555,1.0132413,0.74601597,0.8314515,1.0064744,0.65894324,1.0172766,1.1580172,0.95191294
1454,0.5285809,0.48047468,0.5489024,0.6680219,0.76701194,0.5287748,0.88715345,0.8913677,0.83566785
1455,0.43204358,0.50406784,0.47840497,0.7098631,0.8307884,0.53807515,0.9233378,0.98763955,0.85177976
1456,0.42659348,0.37538528,0.4681546,0.678334,0.7020103,0.5103672,0.8978884,0.8391155,0.8131085
1457,0.52669734,0.41006577,0.53747433,0.6958802,0.80030036,0.54728866,0.89494264,0.9479129,0.838372
1458,0.3824038,0.36373177,0.4685109,0.62766963,0.7084525,0.48942977,0.8265663,0.85077196,0.77302814
1459,0.2983614,0.26712248,0.39389175,0.56702965,0.68481857,0.45326376,0.75252545,0.8039607,0.7263996
1460,0.32712004,0.2993682,0.41138485,0.55137724,0.66344315,0.4403564,0.7283109,0.7812578,0.6925195
1461,0.34012687,0.32874084,0.39955464,0.50175154,0.5071718,0.3868256,0.65538746,0.5972891,0.6083126
1462,0.4259571,0.37560424,0.488659,0.6015605,0.6891144,0.49737304,0.80476606,0.8162138,0.8039348
1463,0.55225366,0.41197386,0.58112985,0.7089131,0.8756117,0.54958445,0.92882895,1.0230075,0.86439025
1464,0.5151381,0.49689314,0.5855919,0.5689506,0.68035394,0.4503981,0.7476261,0.80697244,0.7029932
1465,0.738981,0.67017996,0.72508466,0.65907776,0.7632828,0.49986053,0.860559,0.8834823,0.78757846
1466,0.49406916,0.4766964,0.5070654,0.5511712,0.61471653,0.42547396,0.7362607,0.7344109,0.68088406
1467,0.5676392,0.46120766,0.54123014,0.65813226,0.8339322,0.5125783,0.8802533,1.0020728,0.8190282
1468,0.53452426,0.49344546,0.5613741,0.6235257,0.7370151,0.49073732,0.84201086,0.8896932,0.78459096
1469,0.826301,0.7030865,0.7753574,0.8801175,0.9320839,0.7074946,1.2052952,1.116312,1.1192731
1470,0.83911717,0.6398365,0.7988597,0.6202842,0.7345778,0.5307806,0.819563,0.8562636,0.839999
1471,0.9200695,0.7468925,0.86652887,0.728044,0.8637225,0.61422783,0.97192776,1.012692,0.9969648
1472,0.41178742,0.39525712,0.5158866,0.5399504,0.60464525,0.43762577,0.7151484,0.71833694,0.70487016
1473,0.4158649,0.4647938,0.47786084,0.58017963,0.64305127,0.43128622,0.77136475,0.76312804,0.69212025
1474,0.3363661,0.43595272,0.44789866,0.5861635,0.6911886,0.46142682,0.77801585,0.81353396,0.7338351
1475,0.3569288,0.3084552,0.47283587,0.5670737,0.63836896,0.42889753,0.7520779,0.7623035,0.69051844
1476,0.30742612,0.3515527,0.40110457,0.4923627,0.55366904,0.38253897,0.6551523,0.6637231,0.6142733
1477,0.30461788,0.27919596,0.38500938,0.47169614,0.5592206,0.36240676,0.63071615,0.6648478,0.5769127
1478,0.48292407,0.38646504,0.47659507,0.49597424,0.51042217,0.40028185,1.7103578,1.0130032,2.14686
1479,0.41670245,0.4162644,0.529163,0.5201425,0.5607401,0.43651247,0.6957338,0.65702575,0.7028762
1480,0.8013264,0.66060174,0.75808406,0.55783224,0.6111179,0.47432894,0.7203477,0.7152104,0.7315603
1481,0.44177595,0.28427348,0.53576726,0.47831365,0.55229574,0.39947304,0.6330229,0.6496727,0.6343829
1482,0.6308126,0.52159095,0.65238047,0.5151338,0.57787937,0.45025507,0.8464833,0.703116,0.993556
1483,0.5293964,0.45951104,0.6233646,0.47609124,0.51465356,0.39728594,0.63014394,0.6105024,0.61766005
1484,0.61761194,0.6057962,0.652121,0.5377002,0.5637158,0.4441319,0.7218661,0.65968525,0.7178325
1485,1.0649761,1.0034206,0.9897389,0.7719477,0.82188463,0.6783504,0.9791334,0.90818155,1.05498
1486,0.50979376,0.520379,0.59140277,0.60758585,0.65472114,0.49618974,0.8027212,0.75647956,0.7914772
1487,2.4642076,1.8740916,2.2784982,0.995664,0.8697898,0.90229607,1.4333138,1.0835937,1.4303104
1488,1.3791771,1.0691075,1.3037956,0.8225844,0.7716308,0.7695823,1.1467406,0.8895198,1.1682177
1489,0.93169606,0.7488975,0.9136783,0.6215917,0.69843346,0.51927286,0.8058195,0.80955243,0.79978204
1490,0.48912406,0.3520663,0.6114759,0.52731043,0.63759625,0.42447177,0.71067095,0.7593735,0.68654525
1491,0.50637853,0.5037636,0.5666873,0.5513271,0.63395727,0.45058548,0.7210974,0.7425241,0.7252825
1492,0.44924518,0.30160964,0.5704562,0.54344124,0.61624724,0.46106198,0.7201162,0.72580653,0.7263382
1493,0.37466082,0.27518702,0.48002663,0.45941797,0.54667324,0.38735527,0.61644816,0.6460388,0.6220492
1494,0.32345515,0.31765485,0.42497227,0.40232524,0.44288057,0.33277175,0.5358961,0.5198784,0.5299675
1495,0.6461749,0.66481733,0.69450074,0.5279741,0.6599314,0.40585157,0.68223566,0.7683887,0.622913
1496,0.7130528,0.7709706,0.7019695,0.5409262,0.5413654,0.40727317,0.70150363,0.6283904,0.6520337
1497,0.59349567,0.601615,0.56963253,0.45057988,0.56493527,0.36058512,0.5981393,0.64173955,0.58931446
1498,0.6115847,0.5569057,0.6027312,0.49156824,0.6153419,0.39179176,0.67273766,0.7458004,0.6476969
1499,0.8192261,0.819401,0.7606385,0.65936846,0.7574783,0.5112486,0.83725256,0.8651234,0.7895481
1500,0.53913456,0.5725807,0.54191744,0.54173136,0.6412326,0.42956054,0.7153278,0.7675658,0.6915297
1501,0.49822077,0.47147408,0.5081945,0.5374289,0.5850669,0.41644928,0.7193922,0.6930045,0.67608917
1502,0.48281795,0.4577256,0.47269383,0.53112555,0.6457594,0.3977796,0.70302886,0.7678193,0.6434984
1503,0.3979696,0.3817829,0.44758013,0.56051904,0.64089453,0.42742735,0.7588853,0.774747,0.70943445
1504,0.4444756,0.47320762,0.44788897,0.52433556,0.62305397,0.42005965,0.7122726,0.7368954,0.6833606
1505,0.3827121,0.29706562,0.45164227,0.5348732,0.5514894,0.43400154,0.7169657,0.65989166,0.6921802
1506,0.4092051,0.42657727,0.44054994,0.46875092,0.52562493,0.3942717,0.65179574,0.6351278,0.647242
1507,0.4939643,0.41374445,0.5330738,0.53877234,0.6058058,0.44112888,0.70061654,0.6942663,0.70400965
1508,0.34396434,0.3990933,0.41411945,0.45394337,0.52467555,0.38470203,0.5982007,0.62863755,0.60838896
1509,0.445316,0.6723097,0.414478,0.45414314,0.49998164,0.36421698,0.56834847,0.52088594,0.5867414
1510,0.48488727,0.36297178,0.52576196,0.5664139,0.69328815,0.44426596,0.73689556,0.79398364,0.70307666
1511,0.58403814,0.6144366,0.53881806,0.5546976,0.68868965,0.46115142,0.69498086,0.780752,0.7259485
1512,0.42443058,0.43496457,0.45331264,0.4545362,0.50177896,0.37450925,0.59681946,0.57324284,0.59558034
1513,0.34128186,0.36878705,0.40763253,0.4063082,0.46728417,0.34553832,0.54313827,0.54868394,0.5534349
1514,0.3411682,0.25460446,0.396011,0.40080997,0.47783944,0.33385554,0.53222203,0.5343896,0.53178185
1515,0.41472912,0.44645244,0.39489353,0.3990973,0.4509283,0.32597068,0.5110357,0.49992636,0.5136178
1516,0.41982767,0.43578604,0.45458323,0.4588844,0.48763642,0.38004568,0.6059539,0.5747505,0.60817724
1517,0.72118926,0.7365028,0.71077067,2.8877964,1.9510919,3.6109807,0.70467705,0.67226577,0.6907288
1518,0.5301232,0.4298365,0.58063805,0.47503963,0.5141246,0.38385403,0.6415621,0.61689794,0.61088806
1519,0.5539833,0.61839193,0.5582261,0.5486349,0.63081664,0.43484437,0.72800946,0.7591325,0.6979123
1520,0.61148447,0.6980101,0.5813212,0.6997215,0.76742613,0.5206272,0.928205,0.91398,0.80542535
1521,0.5014575,0.5369186,0.49915406,0.55282325,0.5969931,0.43163338,0.7493597,0.7343534,0.69252026
1522,0.42024013,0.45630434,0.43779624,0.46726632,0.48563066,0.37772807,0.62680376,0.62323046,0.62790316
1523,0.44027776,0.43998006,0.45204958,0.442657,0.47378924,0.36465943,0.57857347,0.56144094,0.57355946
1524,0.37252656,0.31961972,0.44322166,0.4612049,0.5595282,0.3693822,0.5910198,0.63661015,0.5711717
1525,0.35217518,0.2715973,0.42211872,0.4835828,0.49759325,0.38754952,0.634521,0.5915812,0.6055634
1526,0.39302748,0.37960947,0.4212221,0.55906385,0.6578298,0.42865252,0.7489238,0.7608214,0.6912106
1527,0.34291258,0.2712168,0.39814815,0.4469615,0.49296945,0.38849005,0.6074435,0.5931808,0.62330455
1528,0.33758563,0.3705751,0.36123708,0.47830284,0.5843146,0.38155425,0.6347436,0.6802265,0.6152384
1529,0.2834826,0.26445806,0.35355887,0.4359452,0.4919118,0.3516828,0.58022743,0.5927937,0.5660859
1530,0.29944322,0.2801001,0.36040163,0.4643883,0.5250602,0.3756717,0.63136625,0.62879777,0.6152483
1531,0.33451825,0.29999015,0.39800197,0.48810282,0.591779,0.41866037,0.66222674,0.70562834,0.6606099
1532,0.3265055,0.2857129,0.38380125,0.59840685,0.7462854,0.4353987,0.7699885,0.8715612,0.678786
1533,0.3352687,0.29535574,0.39076582,0.45465574,0.5125976,0.38602668,0.6181813,0.6177718,0.6189896
1534,0.33636895,0.25909218,0.40327835,0.4942161,0.5657261,0.40906402,0.6634327,0.67928815,0.65721464
1535,0.44096053,0.40733188,0.4503456,0.5817695,0.66684735,0.45705143,0.77411205,0.7608376,0.72607684
1536,0.2990502,0.31183356,0.37196326,1.5635364,1.4771707,1.5997049,0.6415709,0.6232299,0.65516406
1537,0.8656963,0.95550984,0.74290216,0.60333127,0.6533967,0.5141038,0.82629573,0.80180556,0.7710275
1538,0.6445317,0.61091596,0.65951794,0.64882565,0.7372661,0.5260742,0.84602433,0.8852975,0.8396533
1539,0.44434234,0.39186898,0.48073095,0.6123478,0.6803742,0.5044753,0.81079185,0.8012176,0.80658185
1540,0.434655,0.41877168,0.4743714,0.694412,0.86946476,0.54277503,0.9362794,0.9933756,0.8914155
1541,0.46370336,0.47431093,0.49385193,0.8161061,1.0308173,0.6059233,1.0887797,1.2228413,0.9786564
1542,0.4827164,0.51160985,0.5013275,0.7411168,0.7659458,0.5704636,0.98214597,0.8895209,0.9180755
1543,0.36386475,0.31110048,0.41732848,0.5808737,0.6149958,0.4709791,0.7739624,0.7162413,0.76923794
1544,0.4997598,0.40438432,0.5095024,0.5524644,0.58221734,0.45111355,0.7248918,0.6677308,0.7104522
1545,0.45936844,0.3381995,0.48701832,0.58840275,0.66118467,0.4863454,0.7911095,0.77789694,0.7836072
1546,0.35287118,0.3042389,0.4110781,0.49798843,0.5971403,0.40149838,0.6506727,0.692371,0.6409977
1547,0.39364362,0.35949394,0.4371094,0.4951549,0.5832521,0.4064668,0.65246755,0.6948393,0.65155536
1548,0.33136967,0.29748946,0.39429468,0.48506376,0.637834,0.37615725,0.6227554,0.7213894,0.58829963
1549,0.3617406,0.47495905,0.4060275,0.5992473,0.6666567,0.45224816,0.7912821,0.79298025,0.7232903
1550,0.66166306,0.63360775,0.70461446,0.56291676,1.0799507,0.14703158,0.8073715,0.79445875,0.7582721
1551,0.734699,0.7724968,0.6989229,0.68415785,0.69649404,0.5178229,0.895475,0.7901831,0.8131573
1552,0.73677737,0.9561798,0.65124583,0.5816658,0.6483327,0.4535629,0.7897943,0.7450073,0.7511077
1553,0.5894682,0.6509431,0.52381057,0.43978828,0.5143452,0.3608257,0.5984912,0.6051295,0.5909873
1554,0.52105033,0.5238542,0.5003767,0.49140754,0.5529422,0.39109093,0.64507574,0.63688797,0.6368029
1555,0.5934104,0.60362214,0.51426584,0.60224396,0.6499223,0.4523546,0.7520768,0.7475711,0.69875455
1556,0.43918395,0.4021415,0.4466249,0.5845445,0.5990776,0.47532448,0.79385006,0.72616535,0.76378614
1557,0.66490567,0.71154124,0.56118816,0.5806324,0.6701829,0.4572212,0.7932138,0.8196832,0.7352172
1558,0.58981514,0.7758752,0.47844496,0.53799474,0.54201764,0.41971222,0.73663265,0.6581625,0.67678845
1559,0.48732743,0.498562,0.44879374,0.549618,0.6774021,0.4241804,2.348254,1.5558726,3.15071
1560,0.4691017,0.5981802,0.43086573,0.53440076,0.6585439,0.4053507,0.69191337,0.72313064,0.66342443
1561,0.47145957,0.4450038,0.4905942,0.59659225,0.68580115,0.4495921,0.81087655,0.8095236,0.7474486
1562,0.50619245,0.48538163,0.49365166,0.5132907,0.5890725,0.44004005,0.687416,0.6873215,0.7136138
1563,0.43312883,0.564677,0.4212454,0.45338637,0.50584716,0.36595118,0.5916288,0.5767421,0.58613294
1564,0.39610985,0.40796044,0.39131507,0.54801106,0.59121543,0.41569448,0.71759766,0.6848696,0.66732866
1565,0.47033775,0.4244491,0.47999907,0.48847124,0.52946883,0.3988618,0.65930414,0.62668794,0.6700861
1566,0.47912157,0.5440732,0.44481567,0.5276345,0.59343094,0.41823664,0.6849499,0.64459044,0.67408276
1567,0.46441892,0.44614735,0.47077537,0.47991517,0.5788384,0.38694662,0.6418484,0.68940663,0.6216277
1568,0.54308283,0.5298704,0.545402,0.6622305,0.8464823,0.51371187,0.8660642,0.9826196,0.8141402
1569,0.48886588,0.47275463,0.48159564,0.52975994,0.5789612,0.4248544,0.70939165,0.68153566,0.6834957
1570,0.5340948,0.55801517,0.5494646,0.5214365,0.60773164,0.4251976,0.6607588,0.67891854,0.64835626
1571,0.46218428,0.5133238,0.4525769,0.5433278,0.6437497,0.41710413,0.7214839,0.74860317,0.66528094
1572,0.40973392,0.3275583,0.4091187,0.5665879,0.6161814,0.42855668,0.7488055,0.73820966,0.69005
1573,0.43651915,0.42256021,0.44028202,0.54926777,0.6057089,0.4320338,0.740909,0.72096777,0.7012844
1574,0.4206459,0.40657452,0.4135032,0.5352815,0.54384464,0.41265872,0.7135783,0.6506756,0.6635862
1575,0.40758073,0.504615,0.39274853,0.5076765,0.6035237,0.38823414,0.67221767,0.70384043,0.6277618
1576,0.3279067,0.38696378,0.35437506,0.48595503,0.53640324,0.38399315,0.63655734,0.6441022,0.6098389
1577,0.44280672,0.39134866,0.42275977,0.58309877,0.66852784,0.4408275,0.77131605,0.7927634,0.7204085
1578,0.3631265,0.37212032,0.37951156,0.6098845,0.673582,0.46012306,0.8035045,0.7925468,0.73652285
1579,0.3591104,0.41939268,0.38624382,0.5787495,0.73542446,0.4653293,0.76349056,0.84530246,0.7387656
1580,0.30864736,0.27965966,0.35843438,0.5922853,0.62182,0.46726644,0.78025585,0.74426466,0.74188846
1581,0.53423727,0.50291854,0.518973,0.64113617,0.7540121,0.510721,0.8657306,0.8858089,0.8785094
1582,0.35140675,0.33829165,0.38332984,0.5593069,0.6098236,0.46653348,0.7371287,0.70484775,0.7512839
1583,0.3151013,0.33247745,0.3562119,0.5727919,0.65558994,0.44631374,0.74388546,0.769472,0.7134842
1584,0.38275316,0.31355575,0.38655528,0.63226074,0.7720369,0.47064692,0.8173364,0.88548046,0.75882506
1585,0.45187542,0.3856617,0.44240564,0.6072189,0.7126251,0.49621657,0.8006528,0.8313024,0.796064
1586,0.35164297,0.35340837,0.38343528,0.54836833,0.59687227,0.4373931,0.72757375,0.70514375,0.7012112
1587,0.296803,0.32611188,0.34538767,0.5818392,0.71519756,0.4582353,0.76150924,0.83427525,0.7254565
1588,0.60278124,0.5457751,0.58596873,0.7186198,0.8501368,0.5400634,0.9339275,1.0059186,0.8450493
1589,0.49535668,0.5323113,0.46519297,0.6659838,0.75659883,0.533035,0.8946387,0.9234193,0.84154433
1590,0.42921743,0.44794184,0.42331234,0.62585515,0.7876227,0.4691525,0.8426261,0.9403787,0.760353
1591,0.4782616,0.4177067,0.5218612,0.62738967,0.7204325,0.48577216,0.8362479,0.834358,0.76919955
1592,0.41510937,0.35445786,0.49996227,0.6024902,0.5776404,0.49193755,0.7979379,0.690989,0.7825177
1593,0.4247616,0.46245456,0.43460873,0.695419,0.82545507,0.53721625,0.9160846,1.0089619,0.8485286
1594,0.5881703,0.50461316,0.5609129,0.8453512,0.9932918,0.6748886,1.1294711,1.1801163,1.0976864
1595,0.30193993,0.37321228,0.35129037,0.52251554,0.5820667,0.43197504,0.69942236,0.6850025,0.6930441
1596,0.6348524,0.62800014,0.5974168,0.68124384,0.8251608,0.5603044,0.92511547,0.9899872,0.9532456
1597,0.41529715,0.4929738,0.42072064,0.8102433,0.8449733,0.63552386,1.0599155,0.96482885,1.0120457
1598,0.37864855,0.34663832,0.39960566,0.69714904,0.6967819,0.54395586,0.91697073,0.809241,0.87963974
1599,0.35284433,0.39265087,0.378521,0.7294266,0.8804033,0.5555612,0.9592149,1.0302861,0.9009376
1600,0.62229574,0.5479103,0.6091195,1.0180002,1.2716888,0.7915154,1.3411744,1.4760102,1.2755402
1601,0.4109387,0.4208536,0.42314008,0.8360255,1.0240387,0.64182985,1.1123226,1.2062383,1.0377382
1602,0.2875736,0.28693628,0.33940756,0.6852344,0.77637565,0.53762686,0.91060656,0.91246665,0.86170954
1603,0.57198566,0.6652581,0.52563846,0.69893366,0.8477558,0.5276722,0.89384747,0.9613118,0.8384077
1604,0.35763738,0.28574142,0.3831072,0.6911689,0.82511103,0.5234432,0.9225358,0.97562087,0.85466987
1605,0.33393478,0.27144334,0.36690655,0.7012003,0.83415794,0.51378477,0.93478864,0.99106693,0.82952636
1606,0.34651,0.37894574,0.36653382,0.68787116,0.8537642,0.5352263,0.9200554,1.0203296,0.86312795
1607,0.48326093,0.4085421,0.47033736,0.74009013,0.8478523,0.5804478,0.9708427,0.97885543,0.90574384
1608,0.40588328,0.365139,0.42563745,0.6494691,0.7871052,0.532853,0.88999695,0.94791603,0.8901837
1609,0.32114494,0.31146708,0.36706382,0.67828727,0.7977365,0.5199458,0.90430343,0.9496824,0.84659433
1610,0.38305342,0.34095,0.39890206,0.60404754,0.66387117,0.4928975,0.81974345,0.8014766,0.816378
1611,0.6690545,0.49841508,0.6113675,0.6956305,0.869331,0.62792045,0.91510415,1.033581,0.9066166
1612,0.36858884,0.3599713,0.37817112,0.7193252,0.75802517,0.5337356,0.9472101,0.8866458,0.85683864
1613,0.4113297,0.43833268,0.40944856,0.62148905,0.7312851,0.4976018,0.8433152,0.85514146,0.8371171
1614,0.30860376,0.2976969,0.36012074,0.5943106,0.66142696,0.4826218,0.79324275,0.78135425,0.7774997
1615,0.3168124,0.30388764,0.35466465,0.58272254,0.7642624,0.45520762,0.7807049,0.89504474,0.7419957
1616,0.3085561,0.37771788,0.3847841,0.6689706,0.77672017,0.5237508,0.8809074,0.9083488,0.8383869
1617,0.2885811,0.2848735,0.34644404,0.60391766,0.7211323,0.47397435,0.8008907,0.86105645,0.7640471
1618,0.29647133,0.24629457,0.34072614,0.590384,0.6857279,0.45646393,0.77974135,0.8210413,0.7296509
1619,0.3457926,0.27631593,0.37039286,0.65683836,0.73188555,0.51864254,0.8588104,0.84214646,0.82391214
1620,0.32860067,0.31346768,0.36510465,0.5740193,0.6452434,0.44769534,0.7609362,0.74980587,0.7143678
1621,0.44044837,0.4142028,0.504873,0.6431342,0.7217995,0.4925052,0.86435324,0.85246193,0.79197425
1622,0.36924276,0.32610568,0.39706457,0.65965337,0.7562156,0.5065164,0.8872663,0.9048151,0.8170554
1623,0.35839772,0.31259152,0.35846627,0.65409577,0.7875308,0.5043442,0.88133913,0.95333207,0.821134
1624,0.355189,0.30706373,0.38177264,0.6403982,0.7784042,0.49179658,0.866604,0.9204702,0.8109347
1625,0.4088518,0.3913275,0.41431046,0.6343034,0.7161622,0.5302665,0.8640445,0.8593417,0.87776554
1626,0.40491763,0.34721988,0.42209488,0.618071,0.6591128,0.506543,0.8199698,0.7938448,0.7993307
1627,0.3654465,0.31827563,0.37583095,0.66394275,0.7763878,0.53950787,0.9036838,0.93885124,0.87267023
1628,0.28900337,0.27524614,0.34588164,0.5983825,0.72369474,0.46359423,0.8000361,0.84520453,0.7570173
1629,0.37228236,0.42107722,0.36301675,0.6459961,0.7499457,0.49875346,0.8606937,0.87933856,0.81234676
1630,0.30114147,0.3762214,0.3559982,0.5970034,0.6846462,0.48207515,0.8099666,0.8284886,0.78428125
1631,0.40681568,0.33622354,0.40207148,0.62809646,0.720413,0.49119243,0.85227275,0.87922096,0.8325804
1632,0.29003593,0.2315813,0.3447908,0.56864434,0.6566045,0.45143917,0.7616404,0.7719405,0.7440215
1633,0.35742515,0.276705,0.36208832,0.530853,0.6436033,0.4286088,0.71310204,0.7676343,0.7142374
1634,0.3919446,0.4592754,0.4003553,0.6787164,0.83178455,0.5141078,0.9134307,0.9811366,0.85367054
1635,0.2984547,0.2925396,0.3584929,0.57972074,0.65824413,0.47015223,0.7679896,0.7825658,0.7558082
1636,0.3219398,0.32406393,0.37222773,1.0815394,0.90916884,1.3968524,0.8602049,0.9509519,0.7834959
1637,0.52181613,0.5777626,0.48421583,0.68467575,0.7638557,0.5725712,0.92510265,0.9049674,0.93914557
1638,0.39348695,0.45491815,0.4047079,0.58209753,0.6517685,0.45119897,0.7628265,0.7407172,0.72265244
1639,0.5230581,0.44872934,0.6298546,0.5299635,0.6567128,0.45121816,0.69956404,0.7597708,0.6957182
1640,0.6704178,0.68274844,0.62719923,0.520822,0.5732517,0.43823284,0.6708364,0.67438185,0.6553484
1641,0.42248943,0.40419346,0.4524205,0.5575917,0.6416916,0.4592897,0.7744794,0.7845625,0.793992
1642,0.34401867,0.3162164,0.3858245,0.5574123,0.6117978,0.42935792,0.75129515,0.730583,0.7045555
1643,0.32102415,0.26348495,0.35632282,0.44198164,0.47343367,0.362167,0.6139214,0.58033556,0.60215735
1644,0.28703105,0.27154016,0.34430265,0.48139042,0.5563973,0.39086476,0.66602063,0.6747069,0.6499016
1645,0.32567897,0.27401784,0.36228368,0.5153223,0.62661844,0.40571442,0.712087,0.74283355,0.68126833
1646,0.2755113,0.25505328,0.3394305,0.50232875,0.52432036,0.40548453,0.68754184,0.6298917,0.67538846
1647,0.31432378,0.3098392,0.35711035,0.46227,0.5563559,0.37685272,0.61558414,0.6823814,0.61071545
1648,0.25019684,0.18352897,0.30723637,0.43222612,0.43971094,0.35050225,0.5900402,0.53252673,0.5678959
1649,0.26642707,0.27555245,0.317356,0.48744953,0.5700657,0.3799819,0.6450506,0.6945619,0.61115694
1650,0.26330927,0.2923076,0.31714413,0.47090062,0.5659247,0.3830822,0.6325077,0.6792466,0.6176639
1651,0.2499075,0.21709485,0.31558874,0.50436425,0.6201856,0.38955316,0.6736012,0.73732054,0.6292342
1652,0.26993912,0.20967531,0.33168623,0.47933102,0.5438935,0.38902444,0.64257115,0.65011144,0.6231785
1653,0.26644495,0.21886536,0.32376564,0.54820085,0.70745707,0.43558317,0.7293656,0.83483505,0.70430523
1654,0.23262237,0.18184516,0.30478272,0.5506427,0.6520405,0.420501,0.7416698,0.76803845,0.68702245
1655,0.25874746,0.3234812,0.3299468,0.55325043,0.62782145,0.42589596,0.73147225,0.7404364,0.6847196
1656,0.6154901,0.6418136,0.59172904,0.4505754,1.0561577,0.14072198,0.7173128,0.7424308,0.7087682
1657,0.48297617,0.41061243,0.51649815,0.52847224,0.599191,0.43458608,0.7176389,0.7454723,0.68035454
1658,0.42688873,0.52411467,0.3962311,0.53539693,0.711858,0.41451734,0.73958135,0.8600263,0.6921308
1659,0.3350444,0.32896057,0.34900174,0.58515096,0.6826528,0.45572257,0.8021906,0.81183594,0.7640684
1660,0.28434262,0.2915741,0.31890318,0.52973115,0.5736881,0.40691856,0.7130503,0.6877825,0.66840667
1661,0.34364235,0.3499992,0.37491837,0.62535214,0.79680425,0.47837716,0.84514326,0.95158756,0.7992766
1662,0.3549472,0.31681532,0.35196677,0.61786157,0.6928177,0.47861528,0.8469028,0.82268655,0.8127331
1663,0.4392048,0.4081677,0.39814502,0.62570715,0.6963373,0.4901801,0.8549738,0.800522,0.829387
1664,0.36151624,0.29165816,0.35130924,0.6877041,0.8128232,0.50718623,0.9355168,0.96010375,0.84815097
1665,0.3686489,0.33438894,0.38860315,0.61148465,0.6797746,0.49136513,0.8367216,0.81604654,0.80102956
1666,0.2942774,0.32768655,0.32836208,0.6733198,0.8160037,0.51504564,0.89146626,0.95044076,0.8261065
1667,0.35172185,0.33084798,0.35909736,0.6321929,0.737519,0.5076789,0.84268296,0.88080007,0.8332613
1668,0.36349535,0.2958767,0.38422403,0.6486339,0.76601744,0.498463,0.8720878,0.9286676,0.8268246
1669,0.44377792,0.514093,0.40767807,0.57956994,0.6645227,0.43903843,0.7421454,0.75917923,0.7014465
1670,0.31365103,0.27624646,0.34683603,0.6013259,0.71340615,0.46230868,0.80531424,0.847942,0.75063205
1671,0.33452973,0.3466055,0.35872465,0.5584747,0.64205116,0.43919528,0.7363839,0.761811,0.706633
1672,0.6007885,0.60380715,0.549243,0.6633275,0.72337437,0.52936155,0.86939913,0.83152723,0.8678031
1673,0.5808713,0.6298813,0.5179932,0.6708276,0.73598075,0.531354,0.87335056,0.83253527,0.85870016
1674,0.45042616,0.41173527,0.454702,0.6151103,0.76148,0.48846078,0.8082743,0.89065135,0.77654046
1675,0.33979407,0.26487246,0.38928616,0.42905903,0.9962141,0.124575935,0.715987,0.72039586,0.70357454
1676,0.47555867,0.50048053,0.46336412,0.5667771,0.6660788,0.42685366,0.7443066,0.7902557,0.6846843
1677,0.28244975,0.30128574,0.33908713,0.47225234,0.54058844,0.39204323,0.6472367,0.6576607,0.64393264
1678,0.3913035,0.3764715,0.38421628,0.5562116,0.66571736,0.43674806,0.75821877,0.8047814,0.72200364
1679,0.2813248,0.24704349,0.34304246,0.57196826,0.71336454,0.45129067,0.7754841,0.8463799,0.7343508
1680,0.25578606,0.22530712,0.31652746,0.5205897,0.57331264,0.3943728,0.70648056,0.6972122,0.654737
1681,0.27426222,0.2148591,0.31164822,0.57489556,0.6563979,0.44905633,0.78467315,0.79456097,0.74316907
1682,0.29789472,0.27920553,0.3382764,0.5740216,0.66850215,0.4474535,0.7924002,0.81298554,0.75789165
1683,0.27431878,0.25363836,0.3232208,0.53285074,0.66176987,0.41805893,0.72082144,0.78981096,0.685378
1684,0.25254488,0.22361507,0.31432408,0.5220186,0.61430913,0.40843934,0.70631105,0.7302492,0.6764237
1685,0.3395355,0.3665316,0.3459778,0.65633255,0.77340925,0.48203123,0.887206,0.9512831,0.7976813
1686,0.310022,0.32434452,0.34047988,0.50685775,0.58849895,0.4190179,0.6872355,0.69491893,0.6832813
1687,0.25076246,0.18712768,0.31742725,0.5023353,0.56784534,0.39187667,0.6767205,0.6839948,0.6453927
1688,0.26100975,0.31493995,0.30332476,0.45779356,0.552477,0.3663442,0.6120596,0.65604126,0.59755313
1689,0.31121913,0.35811964,0.3325048,0.5141904,0.65976685,0.40054068,0.6880317,0.7965326,0.6529635
1690,0.3509271,0.36179984,0.3447804,0.51728266,0.60256463,0.40264615,0.68241173,0.72341496,0.64634687
1691,0.3692681,0.3946433,0.35594118,0.52704716,0.6504949,0.4188518,0.68153995,0.74544585,0.6624109
1692,0.29776484,0.26320866,0.3372483,0.572411,0.693825,0.45407176,0.7655529,0.82147944,0.7307691
1693,0.26129195,0.23767169,0.31279796,0.5475814,0.6440239,0.43004534,0.7371379,0.7727567,0.7014201
1694,0.22263137,0.19998728,0.29529753,0.5105076,0.58776253,0.41427484,0.6702308,0.6965664,0.66354704
1695,0.24525335,0.28404498,0.2897641,0.60549885,0.7283796,0.45222408,0.8130602,0.8626312,0.7354872
1696,0.4718219,0.38643178,0.53402144,0.36900115,1.0070319,0.0900111,0.8024006,0.86333483,0.76629514
1697,0.41104785,0.3860936,0.49455744,0.655423,0.8284143,0.498471,0.8645944,0.95295334,0.78792435
1698,0.494012,0.50557095,0.4525893,0.59089196,0.72633594,0.44304082,0.76801574,0.8178922,0.7149372
