method,t,wnorm,loss
SN-OMD (M=5),1,8.000000000000002,2.3417687592967833
SN-OMD (M=5),51,26.558995541579414,0.8483265486483493
SN-OMD (M=5),101,24.749251245161503,784.6320160371721
SN-OMD (M=5),151,23.25464546655121,56.55349389140635
SN-OMD (M=5),201,22.08552964976557,697.2495507697705
SN-OMD (M=5),251,21.10125040908481,10.484335804112321
SN-OMD (M=5),301,20.353651813533734,34.15463958887678
SN-OMD (M=5),351,20.093267489288902,5.462940593549693
SN-OMD (M=5),401,19.68532280766788,3.8059281351749132
SN-OMD (M=5),451,19.26494104915432,8.418016760557043
SN-OMD (M=5),501,18.65033665021451,31.399720137151462
SN-OMD (M=5),551,18.392584999858567,0.3226943756049803
SN-OMD (M=5),601,18.157159090076487,115.28633415169693
SN-OMD (M=5),651,17.924825304841782,5.060756948954338
SN-OMD (M=5),701,17.61552808842518,40.5068871334989
SN-OMD (M=5),751,17.4251880122718,151.24775636876873
SN-OMD (M=5),801,17.21859437753747,2.6011914308078796
SN-OMD (M=5),851,16.985974116238626,57.73298543099028
SN-OMD (M=5),901,16.63636294145919,2.2717132580348953
SN-OMD (M=5),951,16.30333892611581,3.962406623927582
SN-OMD (M=5),1001,16.03897575573246,8.838406318512888
SN-OMD (M=5),1051,15.760084394117447,21.082617380283914
SN-OMD (M=5),1101,15.481240055311423,25.934060742707164
SN-OMD (M=5),1151,15.294542260908205,3.6768757428801093
SN-OMD (M=5),1201,15.07145520230897,12.965313584351152
SN-OMD (M=5),1251,14.879851048288993,15.117892967204003
SN-OMD (M=5),1301,14.694864436748162,0.001587472662454273
SN-OMD (M=5),1351,14.531719615768464,0.3116232487020222
SN-OMD (M=5),1401,14.408251502053899,36.69901151881855
SN-OMD (M=5),1451,14.243677944051067,0.00217588637047278
SN-OMD (M=5),1501,14.100525253220232,0.9899401844062975
SN-OMD (M=5),1551,13.909936111057684,0.46184464181578166
SN-OMD (M=5),1601,13.794070685155702,21.395132219062617
SN-OMD (M=5),1651,13.655285530689637,0.07680943180736896
SN-OMD (M=5),1701,13.49852816160819,0.1760617587003737
SN-OMD (M=5),1751,13.311184851241322,6.555957662809108
SN-OMD (M=5),1801,13.155406786429056,24.05267655926119
SN-OMD (M=5),1851,13.086356637757905,16.102948305282595
SN-OMD (M=5),1901,12.99692782521957,0.06981382620631456
SN-OMD (M=5),1951,12.925013695198702,0.9240341304807008
SN-OMD (M=5),2001,12.84322466360265,12.354363877171222
SN-OMD (M=5),2051,12.744139678766622,28.175054652882025
SN-OMD (M=5),2101,12.627118176829267,10.135367036171102
SN-OMD (M=5),2151,12.48201093570522,1.4089558605770593
SN-OMD (M=5),2201,12.398327792377405,29.836037825485885
SN-OMD (M=5),2251,12.335166351859781,5.5575601386208655
SN-OMD (M=5),2301,12.19350248770889,11.28177874809694
SN-OMD (M=5),2351,12.119446062663258,3.794793664496371
SN-OMD (M=5),2401,12.050442302099691,17.459732281904138
SN-OMD (M=5),2451,11.953808749109552,12.81733291618594
SN-OMD (M=5),2501,11.825642772626177,1.0875642433904604
SN-OMD (M=5),2551,11.766935805836011,0.15369692149411257
SN-OMD (M=5),2601,11.695647767885536,1.534572897816388
SN-OMD (M=5),2651,11.603406618187865,22.70099678195089
SN-OMD (M=5),2701,11.526742453080685,0.4880125439836322
SN-OMD (M=5),2751,11.448818877610911,15.937750795076461
SN-OMD (M=5),2801,11.270885008894536,20.025508184386343
SN-OMD (M=5),2851,11.180283613728836,4.84422577135615
SN-OMD (M=5),2901,11.138030899294025,0.05488238159389601
SN-OMD (M=5),2951,11.077301280865068,0.009373774719473055
SN-OMD (M=5),3001,10.745184384398572,2.857264817891999
SN-OMD (M=5),3051,10.614043278655261,5.607699731337667
SN-OMD (M=5),3101,10.46905020725338,3.266646713354707
SN-OMD (M=5),3151,10.377989881050379,5.454611547612476
SN-OMD (M=5),3201,10.304666289446418,0.29484773086168864
SN-OMD (M=5),3251,10.20628155996157,0.9317860804180075
SN-OMD (M=5),3301,10.134420814643768,0.0331116696575431
SN-OMD (M=5),3351,10.082354174031677,0.012266962833482145
SN-OMD (M=5),3401,10.024464779086387,0.8646239719523563
SN-OMD (M=5),3451,9.97537839889208,0.7522387037638267
SN-OMD (M=5),3501,9.94579432181484,1.4307647505913175
SN-OMD (M=5),3551,9.906022959629862,0.109442771566597
SN-OMD (M=5),3601,9.872190739540951,3.0397623983878037
SN-OMD (M=5),3651,9.808751930093933,4.235985300225336
SN-OMD (M=5),3701,9.784156542969676,0.25087218341658013
SN-OMD (M=5),3751,9.731374319427658,0.09493092067363462
SN-OMD (M=5),3801,9.691200212817611,0.3757793966124091
SN-OMD (M=5),3851,9.64408143007704,0.17045266371845655
SN-OMD (M=5),3901,9.6218005635024,1.7062095777788873
SN-OMD (M=5),3951,9.564594475363004,3.3495765662981354
SN-OMD (M=5),4001,9.515637898111246,0.9679104208702095
SN-OMD (M=5),4051,9.495032878179614,1.1282721073955897
SN-OMD (M=5),4101,9.456527375609435,1.291358698568023
SN-OMD (M=5),4151,9.421652836094962,0.05215893474200251
SN-OMD (M=5),4201,9.380226296089361,4.402323386504588
SN-OMD (M=5),4251,9.358227541187413,0.3832904612756047
SN-OMD (M=5),4301,9.339712479304586,0.30879845604476197
SN-OMD (M=5),4351,9.31609847975094,0.5410048820960962
SN-OMD (M=5),4401,9.302199841053733,0.0004074470805760924
SN-OMD (M=5),4451,9.262036032040148,1.6932909396727214
SN-OMD (M=5),4501,9.194467747809298,2.766523506828698
SN-OMD (M=5),4551,9.132937506187554,0.7884642341492429
SN-OMD (M=5),4601,9.093030130566214,11.9930809395982
SN-OMD (M=5),4651,9.045020526512497,0.10227240176722499
SN-OMD (M=5),4701,8.99953053551023,0.09274489782240558
SN-OMD (M=5),4751,8.9706089160789,1.4493654786181138
SN-OMD (M=5),4801,8.959151192981126,0.452265306524091
SN-OMD (M=5),4851,8.938953532644652,0.02805607326049531
SN-OMD (M=5),4901,8.91961913051329,0.01928053229462162
SN-OMD (M=5),4951,8.876887998733443,1.0457483522792466
SN-OMD (M=5),5001,8.82472143861387,0.1963580539605149
SN-OMD (M=5),5051,8.75898330365995,0.9785431915396268
SN-OMD (M=5),5101,8.717538282498793,1.2019617345397258
SN-OMD (M=5),5151,8.679261842049605,0.36318135585669703
SN-OMD (M=5),5201,8.644321080919841,4.505110340850857
SN-OMD (M=5),5251,8.606342161492593,5.014365109145206
SN-OMD (M=5),5301,8.552285434107956,0.009188852028852374
SN-OMD (M=5),5351,8.517302005112239,2.6663674657175696
SN-OMD (M=5),5401,8.474129681087714,0.5563406791584035
SN-OMD (M=5),5451,8.441094236014003,0.5733752509692538
SN-OMD (M=5),5501,8.377875951101423,0.019139978389276176
SN-OMD (M=5),5551,8.335681515789299,0.1033877742351402
SN-OMD (M=5),5601,8.312261861246654,5.791937471819498
SN-OMD (M=5),5651,8.281367551617377,26.042511145759853
SN-OMD (M=5),5701,8.26108547923019,0.0016443586114900186
SN-OMD (M=5),5751,8.185548422770951,0.009386588086308035
SN-OMD (M=5),5801,8.147987066703944,9.74992453728585
SN-OMD (M=5),5851,8.104119945346188,0.054801201883614294
SN-OMD (M=5),5901,8.077004090226954,0.1370840056676815
SN-OMD (M=5),5951,8.022984597219875,0.0019733594830959856
SN-OMD (M=5),6001,7.9839113667871,2.1236884721733578
SN-OMD (M=5),6051,7.959138282378456,0.3010692369285748
SN-OMD (M=5),6101,7.918210983147433,0.16590925203346185
SN-OMD (M=5),6151,7.89286205396824,1.0747770558684109
SN-OMD (M=5),6201,7.861632747864529,5.9489813760263175
SN-OMD (M=5),6251,7.838164070220996,0.9122648508827673
SN-OMD (M=5),6301,7.808615722512934,1.3184701849674694
SN-OMD (M=5),6351,7.715513599204451,0.0010514889308901956
SN-OMD (M=5),6401,7.660572919707423,0.07543935605079297
SN-OMD (M=5),6451,7.647122713278038,7.312446507906548
SN-OMD (M=5),6501,7.620238362702496,0.3264891296248359
SN-OMD (M=5),6551,7.597678081172733,0.2822132548775261
SN-OMD (M=5),6601,7.58061088860149,0.818688907351023
SN-OMD (M=5),6651,7.552965019014807,0.4622906077158113
SN-OMD (M=5),6701,7.534255390792606,2.5310680039764035
SN-OMD (M=5),6751,7.52852086525791,0.8386137384697392
SN-OMD (M=5),6801,7.317250212392366,31.929364399760072
SN-OMD (M=5),6851,6.682918172897427,2.5077191405903245
SN-OMD (M=5),6901,6.545464705531596,30.286914661720456
SN-OMD (M=5),6951,6.446209572645684,17.129005942892945
SN-OMD (M=5),7001,6.346580446353588,15.357471504133663
SN-OMD (M=5),7051,6.296988590970887,5.24901051963189
SN-OMD (M=5),7101,6.266509974044086,7.199458609674757
SN-OMD (M=5),7151,6.217391201244702,0.6274533282582238
SN-OMD (M=5),7201,6.174869598914748,12.792836183823143
SN-OMD (M=5),7251,6.114183931979908,60.421199500257586
SN-OMD (M=5),7301,6.0587394639438745,0.001983270522875629
SN-OMD (M=5),7351,5.977061053749903,0.5415592359648663
SN-OMD (M=5),7401,5.937814503260493,3.1782874183233183
SN-OMD (M=5),7451,5.9063483032614785,1.1463837572051259
SN-OMD (M=5),7501,5.8777461047582324,2.35922908357119
SN-OMD (M=5),7551,5.846805003777981,0.037167489906744705
SN-OMD (M=5),7601,5.834109158327553,0.46940775727554707
SN-OMD (M=5),7651,5.755823020080325,0.6765848010096174
SN-OMD (M=5),7701,5.6843071097063635,9.022303878495414
SN-OMD (M=5),7751,5.649156386523936,0.010882032454581865
SN-OMD (M=5),7801,5.631149168682225,0.14383082783310186
SN-OMD (M=5),7851,5.5785562750558135,0.0681754655071901
SN-OMD (M=5),7901,5.522610254676489,2.275127167561087
SN-OMD (M=5),7951,5.45268158342819,0.4485062801318734
SN-OMD (M=5),8001,5.380463407469316,0.14801805972147516
SN-OMD (M=5),8051,5.362065247884717,0.19716219964485726
SN-OMD (M=5),8101,5.315717092523844,1.1636527975667077
SN-OMD (M=5),8151,5.266189939823857,0.6648794657022741
SN-OMD (M=5),8201,5.236454063695533,0.6082997116690707
SN-OMD (M=5),8251,5.189996429708061,0.056756522233571534
SN-OMD (M=5),8301,5.1624831371740365,0.03847474922931796
SN-OMD (M=5),8351,5.137630629355691,2.004909094951096
SN-OMD (M=5),8401,5.10855561481313,0.10249124609722737
SN-OMD (M=5),8451,5.0661598303154705,0.5037303019138273
SN-OMD (M=5),8501,5.03457419135311,0.7669164311963894
SN-OMD (M=5),8551,5.007882562234709,0.7931772828243502
SN-OMD (M=5),8601,4.990065018473474,2.1301407384555313
SN-OMD (M=5),8651,4.970679850789891,0.5443078820611438
SN-OMD (M=5),8701,4.919118925777176,1.075323382765677
SN-OMD (M=5),8751,4.909716921611295,0.4956971453899805
SN-OMD (M=5),8801,4.885677387783797,0.6387151997277069
SN-OMD (M=5),8851,4.852294195906086,2.3397331834975037
SN-OMD (M=5),8901,4.812413828446132,0.9032842052307304
SN-OMD (M=5),8951,4.774283536831607,0.07091404646279202
SN-OMD (M=5),9001,4.724125806330629,0.9852737912587418
SN-OMD (M=5),9051,4.703717985544945,0.000951171450057909
SN-OMD (M=5),9101,4.698281717674567,1.0609445709523087
SN-OMD (M=5),9151,4.659429162555533,1.170611290803021
SN-OMD (M=5),9201,4.621990285825856,2.222046037187667
SN-OMD (M=5),9251,4.591744895240095,1.4533673111482592
SN-OMD (M=5),9301,4.555393589937361,8.595896968141187
SN-OMD (M=5),9351,4.501688835513582,0.3480278183795795
SN-OMD (M=5),9401,4.4634705772010355,0.04045517678402449
SN-OMD (M=5),9451,4.424069385645362,34.780115444602345
SN-OMD (M=5),9501,4.38883881809069,4.996190339995145
SN-OMD (M=5),9551,4.3547078306413445,0.9612169850585033
SN-OMD (M=5),9601,4.329996288341533,8.566011396593051
SN-OMD (M=5),9651,4.311364315335453,0.10122739352167234
SN-OMD (M=5),9701,4.288284059792285,0.5304916021346123
SN-OMD (M=5),9751,4.247930630098081,0.13167853639043126
SN-OMD (M=5),9801,4.222875477718533,0.2180563992127335
SN-OMD (M=5),9851,4.160493750689336,1.2897740071567945
SN-OMD (M=5),9901,4.12634838609883,1.1318312318242036
SN-OMD (M=5),9951,4.105444714792669,1.1447420609261831
SN-OMD (M=5),10001,4.066876640079176,8.660201759550155
SN-OMD (M=5),10051,4.011560502477086,13.729193998622394
SN-OMD (M=5),10101,3.9841871446943076,0.1612344632253305
SN-OMD (M=5),10151,3.9275830568651773,0.08009685452747056
SN-OMD (M=5),10201,3.8175326561823013,0.20726302835580174
SN-OMD (M=5),10251,3.7727018602840148,0.11745313288772861
SN-OMD (M=5),10301,3.7010899668906427,0.000962654001273713
SN-OMD (M=5),10351,3.6254937505047056,3.053781577019234
SN-OMD (M=5),10401,3.590712214346618,3.4122256980526324
SN-OMD (M=5),10451,3.534678979819286,0.06973110819589816
SN-OMD (M=5),10501,3.474963333190964,2.6208529569508268
SN-OMD (M=5),10551,3.436564100632466,0.8803609835806671
SN-OMD (M=5),10601,3.395652375027593,0.24899272758390575
SN-OMD (M=5),10651,3.3682249877515353,1.9444466074934441
SN-OMD (M=5),10701,3.357608855351935,0.015523759282800914
SN-OMD (M=5),10751,3.337850818946166,3.954347111531329
SN-OMD (M=5),10801,3.3039966893650585,2.1504780156692784
SN-OMD (M=5),10851,3.2573786184870945,0.7510623736915836
SN-OMD (M=5),10901,3.2299351272995103,0.3718390731414277
SN-OMD (M=5),10951,3.1925318321986227,20.79087858940411
SN-OMD (M=5),11001,3.1247787833077436,0.16044837211983298
SN-OMD (M=5),11051,3.0652606429831626,2.7076726011474266
SN-OMD (M=5),11101,3.050578864757598,0.00022164735017977602
SN-OMD (M=5),11151,3.0084925032170036,0.02960200381577669
SN-OMD (M=5),11201,2.978055161025996,3.5361589137522036
SN-OMD (M=5),11251,2.9290479000869167,1.6701885583746352
SN-OMD (M=5),11301,2.9217586978171664,0.241632978691567
SN-OMD (M=5),11351,2.907458367031223,3.022162706845213
SN-OMD (M=5),11401,2.871185842123405,0.4878706930158096
SN-OMD (M=5),11451,2.836268418997891,1.0675826461951363
SN-OMD (M=5),11501,2.859515688961981,0.10104798251638145
SN-OMD (M=5),11551,2.844587609186601,1.8720211047347002
SN-OMD (M=5),11601,2.784144613529905,0.07233598425261228
SN-OMD (M=5),11651,2.773857458431721,0.2574732289917452
SN-OMD (M=5),11701,2.7708573468104234,0.7529560799789162
SN-OMD (M=5),11751,2.7695816147275862,2.929496101088806e-05
SN-OMD (M=5),11801,2.727473014865769,0.607082945294052
SN-OMD (M=5),11851,2.685879799318668,3.8107226580448685
SN-OMD (M=5),11901,2.664403997659029,0.05978663815894202
SN-OMD (M=5),11951,2.653252664175136,0.017740282023400396
SN-OMD (M=5),12001,2.6473963555503226,1.141720788171047
SN-OMD (M=5),12051,2.616355497627336,0.0019352563679649107
SN-OMD (M=5),12101,2.5955875765937066,2.7840029257074024
SN-OMD (M=5),12151,2.6330905695733646,3.2027445026575627
SN-OMD (M=5),12201,2.6502349081764187,13.369381532047042
SN-OMD (M=5),12251,2.6596205386514318,0.5340572463347603
SN-OMD (M=5),12301,2.631507890908915,0.1176152657188815
SN-OMD (M=5),12351,2.6413417496970766,1.357154413585788
SN-OMD (M=5),12401,2.6546031910213053,0.23421175955467502
SN-OMD (M=5),12451,2.6573078627018196,1.861950937828003
SN-OMD (M=5),12501,2.642824891840345,3.827961730294186
SN-OMD (M=5),12551,2.535365608964938,3.9007338747696854
SN-OMD (M=5),12601,2.5035042533283764,0.06994270208990624
SN-OMD (M=5),12651,2.4983556147454697,1.789981963606883
SN-OMD (M=5),12701,2.463886310434585,0.004136648481571399
SN-OMD (M=5),12751,2.4677781242937784,0.0010310011693863443
SN-OMD (M=5),12801,2.4451079242779743,0.09584879892283342
SN-OMD (M=5),12851,2.4320381368617574,1.01052360710326
SN-OMD (M=5),12901,2.41030167057058,0.39774662527130683
SN-OMD (M=5),12951,2.4214392552466233,0.23260303190031154
SN-OMD (M=5),13001,2.3838263679776315,5.7272456172463455
SN-OMD (M=5),13051,2.3665079941982357,2.1849828101931568
SN-OMD (M=5),13101,2.3627685410175374,2.0991461731534096
SN-OMD (M=5),13151,2.354148535789993,2.7307193420009703
SN-OMD (M=5),13201,2.308757012255063,0.07973152602735294
SN-OMD (M=5),13251,2.2688896007965855,0.005521069280125919
SN-OMD (M=5),13301,2.2745680148383136,0.5772777830186726
SN-OMD (M=5),13351,2.2794785430221767,0.2820091564108134
SN-OMD (M=5),13401,2.243732263693034,1.3180256423333603
SN-OMD (M=5),13451,2.2355678082284975,0.18596358987251005
SN-OMD (M=5),13501,2.223872739565093,0.10224231702056277
SN-OMD (M=5),13551,2.2103842819950987,0.0031161056897609342
SN-OMD (M=5),13601,2.2012518416996523,0.35592991282036224
SN-OMD (M=5),13651,2.186143101461916,3.0599118439860997
SN-OMD (M=5),13701,2.1737125543840645,0.0002119121929514354
SN-OMD (M=5),13751,2.1662517766375764,0.01413226678771155
SN-OMD (M=5),13801,2.200960625380681,0.5572748572709998
SN-OMD (M=5),13851,2.236748838070631,0.9173896945108357
SN-OMD (M=5),13901,2.175231873433527,0.10362611195680861
SN-OMD (M=5),13951,2.139498387749507,1.4604380498118756
SN-OMD (M=5),14001,2.134149532411917,0.9883635173019294
SN-OMD (M=5),14051,2.152146150475865,1.7531868490322535
SN-OMD (M=5),14101,2.1390187289257168,0.025964894763073194
SN-OMD (M=5),14151,2.134790583756432,0.4872893141972414
SN-OMD (M=5),14201,2.11504762544403,1.4503188013357917
SN-OMD (M=5),14251,2.088312571133648,0.0067757359652625936
SN-OMD (M=5),14301,2.079047582072105,0.6801436656557239
SN-OMD (M=5),14351,2.088182167527342,0.1403157862868877
SN-OMD (M=5),14401,2.087729671222093,1.1620861966448541
SN-OMD (M=5),14451,2.07991330015267,0.4160756561268227
SN-OMD (M=5),14501,2.0450332370702045,0.5751212747760813
SN-OMD (M=5),14551,2.026947604892423,0.5515765436636562
SN-OMD (M=5),14601,1.993545620774985,0.0354836698101586
SN-OMD (M=5),14651,1.9826173339956246,0.052307115865224185
SN-OMD (M=5),14701,1.9706849309451795,0.7642768100640897
SN-OMD (M=5),14751,1.9821789154098262,0.0009150645796472211
SN-OMD (M=5),14801,1.9699199838472807,0.7393083629961293
SN-OMD (M=5),14851,1.9519370694130165,0.8712567723115918
SN-OMD (M=5),14901,1.9692709241497692,0.6316190802346738
SN-OMD (M=5),14951,1.9386429231123994,0.2025107940603844
SN-OMD (M=5),15001,1.9331235880839108,2.8931275563819536
SN-OMD (M=5),15051,1.9268105105970954,0.04233506340813941
SN-OMD (M=5),15101,1.9306509335836928,0.4433514345655441
SN-OMD (M=5),15151,1.954451034371514,1.650611876795997
SN-OMD (M=5),15201,1.9657250371193336,0.08427712591311551
SN-OMD (M=5),15251,1.9189884823821644,0.294477535837618
SN-OMD (M=5),15301,1.9916046363761628,1.1543819820181367
SN-OMD (M=5),15351,1.9120392147405139,0.2391676295915768
SN-OMD (M=5),15401,1.9455199506110263,0.19063085320687442
SN-OMD (M=5),15451,1.9036425911645416,0.08914868406717243
SN-OMD (M=5),15501,1.893037789243018,0.12558318435288515
SN-OMD (M=5),15551,1.907976030562876,4.064217921950906
SN-OMD (M=5),15601,1.947383344478026,0.11135765483833941
SN-OMD (M=5),15651,1.9373922983531688,0.06042785520386921
SN-OMD (M=5),15701,1.9346737707955457,0.45963503555319446
SN-OMD (M=5),15751,1.956612883298745,0.4977971898413734
SN-OMD (M=5),15801,1.9431464163563512,0.4258479922884244
SN-OMD (M=5),15851,1.9221624750257689,0.014346214966424417
SN-OMD (M=5),15901,1.959022152563692,0.39577500360807755
SN-OMD (M=5),15951,1.92216774028029,0.356918548953755
SN-OMD (M=5),16001,1.914553604806281,0.42409536195887426
SN-OMD (M=5),16051,1.8836925303311953,8.956468078119479e-05
SN-OMD (M=5),16101,1.8738574019322651,0.3160934962042702
SN-OMD (M=5),16151,1.8250251685295802,2.6609828737732717
SN-OMD (M=5),16201,1.8047734973840048,0.5747252235159735
SN-OMD (M=5),16251,1.7948373759019185,0.162638454517338
SN-OMD (M=5),16301,1.8042415243842087,0.970458934430681
SN-OMD (M=5),16351,1.8035039591007338,0.0034128449054672866
SN-OMD (M=5),16401,1.8309666753378786,0.9252524147464635
SN-OMD (M=5),16451,1.8375965140840291,0.08786813800324339
SN-OMD (M=5),16501,1.818201241629825,1.3459988543544914
SN-OMD (M=5),16551,1.8120293853134022,1.1118349574214061
SN-OMD (M=5),16601,1.8123009400197838,7.333170598956801
SN-OMD (M=5),16651,1.773170070293143,0.16782574884917592
SN-OMD (M=5),16701,1.8211707813874785,1.1650849697098058
SN-OMD (M=5),16751,1.7824836172912044,0.0005293391285283314
SN-OMD (M=5),16801,1.785104993280374,0.010984908545685488
SN-OMD (M=5),16851,1.8015216135268584,0.10053953899382505
SN-OMD (M=5),16901,1.783306487762279,0.0592520617067447
SN-OMD (M=5),16951,1.7604954547702252,0.2917575986872408
SN-OMD (M=5),17001,1.6995801332003826,0.9457721466083048
SN-OMD (M=5),17051,1.6578548833962992,0.1193216853726291
SN-OMD (M=5),17101,1.6734618016082246,0.4805294565352411
SN-OMD (M=5),17151,1.6580102450982848,0.010630377910770128
SN-OMD (M=5),17201,1.6709592973259533,0.21225222620734854
SN-OMD (M=5),17251,1.6575290656906372,0.09452059456959416
SN-OMD (M=5),17301,1.6958954562136423,3.4516264244315105
SN-OMD (M=5),17351,1.6471684038157308,0.1169202009633474
SN-OMD (M=5),17401,1.630133990830036,2.672942845430192e-05
SN-OMD (M=5),17451,1.5942079568404888,0.4707613518412611
SN-OMD (M=5),17501,1.5845159054339182,0.06379445612719027
SN-OMD (M=5),17551,1.531942277158781,1.355815700367716
SN-OMD (M=5),17601,1.520665920876117,0.13202925826293727
SN-OMD (M=5),17651,1.5168197539095092,0.0016818031851415568
SN-OMD (M=5),17701,1.5342493759676012,0.36237500331938416
SN-OMD (M=5),17751,1.5732408904094703,0.03974444003992267
SN-OMD (M=5),17801,1.5658955704975697,0.0004361815933386344
SN-OMD (M=5),17851,1.569193130450105,0.04832068114427296
SN-OMD (M=5),17901,1.6071385862012701,0.00936264412492735
SN-OMD (M=5),17951,1.6298546280472295,0.05261697490599275
SN-OMD (M=5),18001,1.593378532749142,0.06684969314102569
SN-OMD (M=5),18051,1.55323375193944,0.04149135554428944
SN-OMD (M=5),18101,1.5421686755054025,0.11900777814653053
SN-OMD (M=5),18151,1.5286574917813671,0.028200927400462157
SN-OMD (M=5),18201,1.5540376353790093,0.013884940322377784
SN-OMD (M=5),18251,1.5304366802990506,0.00017475700303784484
SN-OMD (M=5),18301,1.5073030076665639,6.8117965257399135e-06
SN-OMD (M=5),18351,1.537944904243396,0.0059705632202363725
SN-OMD (M=5),18401,1.4863594964746552,0.056233973092315225
SN-OMD (M=5),18451,1.4718179265732148,0.04137522471612424
SN-OMD (M=5),18501,1.4681364875170726,6.478130185291304e-06
SN-OMD (M=5),18551,1.461074882661661,0.24437621640774648
SN-OMD (M=5),18601,1.4797794610175359,0.014194725662773116
SN-OMD (M=5),18651,1.48515024021892,0.16183312992498428
SN-OMD (M=5),18701,1.5242394443698317,0.015517916583747867
SN-OMD (M=5),18751,1.477261337342102,0.024767747639090707
SN-OMD (M=5),18801,1.4752145772708865,2.547868016630132e-05
SN-OMD (M=5),18851,1.4750094305301542,0.26736534807664375
SN-OMD (M=5),18901,1.4570658709044586,0.01440281850680567
SN-OMD (M=5),18951,1.4431040824400907,0.23796383924431008
SN-OMD (M=5),19001,1.4553611328289746,0.0026569711177248344
SN-OMD (M=5),19051,1.4452619645573976,0.9208037269346864
SN-OMD (M=5),19101,1.4338604662647982,3.615701653903391
SN-OMD (M=5),19151,1.4321032745809,0.02530571103009392
SN-OMD (M=5),19201,1.416586543103787,0.2164521456452618
SN-OMD (M=5),19251,1.433972095789239,0.4962455783921767
SN-OMD (M=5),19301,1.4686122150897798,0.09837701676003589
SN-OMD (M=5),19351,1.4574324111698478,1.6658712338499975
SN-OMD (M=5),19401,1.4127433259670872,0.19668471601102275
SN-OMD (M=5),19451,1.379312608053019,0.0005352395886689986
SN-OMD (M=5),19501,1.3493309370303093,0.0192046328428788
SN-OMD (M=5),19551,1.3615783129498968,0.0521953219237008
SN-OMD (M=5),19601,1.3739521402497363,0.06436846435058619
SN-OMD (M=5),19651,1.3418442741739947,0.027394700228192133
SN-OMD (M=5),19701,1.3423290866965827,0.07913499582485403
SN-OMD (M=5),19751,1.3382853723808328,0.7340630510662106
SN-OMD (M=5),19801,1.2974152377363473,0.07373272633969148
SN-OMD (M=5),19851,1.311994435689589,0.06771547946523622
SN-OMD (M=5),19901,1.2966548532149267,0.020848053813829225
SN-OMD (M=5),19951,1.2918451432001323,0.008383314272319566
SN-OMD (M=5),20001,1.2860208005371687,0.011458839268710054
SN-OMD (M=5),20051,1.3293317971303815,0.13512451999113043
SN-OMD (M=5),20101,1.3227854776462726,0.101003514378162
SN-OMD (M=5),20151,1.3085500229534566,0.27556520213874514
SN-OMD (M=5),20201,1.3159175085397217,0.017689258102799067
SN-OMD (M=5),20251,1.331382961237104,0.14433026013924985
SN-OMD (M=5),20301,1.3185349568230662,0.13667302432092762
SN-OMD (M=5),20351,1.315994105308933,0.05195516128652811
SN-OMD (M=5),20401,1.2935000222403052,0.0049155860086133735
SN-OMD (M=5),20451,1.2739186109693503,0.002671985732655786
SN-OMD (M=5),20501,1.2848581401516954,0.07358332837538475
SN-OMD (M=5),20551,1.2713263022739383,0.00532435692731532
SN-OMD (M=5),20601,1.2833797683437367,1.2899600085188982
SN-OMD (M=5),20651,1.2620969483440558,0.05428089217122832
SN-OMD (M=5),20701,1.2712779194399113,0.04659891208249437
SN-OMD (M=5),20751,1.2803407570155783,0.00026373463197049135
SN-OMD (M=5),20801,1.274552448532823,0.03763717836828208
SN-OMD (M=5),20851,1.2748065687360068,0.04079356366652986
SN-OMD (M=5),20901,1.266545608957729,0.11093302476003361
SN-OMD (M=5),20951,1.2482543450892467,0.045065910549231564
SN-OMD (M=5),21001,1.2382264812134853,0.0996107449867325
SN-OMD (M=5),21051,1.2083719213459747,0.0010700986977511544
SN-OMD (M=5),21101,1.2026199699316669,1.3700788808913031
SN-OMD (M=5),21151,1.2326367963201244,0.0072155057422831894
SN-OMD (M=5),21201,1.2117249546896292,0.11061518024066903
SN-OMD (M=5),21251,1.1932200445026802,0.009784063581019777
SN-OMD (M=5),21301,1.2342252011591641,0.20531887936286175
SN-OMD (M=5),21351,1.2471722021576728,0.13107591558971293
SN-OMD (M=5),21401,1.2361028835547967,0.005293303235539131
SN-OMD (M=5),21451,1.2503746482557758,0.42253525600579006
SN-OMD (M=5),21501,1.2270283957892862,0.001524656891776403
SN-OMD (M=5),21551,1.2295273192074905,0.010364253687186591
SN-OMD (M=5),21601,1.2152491535194068,3.168808265121701
SN-OMD (M=5),21651,1.2331354991722006,0.051526790680432054
SN-OMD (M=5),21701,1.2131082948717673,0.09722898141634254
SN-OMD (M=5),21751,1.2618311429626907,0.3972347694983495
SN-OMD (M=5),21801,1.2541525264231301,0.48956651578182764
SN-OMD (M=5),21851,1.2939189387393122,0.13118648409686678
SN-OMD (M=5),21901,1.2692227711532882,0.00019100235783547906
SN-OMD (M=5),21951,1.2413470483272684,0.03983187405029211
SN-OMD (M=5),22001,1.2282435845510742,0.0035859113403186003
SN-OMD (M=5),22051,1.276564346547095,0.5126113506432897
SN-OMD (M=5),22101,1.344167220183453,0.02318324747856606
SN-OMD (M=5),22151,1.4421927081456987,0.011801074228678432
SN-OMD (M=5),22201,1.4993216215300025,0.965322526906524
SN-OMD (M=5),22251,1.6113794818311356,0.05777669793571485
SN-OMD (M=5),22301,1.5475616110349733,1.1965072061422177
SN-OMD (M=5),22351,1.5810601023069468,0.35155866958507975
SN-OMD (M=5),22401,1.5793147750719225,1.5621553505919736
SN-OMD (M=5),22451,1.581406296599361,1.236438903966077
SN-OMD (M=5),22501,1.55113543849039,0.0036789344888399204
SN-OMD (M=5),22551,1.5252146781051552,0.051098612727250685
SN-OMD (M=5),22601,1.5103785354576016,6.779893719279489
SN-OMD (M=5),22651,1.4943049154232853,0.21892297534571978
SN-OMD (M=5),22701,1.4807567864188924,0.5736215172696147
SN-OMD (M=5),22751,1.4985878643791035,0.12854735663241806
SN-OMD (M=5),22801,1.482735463032069,0.25387782613149434
SN-OMD (M=5),22851,1.4790412049255943,0.04767330775207559
SN-OMD (M=5),22901,1.4651098583943352,0.0052827282421732775
SN-OMD (M=5),22951,1.4502825401228014,0.10307075335367745
SN-OMD (M=5),23001,1.4683541223129086,0.12277845222118924
SN-OMD (M=5),23051,1.4792606108256685,0.30302071358697663
SN-OMD (M=5),23101,1.452532577500405,0.1326758104149015
SN-OMD (M=5),23151,1.427144133923954,0.2144633355572027
SN-OMD (M=5),23201,1.4544311852056109,1.0519037691857118
SN-OMD (M=5),23251,1.455469347549232,3.720788925773573
SN-OMD (M=5),23301,1.4354872567572976,0.000939689971589948
SN-OMD (M=5),23351,1.4367315211356622,1.6484020935553116
SN-OMD (M=5),23401,1.4972640908307997,0.5453996611560767
SN-OMD (M=5),23451,1.521171745011792,0.04239352239996663
SN-OMD (M=5),23501,1.5984553229511216,0.6931853201459535
SN-OMD (M=5),23551,1.618350145496225,0.251569394233471
SN-OMD (M=5),23601,1.5882459332927097,0.13938400735002357
SN-OMD (M=5),23651,1.586174980595984,2.570231193297124
SN-OMD (M=5),23701,1.579237664020557,0.10537527393751984
SN-OMD (M=5),23751,1.5592373342251704,3.5802352675927325
SN-OMD (M=5),23801,1.5617558572976045,0.8212832035820272
SN-OMD (M=5),23851,1.5610155410720088,0.46152908475295046
SN-OMD (M=5),23901,1.512364434981407,1.3092837874987844
SN-OMD (M=5),23951,1.500588170113991,0.15998579195603393
SN-OMD (M=5),24001,1.5032061482821608,0.03778966563614735
SN-OMD (M=5),24051,1.4828778597056573,0.06468526407702371
SN-OMD (M=5),24101,1.4555745111660694,0.006658488251477703
SN-OMD (M=5),24151,1.4367821495796473,0.5702169245533365
SN-OMD (M=5),24201,1.4191109903066228,0.010379211077923521
SN-OMD (M=5),24251,1.4137794321140273,0.714087420962105
SN-OMD (M=5),24301,1.4022818957969003,0.007695144433282966
SN-OMD (M=5),24351,1.3946776691292424,0.005830293685131085
SN-OMD (M=5),24401,1.3884671820022463,0.0904849136289625
SN-OMD (M=5),24451,1.3781320328998778,0.005910223608862898
SN-OMD (M=5),24501,1.3657478437050397,0.0972598782144208
SN-OMD (M=5),24551,1.3818059659917579,0.04456263007305082
SN-OMD (M=5),24601,1.3567299486274762,0.02278318930167877
SN-OMD (M=5),24651,1.3950148223531191,0.2759426847632508
SN-OMD (M=5),24701,1.3832348764319888,0.5023404425615987
SN-OMD (M=5),24751,1.392353411306373,0.29567200327803567
SN-OMD (M=5),24801,1.3919310635679336,0.3137924455145503
SN-OMD (M=5),24851,1.3890210672690808,0.016003114865415436
SN-OMD (M=5),24901,1.3836335421566464,0.06786306115847264
SN-OMD (M=5),24951,1.4764048134722345,0.06030912811724984
SN-OMD (M=5),25001,1.4163988512976573,0.6773939340903574
SN-OMD (M=5),25051,1.3846429170586119,0.04143615032519126
SN-OMD (M=5),25101,1.3843784388283293,0.00026633417062036047
SN-OMD (M=5),25151,1.4235849711446904,0.019260886967853382
SN-OMD (M=5),25201,1.4525694240499984,0.07904744478014751
SN-OMD (M=5),25251,1.4703272736209356,0.7819746967683007
SN-OMD (M=5),25301,1.4779285567938558,0.01626696279080163
SN-OMD (M=5),25351,1.4565406909907883,0.17088685240943308
SN-OMD (M=5),25401,1.526908129028446,0.5146409454497748
SN-OMD (M=5),25451,1.5143214127711382,0.006726743718765398
SN-OMD (M=5),25501,1.5198345398024413,0.010553513771354947
SN-OMD (M=5),25551,1.5115947699238086,3.2367521463256472
SN-OMD (M=5),25601,1.4934907930628907,0.4798248643543875
SN-OMD (M=5),25651,1.4751744904070119,0.11813353334768074
SN-OMD (M=5),25701,1.4466112150780461,0.39762854350367643
SN-OMD (M=5),25751,1.4298943149709766,0.06722048496481457
SN-OMD (M=5),25801,1.465395960788421,1.0529035830663451
SN-OMD (M=5),25851,1.5064326261031578,0.05214383128263264
SN-OMD (M=5),25901,1.573711451356981,0.8220798143693884
SN-OMD (M=5),25951,1.6218201635878544,0.9227186408242359
SN-OMD (M=5),26001,1.636357035468177,1.232531093498336
SN-OMD (M=5),26051,1.667677832869538,0.0001720417719416578
SN-OMD (M=5),26101,1.7435333194164604,3.150948594159118
SN-OMD (M=5),26151,1.7300926123343687,1.4406635400537198
SN-OMD (M=5),26201,1.7238132685698822,0.516512475455317
SN-OMD (M=5),26251,1.683437817886885,0.0013646388318655732
SN-OMD (M=5),26301,1.6657670197091323,0.20281415311785275
SN-OMD (M=5),26351,1.5646407949835526,1.238352371504199
SN-OMD (M=5),26401,1.5261992759811596,0.23088047650352822
SN-OMD (M=5),26451,1.5097774611058452,0.535573077234255
SN-OMD (M=5),26501,1.5021550165739643,0.04457518657907212
SN-OMD (M=5),26551,1.5064315643169828,0.002190582796873059
SN-OMD (M=5),26601,1.4976315486974252,0.3125147158667309
SN-OMD (M=5),26651,1.5050863917786617,0.2388892017536801
SN-OMD (M=5),26701,1.5094123815126737,0.7479950621209457
SN-OMD (M=5),26751,1.4952567732162547,0.07935485946404544
SN-OMD (M=5),26801,1.496405464992103,1.7695133154038274
SN-OMD (M=5),26851,1.519365517261821,0.19920008801593359
SN-OMD (M=5),26901,1.6346417323238374,0.10605931565639178
SN-OMD (M=5),26951,1.6942128449937717,0.7005694228782383
SN-OMD (M=5),27001,1.817035450029704,0.01565774584583732
SN-OMD (M=5),27051,1.8554680045191896,0.896276093187324
SN-OMD (M=5),27101,1.9050138640406264,0.6783849083841778
SN-OMD (M=5),27151,1.883807657630787,0.5281412734732781
SN-OMD (M=5),27201,1.9390283491485358,0.3443271245915262
SN-OMD (M=5),27251,1.890277224952626,2.2735286862058715
SN-OMD (M=5),27301,1.8920788304319962,0.12104031939907993
SN-OMD (M=5),27351,1.8757955477290007,1.6948961339443323
SN-OMD (M=5),27401,1.8791382267507364,3.4459815389352015
SN-OMD (M=5),27451,1.8652159372456947,0.6164032596200139
SN-OMD (M=5),27501,1.8854598721088354,0.216934547851672
SN-OMD (M=5),27551,1.8792031960504305,0.40741195475538217
SN-OMD (M=5),27601,1.8895241639316194,0.09588444897004172
SN-OMD (M=5),27651,1.8759748117654944,0.28296013342639753
SN-OMD (M=5),27701,1.866963883302902,0.07273640510439511
SN-OMD (M=5),27751,1.8842823808123623,0.05603113834274829
SN-OMD (M=5),27801,1.9635134598609398,0.38239702643042006
SN-OMD (M=5),27851,1.9825358465105143,0.007820400096971077
SN-OMD (M=5),27901,1.9364386927113317,0.6645414478229368
SN-OMD (M=5),27951,1.907798693648738,0.01419853873344389
SN-OMD (M=5),28001,1.9096153565341,0.5007855418792457
SN-OMD (M=5),28051,1.882745508315378,0.2578885211606928
SN-OMD (M=5),28101,1.90639308251952,0.1956773540999189
SN-OMD (M=5),28151,1.9201022854537082,0.002963974321821576
SN-OMD (M=5),28201,1.887131897272422,0.8286535753378758
SN-OMD (M=5),28251,1.9075326976972327,0.1696213619024377
SN-OMD (M=5),28301,1.8785069644091559,1.1009308488052065
SN-OMD (M=5),28351,1.916874450250902,0.009354877154959251
SN-OMD (M=5),28401,1.863522050436118,0.1300197866783962
SN-OMD (M=5),28451,1.8186694381191797,0.00012531500424479733
SN-OMD (M=5),28501,1.7779671108423323,0.3797502019116805
SN-OMD (M=5),28551,1.7152868297851767,6.878719126432131
SN-OMD (M=5),28601,1.7009811715786818,0.5813547865376241
SN-OMD (M=5),28651,1.6806190174565994,0.0016566461532598767
SN-OMD (M=5),28701,1.6793744437603246,0.7479934286941032
SN-OMD (M=5),28751,1.7102309241576914,0.188221249226627
SN-OMD (M=5),28801,1.681263684673892,0.12363521694550918
SN-OMD (M=5),28851,1.6323059699714388,0.5876258518040709
SN-OMD (M=5),28901,1.5919759729214193,0.10638374587099211
SN-OMD (M=5),28951,1.5827782992804746,0.019437751969370608
SN-OMD (M=5),29001,1.5982182140952264,2.109021364139991
SN-OMD (M=5),29051,1.5905881804288333,0.00383591767280605
SN-OMD (M=5),29101,1.5761940249381121,0.2721887425213372
SN-OMD (M=5),29151,1.5590780742238621,0.18895975368825974
SN-OMD (M=5),29201,1.5151131648497151,4.168735983225027
SN-OMD (M=5),29251,1.505638958661777,0.012691733198037836
SN-OMD (M=5),29301,1.501388697711284,0.009154107842618865
SN-OMD (M=5),29351,1.5225809615175507,0.0016311190310493917
SN-OMD (M=5),29401,1.521309794557823,0.008366920916307299
SN-OMD (M=5),29451,1.497072261754389,0.3539768812946218
SN-OMD (M=5),29501,1.4748219230803614,0.021406045868781445
SN-OMD (M=5),29551,1.4697592802549206,0.384747807102964
SN-OMD (M=5),29601,1.4461210044373145,0.12842875180083332
SN-OMD (M=5),29651,1.4536980506687853,0.03412230578630153
SN-OMD (M=5),29701,1.4384257975301822,0.005368947604998834
SN-OMD (M=5),29751,1.419066251513565,0.003044454889636772
SN-OMD (M=5),29801,1.3981534677751581,0.1004183574225447
SN-OMD (M=5),29851,1.3450622588037033,0.015165646929501456
SN-OMD (M=5),29901,1.3433817714978709,0.004926207612122005
SN-OMD (M=5),29951,1.3584365276774446,0.0009155524588949652
SN-OMD (M=5),30001,1.3409719059114549,0.0011970283216395112
SN-OMD (M=5),30051,1.34837742290595,0.0002969258184036952
SN-OMD (M=5),30101,1.3474729204585374,0.01658204524207427
SN-OMD (M=5),30151,1.3588798373223865,0.3326523534717158
SN-OMD (M=5),30201,1.4511852475236353,0.004598478980798719
SN-OMD (M=5),30251,1.4359522285435449,0.22499892984427652
SN-OMD (M=5),30301,1.43538410150622,0.06207463164312387
SN-OMD (M=5),30351,1.4457872005916395,0.0077215570250209874
SN-OMD (M=5),30401,1.4448277258849669,0.34344589432684836
SN-OMD (M=5),30451,1.414589565895169,0.038567178460065944
SN-OMD (M=5),30501,1.3990616038639494,0.017422159074128515
SN-OMD (M=5),30551,1.5245413527168943,1.2345714368706797
SN-OMD (M=5),30601,1.4580050668522704,1.582522040412424
SN-OMD (M=5),30651,1.4826716135125118,0.15960721976770678
SN-OMD (M=5),30701,1.4470113944821943,0.2914379083422061
SN-OMD (M=5),30751,1.448384115267461,2.6994385754941685
SN-OMD (M=5),30801,1.5380496130865433,0.0364588088311914
SN-OMD (M=5),30851,1.6828189526535298,0.16424078438566345
SN-OMD (M=5),30901,1.7890877106513667,1.443619164233046
SN-OMD (M=5),30951,1.7605532083068682,0.5952674976157306
SN-OMD (M=5),31001,1.7373549271827866,0.4782186162293045
SN-OMD (M=5),31051,1.709886475203402,0.8840781615373873
SN-OMD (M=5),31101,1.6669377269034846,0.9685123983933333
SN-OMD (M=5),31151,1.6130439137455683,0.3313456188573197
SN-OMD (M=5),31201,1.5733771725527435,1.137762832905376
SN-OMD (M=5),31251,1.5470119876617692,0.1476065448079041
SN-OMD (M=5),31301,1.506481868410244,0.85912219704277
SN-OMD (M=5),31351,1.4750156386693718,0.026034414591994567
SN-OMD (M=5),31401,1.4458082129843923,0.15670752019776243
SN-OMD (M=5),31451,1.4202942517449504,0.02892499280076804
SN-OMD (M=5),31501,1.3918383025761274,0.09968948080512115
SN-OMD (M=5),31551,1.3728525280239339,0.004528698772087809
SN-OMD (M=5),31601,1.3575081790350876,0.10283211844738209
SN-OMD (M=5),31651,1.3416907383874714,0.06238813229138226
SN-OMD (M=5),31701,1.349748424253168,1.0627705388375395
SN-OMD (M=5),31751,1.3398551414644986,0.009104924547510768
SN-OMD (M=5),31801,1.3147369551303203,0.012989660971076265
SN-OMD (M=5),31851,1.3467105059899662,0.13448290174506153
SN-OMD (M=5),31901,1.361325470535587,0.37567634984052317
SN-OMD (M=5),31951,1.367809000046255,0.008366729377939726
SN-OMD (M=5),32001,1.3887587697426864,0.8430906620672526
SN-OMD (M=5),32051,1.4471994928883243,0.03415273675481904
SN-OMD (M=5),32101,1.3946528880387388,0.9634001300647451
SN-OMD (M=5),32151,1.4183798828486047,0.3394144011059214
SN-OMD (M=5),32201,1.3839861337428112,0.46325504183405014
SN-OMD (M=5),32251,1.377574790890015,0.5755596587198709
SN-OMD (M=5),32301,1.4269743514326811,0.5544296270441832
SN-OMD (M=5),32351,1.4495143952916472,0.0019155568463492922
SN-OMD (M=5),32401,1.4201487682479161,0.07771965547227216
SN-OMD (M=5),32451,1.3981249645015037,0.11102857898052733
SN-OMD (M=5),32501,1.3608704893398291,0.0034053744861082245
SN-OMD (M=5),32551,1.3307150738060576,0.1563836786801046
SN-OMD (M=5),32601,1.3310632320810254,0.2162980628652062
SN-OMD (M=5),32651,1.5021344000741181,1.1105875887036545e-06
SN-OMD (M=5),32701,1.6880863658606344,0.12491819420223044
SN-OMD (M=5),32751,1.7660882681564527,0.0012628049549294322
SN-OMD (M=5),32801,1.7377349833094025,0.10102915204554534
SN-OMD (M=5),32851,1.7677492065820515,0.6456520450121946
SN-OMD (M=5),32901,1.7271287321957123,0.013564803832857002
SN-OMD (M=5),32951,1.683066973390841,0.022813531597662758
SN-OMD (M=5),33001,1.6386115333056321,0.02732632905371438
SN-OMD (M=5),33051,1.622396409227308,3.6734579876272924
SN-OMD (M=5),33101,1.6139989699410566,0.00010644541480716414
SN-OMD (M=5),33151,1.60090619016264,0.26044288942991384
SN-OMD (M=5),33201,1.5642460840121415,0.04208828131890781
SN-OMD (M=5),33251,1.5393325736204477,0.07763625701884856
SN-OMD (M=5),33301,1.5134885904451045,0.10093427121678124
SN-OMD (M=5),33351,1.5195671280604603,0.007198102551586062
SN-OMD (M=5),33401,1.4883751844573112,0.00442145732538344
SN-OMD (M=5),33451,1.5039250635840644,0.16717339232109021
SN-OMD (M=5),33501,1.467990565036082,0.3733268969332974
SN-OMD (M=5),33551,1.4237595397989098,0.0003353560444073028
SN-OMD (M=5),33601,1.3667942062426757,0.31559753502805404
SN-OMD (M=5),33651,1.3276735153762265,0.020129136370698915
SN-OMD (M=5),33701,1.31997831416259,0.2615183471934215
SN-OMD (M=5),33751,1.3261608773887295,0.011530485309695086
SN-OMD (M=5),33801,1.345947288839536,0.006653430399820187
SN-OMD (M=5),33851,1.3538636186901334,0.014392215906256393
SN-OMD (M=5),33901,1.3404016197754636,0.018255455913729172
SN-OMD (M=5),33951,1.3445439714672656,0.36329341806284826
SN-OMD (M=5),34001,1.3211964037508181,0.37758811033221235
SN-OMD (M=5),34051,1.3228179917603986,0.00571277370617123
SN-OMD (M=5),34101,1.2896737093162787,0.1853554359991661
SN-OMD (M=5),34151,1.31312871108606,0.12323578840650593
SN-OMD (M=5),34201,1.2829683763397308,0.030353040044665512
SN-OMD (M=5),34251,1.2762420639474346,0.2741638973092287
SN-OMD (M=5),34301,1.2621631318551094,0.15693776303096485
SN-OMD (M=5),34351,1.2393918185441115,0.03923717911047115
SN-OMD (M=5),34401,1.2598275051678869,0.1738096197762092
SN-OMD (M=5),34451,1.2301399740078987,0.1650689328167433
SN-OMD (M=5),34501,1.2283507371599163,0.005727265446047456
SN-OMD (M=5),34551,1.2067970206851548,0.008705422681070999
SN-OMD (M=5),34601,1.1905713998513796,0.561490574148107
SN-OMD (M=5),34651,1.180516144962952,0.16452833356659893
SN-OMD (M=5),34701,1.1783734465303732,0.9495698724696092
SN-OMD (M=5),34751,1.1671129871341286,0.44436374898947917
SN-OMD (M=5),34801,1.1359413700674714,0.1469655430940288
SN-OMD (M=5),34851,1.141751004322466,0.00011753984102825001
SN-OMD (M=5),34901,1.2398592559708468,1.6733223141629965
SN-OMD (M=5),34951,1.2809919241326913,0.22569399309293608
SN-OMD (M=5),35001,1.3342771156675632,0.39270668156501015
SN-OMD (M=5),35051,1.320954632251322,0.7692121087814647
SN-OMD (M=5),35101,1.326815193187602,0.36935135075522835
SN-OMD (M=5),35151,1.364708715893254,0.30085790445299637
SN-OMD (M=5),35201,1.3287760535840898,0.7128951566323037
SN-OMD (M=5),35251,1.3040488679300768,0.06331001132363535
SN-OMD (M=5),35301,1.2512061131361718,0.4881149879677707
SN-OMD (M=5),35351,1.2336587007229973,0.07831981219138151
SN-OMD (M=5),35401,1.266937081247891,4.554468480114763
SN-OMD (M=5),35451,1.2429030957608198,0.003555971627443154
SN-OMD (M=5),35501,1.2590143475565525,0.05971420669214482
SN-OMD (M=5),35551,1.2968846411594095,0.05812746884241696
SN-OMD (M=5),35601,1.3198521402483219,0.14407657496899762
SN-OMD (M=5),35651,1.2890990726916849,0.011193717959932185
SN-OMD (M=5),35701,1.256890931590058,0.05598140117762126
SN-OMD (M=5),35751,1.3187300844633147,0.0730219812311609
SN-OMD (M=5),35801,1.3244631022717792,0.10951026242532139
SN-OMD (M=5),35851,1.3533683071100866,0.34563993674400073
SN-OMD (M=5),35901,1.4072935626917313,0.4737427712857895
SN-OMD (M=5),35951,1.4239626322252534,0.17577071232589375
SN-OMD (M=5),36001,1.377794301536643,8.696326488999691e-05
SN-OMD (M=5),36051,1.3888301722200111,0.0016128313309824352
SN-OMD (M=5),36101,1.3664107485801602,0.3213649602563484
SN-OMD (M=5),36151,1.364016532666355,0.14300380380060218
SN-OMD (M=5),36201,1.4165818854017336,0.1368159810646551
SN-OMD (M=5),36251,1.3415776695684998,0.0820422663528188
SN-OMD (M=5),36301,1.4301835888879724,0.3861292945122887
SN-OMD (M=5),36351,1.4872428178346,1.6878319831216955
SN-OMD (M=5),36401,1.5144012893762846,0.062090501578972467
SN-OMD (M=5),36451,1.442341073499759,0.00406042709690469
SN-OMD (M=5),36501,1.4037620737426515,0.009614742148139198
SN-OMD (M=5),36551,1.3540880675398228,0.01735823980929707
SN-OMD (M=5),36601,1.3443377428206724,0.192912580805168
SN-OMD (M=5),36651,1.3095501080913947,0.0036668468672361168
SN-OMD (M=5),36701,1.3554507818851242,0.45389938945356506
SN-OMD (M=5),36751,1.3117880396295627,0.22564298078033213
SN-OMD (M=5),36801,1.3530214130486906,0.14737476503550317
SN-OMD (M=5),36851,1.4098527213641012,0.028763460803088736
SN-OMD (M=5),36901,1.4829086642170124,1.0897020988052757
SN-OMD (M=5),36951,1.4504372378181465,0.03953191789609367
SN-OMD (M=5),37001,1.3935825891475038,0.3588947973376471
SN-OMD (M=5),37051,1.4040649009520652,0.04779626104200312
SN-OMD (M=5),37101,1.410543645559828,0.46618582610922127
SN-OMD (M=5),37151,1.4017717977153201,0.0828984367030454
SN-OMD (M=5),37201,1.4026348206152572,0.00019268145759723524
SN-OMD (M=5),37251,1.3885160157747347,0.5439772074687483
SN-OMD (M=5),37301,1.4051557897422249,0.30458714318992103
SN-OMD (M=5),37351,1.4103095373322363,0.2921532606829254
SN-OMD (M=5),37401,1.4253626804078792,0.5106467361042415
SN-OMD (M=5),37451,1.4666805798102318,0.23629265596941765
SN-OMD (M=5),37501,1.4681588498834894,0.5938586278087016
SN-OMD (M=5),37551,1.4407505959985938,0.05573733915400865
SN-OMD (M=5),37601,1.4352210870959163,1.5850137698750881
SN-OMD (M=5),37651,1.3985142996899864,0.04735292554433527
SN-OMD (M=5),37701,1.4021372798587641,0.003016050829532434
SN-OMD (M=5),37751,1.4194535158758073,0.6376162055203773
SN-OMD (M=5),37801,1.4317099992413986,1.1425562721287763
SN-OMD (M=5),37851,1.4326236194216613,0.00022270369710293247
SN-OMD (M=5),37901,1.416021655965127,7.029666931597116e-07
SN-OMD (M=5),37951,1.4275626739332026,0.39912381239496
SN-OMD (M=5),38001,1.439950707352405,0.3277684806256192
SN-OMD (M=5),38051,1.4589539357728813,0.05122313410760335
SN-OMD (M=5),38101,1.503579225722059,0.3314134936284741
SN-OMD (M=5),38151,1.4700653590008101,0.04315089893992517
SN-OMD (M=5),38201,1.4517405485076107,0.07687264538736995
SN-OMD (M=5),38251,1.4357647406746967,0.1684726072534724
SN-OMD (M=5),38301,1.4284240281435436,2.1215153600301555
SN-OMD (M=5),38351,1.418513833623734,0.03196818615923805
SN-OMD (M=5),38401,1.3933327129525177,6.752450415002737e-05
SN-OMD (M=5),38451,1.3783025884128517,0.1971531929903452
SN-OMD (M=5),38501,1.3889403363803483,2.5753529707801284
SN-OMD (M=5),38551,1.4181515919623513,0.6230969775767565
SN-OMD (M=5),38601,1.419080039378561,0.5074041790245494
SN-OMD (M=5),38651,1.4254576659401288,0.4399206599880907
SN-OMD (M=5),38701,1.3945939456372398,0.13173160727314295
SN-OMD (M=5),38751,1.3577023906118024,0.12203652590554558
SN-OMD (M=5),38801,1.330939223570105,0.0585364198459301
SN-OMD (M=5),38851,1.290443821377283,0.23806837033440154
SN-OMD (M=5),38901,1.2882925720360696,0.038908019616808266
SN-OMD (M=5),38951,1.2824572307812543,0.015695320720248734
SN-OMD (M=5),39001,1.274649221276873,0.000763624922763566
SN-OMD (M=5),39051,1.2342951891516463,0.0017492455227121084
SN-OMD (M=5),39101,1.2168135232545538,0.0022410780462306236
SN-OMD (M=5),39151,1.208824158151063,0.07899520191931528
SN-OMD (M=5),39201,1.2111464495786013,0.06337463936982496
SN-OMD (M=5),39251,1.2102416998774423,0.35340356609274226
SN-OMD (M=5),39301,1.2024329311194244,0.004342897548645494
SN-OMD (M=5),39351,1.195081239080488,0.08872713851507447
SN-OMD (M=5),39401,1.1930658731225983,0.09799767610504205
SN-OMD (M=5),39451,1.1943266661640086,0.00017623129069353053
SN-OMD (M=5),39501,1.1862627843628837,0.14793593550152243
SN-OMD (M=5),39551,1.168544319463556,0.07950274159696698
SN-OMD (M=5),39601,1.1383487177008595,0.008246932570947007
SN-OMD (M=5),39651,1.1289999411308542,0.07731836713198048
SN-OMD (M=5),39701,1.1010466589856833,0.0003059663327238891
SN-OMD (M=5),39751,1.0930238045493084,0.015741156335674078
SN-OMD (M=5),39801,1.0846371551936287,0.017871726663105197
SN-OMD (M=5),39851,1.0739444308639345,0.026972367732759118
SN-OMD (M=5),39901,1.0809752127554724,0.0983993738722424
SN-OMD (M=5),39951,1.0721568233035397,0.03488198328877557
SN-OMD (M=5),40001,1.0695889085593921,0.005373885429327024
SN-OMD (M=5),40051,1.052639128843458,0.11061039293774018
SN-OMD (M=5),40101,1.0425266123845225,0.27927653162160737
SN-OMD (M=5),40151,1.0542391559973103,0.5486787539909608
SN-OMD (M=5),40201,1.056961978178399,0.11136433788561466
SN-OMD (M=5),40251,1.029381320333939,0.03639056204726971
SN-OMD (M=5),40301,1.0279001032183308,0.06335725849266093
SN-OMD (M=5),40351,1.020984815401465,0.05116063261197844
SN-OMD (M=5),40401,0.9969138454855383,0.3742843343244912
SN-OMD (M=5),40451,0.993296752260349,0.026215596196733453
SN-OMD (M=5),40501,0.9912394686544876,0.09645504629478195
SN-OMD (M=5),40551,1.020280001903904,4.001560898397551e-05
SN-OMD (M=5),40601,1.0634363758595737,0.1164309015628011
SN-OMD (M=5),40651,1.0983519655949259,0.13822320023264936
SN-OMD (M=5),40701,1.0813929388671513,0.027173459259549795
SN-OMD (M=5),40751,1.0607600079795112,0.0659555491490128
SN-OMD (M=5),40801,1.0664289067663744,0.07839048011993408
SN-OMD (M=5),40851,1.046687543636917,0.08357935992348899
SN-OMD (M=5),40901,1.0356564443724368,0.157244787722358
SN-OMD (M=5),40951,0.9852893937724769,0.05881252682114402
SN-OMD (M=5),41001,1.0525388544854632,0.7649458055102992
SN-OMD (M=5),41051,1.1203933435575173,0.0016738422222487555
SN-OMD (M=5),41101,1.2479450009865796,0.029728577274654375
SN-OMD (M=5),41151,1.2888903810749308,0.25257341519549625
SN-OMD (M=5),41201,1.3017461086147615,0.38067289293564094
SN-OMD (M=5),41251,1.300433417941614,0.03060817109798143
SN-OMD (M=5),41301,1.2692865850788588,0.10365903947892616
SN-OMD (M=5),41351,1.2679925182123006,0.006694740760059003
SN-OMD (M=5),41401,1.2304583191302625,0.09602562343652989
SN-OMD (M=5),41451,1.2334508963078707,0.03059684120352044
SN-OMD (M=5),41501,1.2173829061222414,0.39699775228560563
SN-OMD (M=5),41551,1.2579966689765476,0.22471908406576396
SN-OMD (M=5),41601,1.2300679228374098,0.024764068102924832
SN-OMD (M=5),41651,1.2347515572255259,0.006736336486943826
SN-OMD (M=5),41701,1.2103243290078936,0.2894252608666138
SN-OMD (M=5),41751,1.2161046446579546,0.04015147390016416
SN-OMD (M=5),41801,1.218042171039548,0.7514224664115078
SN-OMD (M=5),41851,1.1856515885895687,0.3108727033169653
SN-OMD (M=5),41901,1.1770854724486146,0.007607708582322005
SN-OMD (M=5),41951,1.1763593806795811,0.5471262393403383
SN-OMD (M=5),42001,1.1800549278313064,0.16206580641535087
SN-OMD (M=5),42051,1.174029428884818,0.01673866749440891
SN-OMD (M=5),42101,1.15074930576644,0.20370323542784505
SN-OMD (M=5),42151,1.1450109642373019,0.10419617791021461
SN-OMD (M=5),42201,1.1261561038032368,0.15350194432344447
SN-OMD (M=5),42251,1.1263171256737965,0.2852922111466741
SN-OMD (M=5),42301,1.1076731692357926,0.14678291064845428
SN-OMD (M=5),42351,1.095688032770889,0.05753757203724595
SN-OMD (M=5),42401,1.121453015306915,0.36000380023541156
SN-OMD (M=5),42451,1.1180571677137043,0.00035385717103609865
SN-OMD (M=5),42501,1.1241400395099381,0.04888872831948844
SN-OMD (M=5),42551,1.1010042020577588,0.15570996350854482
SN-OMD (M=5),42601,1.1122917909335608,0.05370013139290562
SN-OMD (M=5),42651,1.1019036924171588,0.008514365868743934
SN-OMD (M=5),42701,1.0494998874114414,0.20769901226758525
SN-OMD (M=5),42751,1.022180048051967,0.1438326387408095
SN-OMD (M=5),42801,0.9882898530796972,0.21668232421484987
SN-OMD (M=5),42851,0.9732257478597147,0.014070328423289551
SN-OMD (M=5),42901,0.9835168507665735,0.013766930344985839
SN-OMD (M=5),42951,0.9894941725541243,0.4996095045352493
SN-OMD (M=5),43001,0.9874776246829261,0.019020278359354312
SN-OMD (M=5),43051,1.0535135231732076,0.1930500993130282
SN-OMD (M=5),43101,1.1926127782024032,0.05487781140817015
SN-OMD (M=5),43151,1.2159289413852516,0.09277993528228373
SN-OMD (M=5),43201,1.1967077820552439,0.5581556574702861
SN-OMD (M=5),43251,1.1213573743558356,0.00265723200424458
SN-OMD (M=5),43301,1.1511456104712923,0.5693289795425106
SN-OMD (M=5),43351,1.1808554552859296,0.23122218616752274
SN-OMD (M=5),43401,1.1673878650110252,0.015795101482267534
SN-OMD (M=5),43451,1.171820464599814,0.34803784947894223
SN-OMD (M=5),43501,1.1562190650597077,0.6296969871815866
SN-OMD (M=5),43551,1.1490366796968206,0.3805254175343362
SN-OMD (M=5),43601,1.163017408323381,0.05224723289080433
SN-OMD (M=5),43651,1.18927611246587,0.0191613492508624
SN-OMD (M=5),43701,1.1986126432245878,0.8986371372574173
SN-OMD (M=5),43751,1.1901385076049382,0.03553898661561427
SN-OMD (M=5),43801,1.169161032560184,1.0394727867054994
SN-OMD (M=5),43851,1.1488935922236903,0.16499311401604264
SN-OMD (M=5),43901,1.1349991999527174,1.3212919530163814
SN-OMD (M=5),43951,1.1407883818768427,0.010008712214910885
SN-OMD (M=5),44001,1.1313076036102017,0.8430908910841606
SN-OMD (M=5),44051,1.11767429139975,0.06663119106948262
SN-OMD (M=5),44101,1.1131640295687433,0.45760311210423954
SN-OMD (M=5),44151,1.1229344053920394,0.05955699820756256
SN-OMD (M=5),44201,1.1248108054150578,0.18459420540039745
SN-OMD (M=5),44251,1.1268579648035606,0.17606702072746663
SN-OMD (M=5),44301,1.0738012274855167,0.3693020317645161
SN-OMD (M=5),44351,1.1214519213785117,1.1718577420830736
SN-OMD (M=5),44401,1.1237105232736866,0.48149564627934266
SN-OMD (M=5),44451,1.1247101970997233,0.010930139839051384
SN-OMD (M=5),44501,1.1350444890624751,0.5176799287097507
SN-OMD (M=5),44551,1.1194290571703096,0.07779122441666421
SN-OMD (M=5),44601,1.0858658007722874,0.9074924749840432
SN-OMD (M=5),44651,1.0753281695632357,0.5578211963949271
SN-OMD (M=5),44701,1.0766662146742747,1.0419064105737907
SN-OMD (M=5),44751,1.078446101704471,1.01258682665336
SN-OMD (M=5),44801,1.0928304744506718,0.009521212800096658
SN-OMD (M=5),44851,1.0717695827486775,0.05583587776246468
SN-OMD (M=5),44901,1.070376108196818,8.901384319669454e-05
SN-OMD (M=5),44951,1.0803437046634894,0.1618852904205738
SN-OMD (M=5),45001,1.095153252077819,0.06357068728976469
SN-OMD (M=5),45051,1.0539389831324302,0.0028032158588678635
SN-OMD (M=5),45101,1.0747469330488022,1.6122929010775455
SN-OMD (M=5),45151,1.07338791386342,1.6713462696136177
SN-OMD (M=5),45201,1.0538912578750492,0.562747458607039
SN-OMD (M=5),45251,1.0049685065419947,0.5927752346271531
SN-OMD (M=5),45301,0.9930479386332869,0.00197148003111998
SN-OMD (M=5),45351,1.0179778138605604,0.04726986960141838
SN-OMD (M=5),45401,1.0108990326926715,0.6926504438005905
SN-OMD (M=5),45451,1.0064850689900524,0.009750220455795827
SN-OMD (M=5),45501,1.0221681306212893,0.571590627508714
SN-OMD (M=5),45551,1.0075778010966685,4.566778879098493e-05
SN-OMD (M=5),45601,1.02725303445566,0.005541930652370012
SN-OMD (M=5),45651,1.0333925476267327,0.0014377814113149048
SN-OMD (M=5),45701,1.0130390668391112,0.5388511004703379
SN-OMD (M=5),45751,1.0423884625016915,0.9833218584261473
SN-OMD (M=5),45801,1.0123537900015953,0.8018139504190132
SN-OMD (M=5),45851,1.012937856913306,0.005604452189511305
SN-OMD (M=5),45901,1.0383295092337212,0.8215999167905589
SN-OMD (M=5),45951,1.0536867465511197,1.8956380737752943e-05
SN-OMD (M=5),46001,1.060286582382921,0.06120281650648389
SN-OMD (M=5),46051,1.0732723190650046,0.38492394142438835
SN-OMD (M=5),46101,1.0811602684698902,0.23890699932815535
SN-OMD (M=5),46151,1.0659419937922354,0.06503003278417328
SN-OMD (M=5),46201,1.0710839023603729,0.37655017198913526
SN-OMD (M=5),46251,1.0283065480433033,0.013221791370545284
SN-OMD (M=5),46301,1.0224193007249787,0.08124648329957238
SN-OMD (M=5),46351,1.0196268961665138,0.056807715831294354
SN-OMD (M=5),46401,1.0921415376542987,0.09188906185442153
SN-OMD (M=5),46451,1.1690333098948185,1.3215507919273706
SN-OMD (M=5),46501,1.154807444466625,0.2015549844276132
SN-OMD (M=5),46551,1.1532688244049103,0.4461491560427775
SN-OMD (M=5),46601,1.1532667106358445,0.42521144282095985
SN-OMD (M=5),46651,1.162070704557986,0.019259295898191902
SN-OMD (M=5),46701,1.2157165934962093,0.3381146852276423
SN-OMD (M=5),46751,1.2137771313333654,0.027260761613416118
SN-OMD (M=5),46801,1.2655887763721418,1.6612484926591582
SN-OMD (M=5),46851,1.363861593029435,0.10079348181282102
SN-OMD (M=5),46901,1.348000847605025,0.1273069288977278
SN-OMD (M=5),46951,1.3120541370874048,0.14233782124093172
SN-OMD (M=5),47001,1.3136390052632811,0.4942432467888935
SN-OMD (M=5),47051,1.3159129296332661,0.40546117040989427
SN-OMD (M=5),47101,1.298704627014087,0.24781518059590835
SN-OMD (M=5),47151,1.3131567290893797,0.00350406814819368
SN-OMD (M=5),47201,1.287847068253675,1.61279553596742
SN-OMD (M=5),47251,1.2558000800226854,0.04490016739358318
SN-OMD (M=5),47301,1.2328674062140896,0.07080884424682155
SN-OMD (M=5),47351,1.2552394582048605,0.4529530948585577
SN-OMD (M=5),47401,1.318788300992162,0.5975038637607054
SN-OMD (M=5),47451,1.3153439354712475,0.00033660537448304334
SN-OMD (M=5),47501,1.3586430751085756,0.04390279520893042
SN-OMD (M=5),47551,1.2885854998010322,0.6014689802354074
SN-OMD (M=5),47601,1.2508807540883693,0.5049655072195189
SN-OMD (M=5),47651,1.2550997775929034,1.8938001234039321
SN-OMD (M=5),47701,1.280273028335325,0.05584360255145483
SN-OMD (M=5),47751,1.3173693905329023,4.1207747105021735
SN-OMD (M=5),47801,1.336757849521139,0.22774304101814472
SN-OMD (M=5),47851,1.3338052706414207,0.029500120857087267
SN-OMD (M=5),47901,1.3097995297607292,2.6003569921283916
SN-OMD (M=5),47951,1.3009265349673613,0.5695888662845215
SN-OMD (M=5),48001,1.2742622804025256,0.23205388290451645
SN-OMD (M=5),48051,1.2604292725264508,0.13790601954770396
SN-OMD (M=5),48101,1.2168782936227478,2.029494668621307
SN-OMD (M=5),48151,1.1940069843668313,9.029171782205465e-05
SN-OMD (M=5),48201,1.1445910929637104,1.1330664154727208
SN-OMD (M=5),48251,1.1477540023943855,0.01107937700047511
SN-OMD (M=5),48301,1.1466022108660194,0.004928544884595273
SN-OMD (M=5),48351,1.1684686126579464,0.21589069582790596
SN-OMD (M=5),48401,1.2165046131119845,0.08895947972095694
SN-OMD (M=5),48451,1.211635347289195,0.0027525361160902493
SN-OMD (M=5),48501,1.1818760681634823,0.11827531296968372
SN-OMD (M=5),48551,1.1643971389819379,0.20114872138511508
SN-OMD (M=5),48601,1.187612944991872,0.26437682888902697
SN-OMD (M=5),48651,1.1701948106753686,0.7143644405204023
SN-OMD (M=5),48701,1.1338633389185757,0.032367773087162446
SN-OMD (M=5),48751,1.1247574601542156,0.09338838371212503
SN-OMD (M=5),48801,1.0950431140282335,0.007916220078310148
SN-OMD (M=5),48851,1.0945585888514737,0.39740326571354484
SN-OMD (M=5),48901,1.0951801506393535,0.0015033007483854874
SN-OMD (M=5),48951,1.122800072314415,0.20590362213513277
SN-OMD (M=5),49001,1.1528845425154366,0.0013767204719644151
SN-OMD (M=5),49051,1.1808761958596126,0.023083725952549417
SN-OMD (M=5),49101,1.261043951273266,0.04692774045678818
SN-OMD (M=5),49151,1.2390218975114247,0.0793524575775495
SN-OMD (M=5),49201,1.2596969550179482,0.309982596138032
SN-OMD (M=5),49251,1.2901529716780202,0.39199117770114833
SN-OMD (M=5),49301,1.2940933521479996,0.1978959451093718
SN-OMD (M=5),49351,1.3009333588394218,0.5366576280306508
SN-OMD (M=5),49401,1.2738658043319229,0.004513581554807025
SN-OMD (M=5),49451,1.251122588760685,1.481319622602846
SN-OMD (M=5),49501,1.298327646637201,0.20575758910137115
SN-OMD (M=5),49551,1.3330105991077457,0.3643190786770241
SN-OMD (M=5),49601,1.3416498635317893,0.009833508078369796
SN-OMD (M=5),49651,1.3334093137486167,1.130448195617276
SN-OMD (M=5),49701,1.3345766106969605,0.09684234629160611
SN-OMD (M=5),49751,1.3128184590915508,0.15519356174187912
SN-OMD (M=5),49801,1.2799350245953836,0.11709649596760828
SN-OMD (M=5),49851,1.2718121742841093,0.08262367725431087
SN-OMD (M=5),49901,1.2955193722597034,0.6160843530827095
SN-OMD (M=5),49951,1.2802403136312954,0.14100813843490426
SN-OMD (M=5),50001,1.2680086506305186,0.00035270757500794584
SN-OMD (M=5),50051,1.1788877318393602,1.8371770718764935
SN-OMD (M=5),50101,1.1792461308317357,0.003729831224743278
SN-OMD (M=5),50151,1.2199606179265816,0.04615782711463235
SN-OMD (M=5),50201,1.213446085338409,0.5109191028114295
SN-OMD (M=5),50251,1.2154013995861717,0.019928391787082212
SN-OMD (M=5),50301,1.2697091291009526,0.09165662151156978
SN-OMD (M=5),50351,1.2763946959956436,0.023635622927554473
SN-OMD (M=5),50401,1.2485685322861368,0.30496409977790007
SN-OMD (M=5),50451,1.2798541917012685,0.26284771957918707
SN-OMD (M=5),50501,1.316803709756223,1.6304806958341245
SN-OMD (M=5),50551,1.3123974073126339,0.03514979389715928
SN-OMD (M=5),50601,1.3059815404618296,0.06068708705940441
SN-OMD (M=5),50651,1.2925527545704194,0.20900647400564476
SN-OMD (M=5),50701,1.290090348572101,0.6184200222991268
SN-OMD (M=5),50751,1.2786047615811933,0.003788012665773651
SN-OMD (M=5),50801,1.2605477892179757,0.6926305720154278
SN-OMD (M=5),50851,1.2567412182680295,0.5133607605260102
SN-OMD (M=5),50901,1.2552393615367108,0.2158653762489225
SN-OMD (M=5),50951,1.2711573786699937,0.2648719908373023
SN-OMD (M=5),51001,1.2502303168362006,0.01277580612839268
SN-OMD (M=5),51051,1.2497797340935703,0.014168266368218519
SN-OMD (M=5),51101,1.2108681527788165,0.1801246024316042
SN-OMD (M=5),51151,1.2102090151767044,0.0011647527368459027
SN-OMD (M=5),51201,1.1955886319654905,0.0017681740819622941
SN-OMD (M=5),51251,1.1989910102031405,0.0021343590687611207
SN-OMD (M=5),51301,1.167019700494732,0.3285426755356306
SN-OMD (M=5),51351,1.1592413242900834,0.02736834783483528
SN-OMD (M=5),51401,1.1552978121703799,0.0018021874375349135
SN-OMD (M=5),51451,1.1441568508634945,0.08410195531877654
SN-OMD (M=5),51501,1.154367536620914,0.012318611783653049
SN-OMD (M=5),51551,1.2075283590819232,1.9403144955858413
SN-OMD (M=5),51601,1.1889019173043036,0.09645579674547977
SN-OMD (M=5),51651,1.194299209467637,0.01725575214180081
SN-OMD (M=5),51701,1.1979082008174111,0.7440220079805658
SN-OMD (M=5),51751,1.1936725936567765,1.0887211443018872
SN-OMD (M=5),51801,1.1716928185527689,3.0994325499106603
SN-OMD (M=5),51851,1.1712783240978946,0.06717301155469764
SN-OMD (M=5),51901,1.1727960157984083,0.022674193427647777
SN-OMD (M=5),51951,1.1693760889375984,0.004112975501613006
SN-OMD (M=5),52001,1.1646940403249415,0.006692784032178834
SN-OMD (M=5),52051,1.1620658506576536,0.0007635205865225457
SN-OMD (M=5),52101,1.1394443596280965,0.23474016435463915
SN-OMD (M=5),52151,1.1528972219964486,0.5520396337531353
SN-OMD (M=5),52201,1.1307639695746206,0.08854308401753902
SN-OMD (M=5),52251,1.1025730933677638,0.1259106392329692
SN-OMD (M=5),52301,1.1150179837320353,0.012788142649832327
SN-OMD (M=5),52351,1.1167324326732875,0.000515349271512391
SN-OMD (M=5),52401,1.1417729495971052,0.13480426670870438
SN-OMD (M=5),52451,1.1732623539228302,3.909408969381819e-05
SN-OMD (M=5),52501,1.1556072250523446,0.11370206031636752
SN-OMD (M=5),52551,1.130599805076557,0.10114888868262
SN-OMD (M=5),52601,1.1499044003594496,0.12886151650969152
SN-OMD (M=5),52651,1.2355847939764883,0.4746946330121312
SN-OMD (M=5),52701,1.2531814156249295,0.0422303017138881
SN-OMD (M=5),52751,1.2696002989023603,0.2734800237760945
SN-OMD (M=5),52801,1.2570766755173572,0.149781355441559
SN-OMD (M=5),52851,1.2543907264569947,0.079597872894971
SN-OMD (M=5),52901,1.2564641658399804,1.313395487842705
SN-OMD (M=5),52951,1.2779509582814808,0.001516362653943952
SN-OMD (M=5),53001,1.2579003906604094,0.011960668847781181
SN-OMD (M=5),53051,1.2482375264513914,0.09848741915227278
SN-OMD (M=5),53101,1.3196079764717967,0.7913982271634706
SN-OMD (M=5),53151,1.3913676636961487,0.07467930246848851
SN-OMD (M=5),53201,1.4632273869148955,0.0008317048193686741
SN-OMD (M=5),53251,1.5388760692496326,0.03235440607934428
SN-OMD (M=5),53301,1.4967051163297418,0.13520081842841855
SN-OMD (M=5),53351,1.4620589123370433,0.1766083062746169
SN-OMD (M=5),53401,1.4536223364911633,0.1094050295520908
SN-OMD (M=5),53451,1.4613784134635797,0.4962952970133563
SN-OMD (M=5),53501,1.4837967545342092,3.575099100129472e-05
SN-OMD (M=5),53551,1.5000679423812184,5.244492071503854
SN-OMD (M=5),53601,1.4852243908931884,0.5423462720438708
SN-OMD (M=5),53651,1.4578190579050558,0.06023654940998762
SN-OMD (M=5),53701,1.453715944671583,0.017322119423913346
SN-OMD (M=5),53751,1.445614944165161,0.03533849868403329
SN-OMD (M=5),53801,1.4527216380911845,0.7698829724378037
SN-OMD (M=5),53851,1.4476672197580696,0.0008945489206281868
SN-OMD (M=5),53901,1.449837963854506,0.1403858313410364
SN-OMD (M=5),53951,1.416051201583996,3.7586961878072844
SN-OMD (M=5),54001,1.3903697939449904,0.13245341849604897
SN-OMD (M=5),54051,1.3745127776502528,0.3921042854993963
SN-OMD (M=5),54101,1.363354169246909,4.843967832967482
SN-OMD (M=5),54151,1.3708097764862048,0.16233440963695156
SN-OMD (M=5),54201,1.3242133721096987,0.10823037848533967
SN-OMD (M=5),54251,1.3125423399332887,0.13817109277079678
SN-OMD (M=5),54301,1.305601287236192,0.07178523715159353
SN-OMD (M=5),54351,1.2723192117790327,0.04059624043438457
SN-OMD (M=5),54401,1.272966928056553,0.3440814392468849
SN-OMD (M=5),54451,1.315861615680399,1.697038091378058
SN-OMD (M=5),54501,1.2746234065481559,0.15730687984123415
SN-OMD (M=5),54551,1.2577702338611132,0.007519982943429564
SN-OMD (M=5),54601,1.2671761852472494,0.05562656095213494
SN-OMD (M=5),54651,1.297519164626144,0.04672575841694912
SN-OMD (M=5),54701,1.2600041556032877,0.17846268015205222
SN-OMD (M=5),54751,1.2516224062481807,1.1217244305570613
SN-OMD (M=5),54801,1.2595916446504836,0.5054958291484767
SN-OMD (M=5),54851,1.2460335534621543,1.5694480662085182
SN-OMD (M=5),54901,1.2322726672459547,0.1528844803668759
SN-OMD (M=5),54951,1.2262671471902518,0.0014844906804211634
SN-OMD (M=5),55001,1.2482262626042497,1.0403207071460203
SN-OMD (M=5),55051,1.2289896690371342,1.3084917308079855
SN-OMD (M=5),55101,1.242845390749557,3.9844983536703045
SN-OMD (M=5),55151,1.2693803436095614,2.3353540418474896
SN-OMD (M=5),55201,1.2322230485128234,0.5157734457327567
SN-OMD (M=5),55251,1.2469132255695703,0.0006253668392866181
SN-OMD (M=5),55301,1.2735142222083407,0.3779163119628567
SN-OMD (M=5),55351,1.2913663896409409,0.22478266928253138
SN-OMD (M=5),55401,1.3531115188209737,2.758362597198265
SN-OMD (M=5),55451,1.3938020531096584,0.29873774595429214
SN-OMD (M=5),55501,1.4060262315697154,0.08973102037050099
SN-OMD (M=5),55551,1.4735714659085966,1.327020490331761
SN-OMD (M=5),55601,1.4731871665558638,0.9881265962664737
SN-OMD (M=5),55651,1.485248172406673,0.0665679844674636
SN-OMD (M=5),55701,1.4546542210559033,0.6010318442742122
SN-OMD (M=5),55751,1.3808751433149915,1.5357936352097439
SN-OMD (M=5),55801,1.3546573735121574,0.37171953263319363
SN-OMD (M=5),55851,1.3315881256224202,0.04116866413178287
SN-OMD (M=5),55901,1.3395334291673613,0.21295140333487675
SN-OMD (M=5),55951,1.3270431365610678,1.3769905038196362
SN-OMD (M=5),56001,1.3026255348473073,0.08470671375522533
SN-OMD (M=5),56051,1.2890420813195955,0.14213907011207647
SN-OMD (M=5),56101,1.2837799360296027,0.24380135616889806
SN-OMD (M=5),56151,1.3183977263147024,0.02946975115106104
SN-OMD (M=5),56201,1.327111557492555,0.020376490842987812
SN-OMD (M=5),56251,1.3100367403526485,0.11275435645598109
SN-OMD (M=5),56301,1.303951096169809,6.062834638782043
SN-OMD (M=5),56351,1.3133245950223829,0.1012385302385646
SN-OMD (M=5),56401,1.3496031251238543,0.6613047206065898
SN-OMD (M=5),56451,1.3151481918526038,0.0008851725676145297
SN-OMD (M=5),56501,1.346223179432721,0.8605567627082
SN-OMD (M=5),56551,1.3336801764248287,0.6573876701564947
SN-OMD (M=5),56601,1.357088298731769,0.2607042193700989
SN-OMD (M=5),56651,1.3759319658828215,3.312949804826783
SN-OMD (M=5),56701,1.396504024725039,2.3205386754154635
SN-OMD (M=5),56751,1.3873978135039682,1.1989703012275836
SN-OMD (M=5),56801,1.3695926113111943,1.1973048254518872
SN-OMD (M=5),56851,1.3386988332155851,0.19105422268838934
SN-OMD (M=5),56901,1.3136822695603512,0.03451253093121285
SN-OMD (M=5),56951,1.3336101434509302,0.7438017768488053
SN-OMD (M=5),57001,1.3322741933263182,0.26946163809996515
SN-OMD (M=5),57051,1.3330696475407517,0.18870195260461733
SN-OMD (M=5),57101,1.3193586461935625,0.003835247839738214
SN-OMD (M=5),57151,1.3274422532777985,0.004066227451605102
SN-OMD (M=5),57201,1.3079382573146625,0.008656105302400114
SN-OMD (M=5),57251,1.2787272652165502,0.25142715179981345
SN-OMD (M=5),57301,1.260516702181183,0.0002570503770966166
SN-OMD (M=5),57351,1.2632489428309126,0.04759568075970384
SN-OMD (M=5),57401,1.2677669123453672,0.00915533866107159
SN-OMD (M=5),57451,1.262834327058827,0.00481136586293957
SN-OMD (M=5),57501,1.2727875162582976,1.0214606980280958
SN-OMD (M=5),57551,1.286215961768801,0.00428161005113653
SN-OMD (M=5),57601,1.291366248629159,0.26781724932974954
SN-OMD (M=5),57651,1.3017177051091533,0.0001259912745491058
SN-OMD (M=5),57701,1.2848272393618756,0.6818020589945418
SN-OMD (M=5),57751,1.2413958771185405,0.1491621000937288
SN-OMD (M=5),57801,1.2280398909003005,0.025156467494663923
SN-OMD (M=5),57851,1.2184375462784933,0.0009548330402314365
SN-OMD (M=5),57901,1.1966166292445979,0.0023298457242862947
SN-OMD (M=5),57951,1.1782518094018934,0.0837640297446108
SN-OMD (M=5),58001,1.171101768590226,0.12256287548986745
SN-OMD (M=5),58051,1.2000907669236534,0.3024642912965969
SN-OMD (M=5),58101,1.2430156325743995,0.03513382664861808
SN-OMD (M=5),58151,1.301232392343161,0.47328959097795337
SN-OMD (M=5),58201,1.3309191825255584,0.45651431697594896
SN-OMD (M=5),58251,1.3669458815149724,0.6421054137729008
SN-OMD (M=5),58301,1.4191641673075595,0.30621731644299344
SN-OMD (M=5),58351,1.4361924473818533,0.03312553785090563
SN-OMD (M=5),58401,1.41846440916589,0.3867057823793152
SN-OMD (M=5),58451,1.407392436892277,0.683958551489866
SN-OMD (M=5),58501,1.3953949624087332,1.6665179946065207
SN-OMD (M=5),58551,1.4081971413800398,0.18198412707311032
SN-OMD (M=5),58601,1.4198098833313502,0.04357498772344695
SN-OMD (M=5),58651,1.4169791772121243,0.24532869859590017
SN-OMD (M=5),58701,1.3929213199004415,0.0003096119231319432
SN-OMD (M=5),58751,1.3963618321714797,0.07547364932835804
SN-OMD (M=5),58801,1.4898644225737343,0.03071964301255516
SN-OMD (M=5),58851,1.5686579048395484,0.06540145983226407
SN-OMD (M=5),58901,1.5949011689339772,0.3746202633638084
SN-OMD (M=5),58951,1.576769155810901,0.4547018127543357
SN-OMD (M=5),59001,1.564941856153942,0.03600667248374799
SN-OMD (M=5),59051,1.553895163392505,0.6257811759829691
SN-OMD (M=5),59101,1.5656813838569232,0.05710967602300476
SN-OMD (M=5),59151,1.5812145658992895,0.7998905639226872
SN-OMD (M=5),59201,1.5799706339434225,0.11576555598588781
SN-OMD (M=5),59251,1.5798307687759026,0.03514675821105988
SN-OMD (M=5),59301,1.5906576502692904,0.05829282936286996
SN-OMD (M=5),59351,1.6037677931444911,1.1369350789179618
SN-OMD (M=5),59401,1.5892137401253765,0.49639082084739294
SN-OMD (M=5),59451,1.5857641519164989,0.00029484674259561036
SN-OMD (M=5),59501,1.583447967528162,0.7892998235881139
SN-OMD (M=5),59551,1.5809827301193669,1.0240660121630645
SN-OMD (M=5),59601,1.5750237822970483,0.03275651441416308
SN-OMD (M=5),59651,1.5833972464988353,0.13071826731002462
SN-OMD (M=5),59701,1.572753300607413,0.1285304824918877
SN-OMD (M=5),59751,1.5823922559817756,0.5792050092397881
SN-OMD (M=5),59801,1.5837343802847141,0.8702094950046977
SN-OMD (M=5),59851,1.60731070348095,0.07141922853459905
SN-OMD (M=5),59901,1.6100482306867911,0.024579842037289704
SN-OMD (M=5),59951,1.602105447589545,0.05769142864979133
SN-OMD (M=5),60001,1.6537691809772557,0.11560078947741856
SN-OMD (M=5),60051,1.6624442349658668,0.07125322333731943
SN-OMD (M=5),60101,1.6772886130528337,0.0475025112324184
SN-OMD (M=5),60151,1.663087048592638,0.6211763801670682
SN-OMD (M=5),60201,1.6781809365061464,1.2975241815728449
SN-OMD (M=5),60251,1.6975228554020418,3.1342754642459494
SN-OMD (M=5),60301,1.6880788680998857,0.3289995983119922
SN-OMD (M=5),60351,1.671016869233861,1.558144838712306
SN-OMD (M=5),60401,1.693104344486097,10.22833632388074
SN-OMD (M=5),60451,1.7187545038665233,2.366863193129679
SN-OMD (M=5),60501,1.7294592667824502,2.3111440709200846
SN-OMD (M=5),60551,1.745886034788147,0.15382869977177233
SN-OMD (M=5),60601,1.7335597167664432,4.204553601194536
SN-OMD (M=5),60651,1.722137761590866,0.08932219986046606
SN-OMD (M=5),60701,1.7197855425584225,0.13113444904516508
SN-OMD (M=5),60751,1.7122815276078538,0.3599674583579039
SN-OMD (M=5),60801,1.698582913607686,0.5383212168408968
SN-OMD (M=5),60851,1.707288202473625,0.07707853183909247
SN-OMD (M=5),60901,1.7203413034843338,0.45481571591570985
SN-OMD (M=5),60951,1.7081316292969684,0.017940294190783985
SN-OMD (M=5),61001,1.7384979384403285,0.3010846818759711
SN-OMD (M=5),61051,1.7341850821011437,1.4390176007960902
SN-OMD (M=5),61101,1.7042980451167544,1.1615340442982867
SN-OMD (M=5),61151,1.6753332945201218,0.007040529571121611
SN-OMD (M=5),61201,1.6719489746949139,0.024240060486854776
SN-OMD (M=5),61251,1.6710949663501848,0.05528202180347997
SN-OMD (M=5),61301,1.67691349917782,0.18189691595389765
SN-OMD (M=5),61351,1.7203612991218034,2.9884425093948823
SN-OMD (M=5),61401,1.7462969637326053,0.27097490573403793
SN-OMD (M=5),61451,1.7634043871313103,0.06865516246096358
SN-OMD (M=5),61501,1.7793138964190574,0.22991022475230766
SN-OMD (M=5),61551,1.7802102874665002,2.053714126114194
SN-OMD (M=5),61601,1.7688694786405337,0.3685482700886023
SN-OMD (M=5),61651,1.7490103107860178,0.16269285586551063
SN-OMD (M=5),61701,1.7461702211151031,0.0026090373214104697
SN-OMD (M=5),61751,1.7286560278227474,0.030349145468841234
SN-OMD (M=5),61801,1.7153176162047195,0.08021440270595648
SN-OMD (M=5),61851,1.742469906730991,0.12556682204771738
SN-OMD (M=5),61901,1.7458293847755368,0.030281491208781916
SN-OMD (M=5),61951,1.7212447493186664,3.6372970613300524e-05
SN-OMD (M=5),62001,1.7040920821168997,0.09819558249321123
SN-OMD (M=5),62051,1.6948340679615332,0.05094580540771322
SN-OMD (M=5),62101,1.6989936066279727,1.1549745861661815
SN-OMD (M=5),62151,1.7153396483658157,0.4768879964225471
SN-OMD (M=5),62201,1.7160286707741723,0.07452995677568762
SN-OMD (M=5),62251,1.7208393948145502,0.09739426180899954
SN-OMD (M=5),62301,1.7381912317216508,1.0152780179126417
SN-OMD (M=5),62351,1.7312933047392347,0.6600701485141425
SN-OMD (M=5),62401,1.7411229206633927,0.6597327458738249
SN-OMD (M=5),62451,1.7494871017153668,0.3447094055109002
SN-OMD (M=5),62501,1.7677217658947344,1.4417236166422769
SN-OMD (M=5),62551,1.734759138246285,0.9530761468873692
SN-OMD (M=5),62601,1.7369028385543757,0.0005216867994878934
SN-OMD (M=5),62651,1.7418108912459653,0.009601176512694107
SN-OMD (M=5),62701,1.81394860153389,2.3104567145042036
SN-OMD (M=5),62751,1.828942793402245,0.1709211279286077
SN-OMD (M=5),62801,1.819145530465871,1.1530231630737904
SN-OMD (M=5),62851,1.7938994988661436,0.22799986948562675
SN-OMD (M=5),62901,1.7781165293066241,0.11206271753468568
SN-OMD (M=5),62951,1.7911344589421223,0.17377049257559743
SN-OMD (M=5),63001,1.7760395465894385,2.1718628501126087
SN-OMD (M=5),63051,1.797465435696036,0.03812056196859901
SN-OMD (M=5),63101,1.7928645232904556,0.34754200979941957
SN-OMD (M=5),63151,1.7956032538403384,0.03663253565395558
SN-OMD (M=5),63201,1.8049280252389683,0.018841553006810088
SN-OMD (M=5),63251,1.8144718354631033,0.008675139121646906
SN-OMD (M=5),63301,1.8086630563966168,0.0907789029609358
SN-OMD (M=5),63351,1.7775938299256977,0.031229483459477313
SN-OMD (M=5),63401,1.7468459739874165,0.6758559321896551
SN-OMD (M=5),63451,1.7418967283547089,0.01586558681745072
SN-OMD (M=5),63501,1.7413208406659106,1.8480798627663337
SN-OMD (M=5),63551,1.7380154302304298,0.20243043696061688
SN-OMD (M=5),63601,1.7264049657671394,0.00024591215802332667
SN-OMD (M=5),63651,1.7301632106236515,0.380440656961343
SN-OMD (M=5),63701,1.711840734239427,0.278161713616074
SN-OMD (M=5),63751,1.714733761936763,0.32465099190018815
SN-OMD (M=5),63801,1.6886388661796823,3.113936368607408e-08
SN-OMD (M=5),63851,1.677846163239515,0.22667557601627708
SN-OMD (M=5),63901,1.6805184981180508,0.027103382375632843
SN-OMD (M=5),63951,1.6980968391167812,0.46962925294446944
SN-OMD (M=5),64001,1.7011116774208326,0.028856893929886045
SN-OMD (M=5),64051,1.7362428268197418,0.46057260152687357
SN-OMD (M=5),64101,1.7468657793093134,2.1346027364445317
SN-OMD (M=5),64151,1.7667210912098703,0.7259741353305144
SN-OMD (M=5),64201,1.7700801287106018,5.401598650100446
SN-OMD (M=5),64251,1.7723692566121194,0.03190296398326136
SN-OMD (M=5),64301,1.7996237479921318,0.6465808866897175
SN-OMD (M=5),64351,1.8014301378910527,0.2507881078229709
SN-OMD (M=5),64401,1.80001112385991,0.0038246451710660305
SN-OMD (M=5),64451,1.782128575023087,0.33256438490712503
SN-OMD (M=5),64501,1.7788531868048245,2.664304695364481
SN-OMD (M=5),64551,1.6697345453142984,0.6039668943775943
SN-OMD (M=5),64601,1.644248387671884,1.452443997504582
SN-OMD (M=5),64651,1.632129334365071,0.4106999164466095
SN-OMD (M=5),64701,1.6801720177520336,0.04142759558964126
SN-OMD (M=5),64751,1.729782231436991,0.6484921148300554
SN-OMD (M=5),64801,1.7092634693420738,0.010146338368773987
SN-OMD (M=5),64851,1.6920845690036388,0.2704119114810187
SN-OMD (M=5),64901,1.6766733104839593,3.7296754392137297
SN-OMD (M=5),64951,1.6456851899778966,0.8259281724020164
SN-OMD (M=5),65001,1.6335146618103995,0.08526388871799528
SN-OMD (M=5),65051,1.6508136717355837,1.0292774591079414
SN-OMD (M=5),65101,1.634558468616437,1.019470243903636
SN-OMD (M=5),65151,1.617503261680847,0.7600944421185962
SN-OMD (M=5),65201,1.5582639038735493,0.6242169791543946
SN-OMD (M=5),65251,1.5451774056327712,0.550989472123119
SN-OMD (M=5),65301,1.5328551618235389,0.04471943840814162
SN-OMD (M=5),65351,1.4963943717475414,0.01673044725267879
SN-OMD (M=5),65401,1.492297681735445,0.7661468270961955
SN-OMD (M=5),65451,1.511671293591781,1.6038822587666397
SN-OMD (M=5),65501,1.484258911258174,0.032878810363867694
SN-OMD (M=5),65551,1.50061042898851,0.07493580145411366
SN-OMD (M=5),65601,1.499585993797139,0.3503463427373906
SN-OMD (M=5),65651,1.489586836598276,2.2184190802253183
SN-OMD (M=5),65701,1.4638239519060123,0.09715562760462215
SN-OMD (M=5),65751,1.449879167984409,1.0983864371636591
SN-OMD (M=5),65801,1.4210274537374425,0.1521224263189075
SN-OMD (M=5),65851,1.3948061561033345,0.025550261265274037
SN-OMD (M=5),65901,1.3993140354053146,0.0021219035370833245
SN-OMD (M=5),65951,1.4114557423630445,0.0042775132271816495
SN-OMD (M=5),66001,1.4095612082265807,0.35340436244475015
SN-OMD (M=5),66051,1.4064111554188239,0.014618650073667925
SN-OMD (M=5),66101,1.3985115912210684,0.09327183856312461
SN-OMD (M=5),66151,1.4049965879093362,0.0018352929416782144
SN-OMD (M=5),66201,1.3831335376275937,0.06580724925955983
SN-OMD (M=5),66251,1.3745906799807635,0.03085111334307844
SN-OMD (M=5),66301,1.3689116664661667,0.0005176041264128944
SN-OMD (M=5),66351,1.3417596567643597,0.026992086635053748
SN-OMD (M=5),66401,1.3454397636113995,0.015131518641033383
SN-OMD (M=5),66451,1.3864591952851362,0.5761553039777312
SN-OMD (M=5),66501,1.4013812865947715,0.022745289545379504
SN-OMD (M=5),66551,1.4266417759229395,0.030745195229135252
SN-OMD (M=5),66601,1.4181814567024702,0.046318161145732506
SN-OMD (M=5),66651,1.4192281930940165,0.01960269315599492
SN-OMD (M=5),66701,1.4036499662642157,0.03535193195541419
SN-OMD (M=5),66751,1.3817376899074891,0.05884545590393548
SN-OMD (M=5),66801,1.375996264099471,0.0202269413560388
SN-OMD (M=5),66851,1.371641061732831,0.005030540343307549
SN-OMD (M=5),66901,1.3676345565570032,0.015597736920663307
SN-OMD (M=5),66951,1.3798553084475003,0.6177586927785182
SN-OMD (M=5),67001,1.372255281232244,0.003024674487865344
SN-OMD (M=5),67051,1.3617177529992033,0.28653042911732085
SN-OMD (M=5),67101,1.3449856499839998,0.055764448763959064
SN-OMD (M=5),67151,1.3380522287784833,0.10192911938824856
SN-OMD (M=5),67201,1.3520912077911564,0.08177913186189563
SN-OMD (M=5),67251,1.3358673576666207,0.0067413404398263335
SN-OMD (M=5),67301,1.3413047673578469,0.024769644754058098
SN-OMD (M=5),67351,1.3309742249405927,0.015484615295142749
SN-OMD (M=5),67401,1.3216630049409563,0.08517789811578635
SN-OMD (M=5),67451,1.3072019824367949,0.04945780046570258
SN-OMD (M=5),67501,1.3242298684647513,0.05930877443427176
SN-OMD (M=5),67551,1.391145853650866,0.21396854753046302
SN-OMD (M=5),67601,1.432843336276999,0.019453769488444086
SN-OMD (M=5),67651,1.411792307480255,0.14695825942530463
SN-OMD (M=5),67701,1.4462661070200256,0.3413072831417557
SN-OMD (M=5),67751,1.4353069081206695,0.11918455990817231
SN-OMD (M=5),67801,1.4268477051127346,0.03568822886136196
SN-OMD (M=5),67851,1.4131256542903954,0.18186672935350606
SN-OMD (M=5),67901,1.3867414602914492,0.03398024324894803
SN-OMD (M=5),67951,1.362843497653827,0.002141612520625962
SN-OMD (M=5),68001,1.3658626829719493,0.0063337804481986525
SN-OMD (M=5),68051,1.3697556731596245,0.12090945709500062
SN-OMD (M=5),68101,1.3593107359765597,0.010206143777485684
SN-OMD (M=5),68151,1.3251533456203852,0.00012432801340658912
SN-OMD (M=5),68201,1.3156848499961122,0.013251060473217108
SN-OMD (M=5),68251,1.355284967488757,0.054178013439629
SN-OMD (M=5),68301,1.4266603380337968,0.026838529789833046
SN-OMD (M=5),68351,1.3894361274579463,0.35651595511613554
SN-OMD (M=5),68401,1.4624356111346106,0.030632186444614216
SN-OMD (M=5),68451,1.4431325225688496,0.21795922302781384
SN-OMD (M=5),68501,1.4004063383766097,0.5016519856856161
SN-OMD (M=5),68551,1.403915002467113,0.10851371920350687
SN-OMD (M=5),68601,1.393690718380956,0.003980110449178806
SN-OMD (M=5),68651,1.380204435219158,0.12578758565281872
SN-OMD (M=5),68701,1.3846373129189584,0.20585038630403346
SN-OMD (M=5),68751,1.3932572592091108,0.22741159266628205
SN-OMD (M=5),68801,1.365983635875019,0.7607632404924144
SN-OMD (M=5),68851,1.3568742554319526,0.010664251369924464
SN-OMD (M=5),68901,1.3455957454446268,0.06147133324238736
SN-OMD (M=5),68951,1.3453978968256237,0.8095003520735187
SN-OMD (M=5),69001,1.3410205947749416,0.009400839268880811
SN-OMD (M=5),69051,1.3343357449111748,0.0004589094722965031
SN-OMD (M=5),69101,1.3488670431622762,5.48254125958979e-07
SN-OMD (M=5),69151,1.344202965820614,0.5100329137058316
SN-OMD (M=5),69201,1.3552257394264324,0.0026189828451739405
SN-OMD (M=5),69251,1.3380837379935766,0.08947810909027518
SN-OMD (M=5),69301,1.389721503592704,0.056083318198992274
SN-OMD (M=5),69351,1.3728582244478615,0.3951692342880751
SN-OMD (M=5),69401,1.3683339655662103,0.44679334267873144
SN-OMD (M=5),69451,1.3788983542757398,0.5472602173767926
SN-OMD (M=5),69501,1.3316505722013878,0.006323483113133691
SN-OMD (M=5),69551,1.3004804696072125,0.4410593117927463
SN-OMD (M=5),69601,1.282071797481667,0.024664826529861204
SN-OMD (M=5),69651,1.280073794442986,0.05845113705016837
SN-OMD (M=5),69701,1.3064083352025324,0.3729290755714591
SN-OMD (M=5),69751,1.3384790926800605,0.0674604521501531
SN-OMD (M=5),69801,1.3348126468940917,0.4091176067457572
SN-OMD (M=5),69851,1.315096320642153,0.13066373112957352
SN-OMD (M=5),69901,1.3043392432468093,0.4309771215181078
SN-OMD (M=5),69951,1.322832515661742,0.07056940463410442
SN-OMD (M=5),70001,1.3280201608153577,0.0034724777695278575
SN-OMD (M=5),70051,1.3760300891394224,1.3198030545796735
SN-OMD (M=5),70101,1.3488236032641172,1.5996394466316313
SN-OMD (M=5),70151,1.474974982273322,1.5457354068273457
SN-OMD (M=5),70201,1.521343612169371,0.032422106164919536
SN-OMD (M=5),70251,1.508930204329228,0.14161843174663566
SN-OMD (M=5),70301,1.4817899709156537,0.17767063936723235
SN-OMD (M=5),70351,1.457946530159404,0.8971258818573715
SN-OMD (M=5),70401,1.4284192676779455,0.3776293237721116
SN-OMD (M=5),70451,1.4006061535503598,0.3441858252457641
SN-OMD (M=5),70501,1.412534053969472,2.8586867475662263
SN-OMD (M=5),70551,1.406791575049232,0.8831905715142573
SN-OMD (M=5),70601,1.4132148567800475,0.06732581387911427
SN-OMD (M=5),70651,1.425498215483024,0.7933128918594542
SN-OMD (M=5),70701,1.417574427758176,2.2048972791059893
SN-OMD (M=5),70751,1.4034299502626886,0.024218983575843397
SN-OMD (M=5),70801,1.3508164410132766,0.9912674403317298
SN-OMD (M=5),70851,1.337334714897884,0.815744058881243
SN-OMD (M=5),70901,1.3371945022891938,2.0025573854715493
SN-OMD (M=5),70951,1.3594770642572138,1.8920484322249873
SN-OMD (M=5),71001,1.3706348786151645,3.6361768527077842
SN-OMD (M=5),71051,1.3324624783547467,6.154414559687922
SN-OMD (M=5),71101,1.339216753326428,0.10148317816509975
SN-OMD (M=5),71151,1.3425089717572027,1.4062156752327124
SN-OMD (M=5),71201,1.3424628197911601,0.08717763558272465
SN-OMD (M=5),71251,1.3270938581435097,0.13055289918980667
SN-OMD (M=5),71301,1.3232032057462533,0.04577886372908873
SN-OMD (M=5),71351,1.2947559744312536,0.06028531596769738
SN-OMD (M=5),71401,1.3124761781402186,0.17678910372420928
SN-OMD (M=5),71451,1.2901889238243371,0.011503342700300378
SN-OMD (M=5),71501,1.2789914798058477,0.09283505694512892
SN-OMD (M=5),71551,1.3378094208991675,0.3808977652816438
SN-OMD (M=5),71601,1.3717277714314107,0.17757681692004215
SN-OMD (M=5),71651,1.3662176933094732,0.05972788922748047
SN-OMD (M=5),71701,1.3436295452241656,0.362790963320562
SN-OMD (M=5),71751,1.3419678597521345,0.2580015390914439
SN-OMD (M=5),71801,1.3446679588479524,0.3611398593540775
SN-OMD (M=5),71851,1.3575459667062881,0.04083781860403752
SN-OMD (M=5),71901,1.3699435372471365,0.13888889135735658
SN-OMD (M=5),71951,1.4536890126630428,0.060167095105565255
SN-OMD (M=5),72001,1.499583069343495,0.0006205747367429436
SN-OMD (M=5),72051,1.5915487811650892,0.18178385755669677
SN-OMD (M=5),72101,1.595713169289017,0.1096218707960023
SN-OMD (M=5),72151,1.587516732796151,0.0005587709113354445
SN-OMD (M=5),72201,1.5709680775033132,0.27369456128067404
SN-OMD (M=5),72251,1.5618636548582496,0.09084469761004076
SN-OMD (M=5),72301,1.5565361341614277,4.122127862779859
SN-OMD (M=5),72351,1.5473691885282432,14.02600715960057
SN-OMD (M=5),72401,1.5346338583656585,16.741910256926776
SN-OMD (M=5),72451,1.563421260961703,4.255190656766197
SN-OMD (M=5),72501,1.5656941862122231,1.951214113071858
SN-OMD (M=5),72551,1.5353552773645267,0.33608320562004756
SN-OMD (M=5),72601,1.5136734481355743,1.8701352876430921
SN-OMD (M=5),72651,1.5072224306245072,0.15672807027133998
SN-OMD (M=5),72701,1.5013552986236176,0.20628408418036207
SN-OMD (M=5),72751,1.4773238280386838,4.287230992628129
SN-OMD (M=5),72801,1.4849143382134056,0.7528877356697358
SN-OMD (M=5),72851,1.487752142574756,0.021727113322327508
SN-OMD (M=5),72901,1.4913926007315783,2.382599509693238
SN-OMD (M=5),72951,1.5074960674374767,0.09325056021128052
SN-OMD (M=5),73001,1.556306646599977,1.7865153664167195
SN-OMD (M=5),73051,1.566993827908911,4.966801908561249
SN-OMD (M=5),73101,1.56825997726602,8.098713976467966
SN-OMD (M=5),73151,1.568087002439454,0.0026153537296957257
SN-OMD (M=5),73201,1.5560161271345274,0.18098534270543865
SN-OMD (M=5),73251,1.5852763740585494,11.949686631063503
SN-OMD (M=5),73301,1.6090741359300589,6.91769012263941
SN-OMD (M=5),73351,1.6591314657968104,3.482993752976166
SN-OMD (M=5),73401,1.6718926514412007,0.5282012064673193
SN-OMD (M=5),73451,1.6476995172700752,2.6449189351547173
SN-OMD (M=5),73501,1.6249448678660412,0.008445174779795747
SN-OMD (M=5),73551,1.5902124748923592,0.5654953592936818
SN-OMD (M=5),73601,1.5829531637170071,13.177975674790043
SN-OMD (M=5),73651,1.5636106791489541,6.176889117975648
SN-OMD (M=5),73701,1.5550068539741628,0.03223413062592189
SN-OMD (M=5),73751,1.5419255920837702,0.3016209148962782
SN-OMD (M=5),73801,1.5349994647715441,0.05161237794530042
SN-OMD (M=5),73851,1.5346878795355035,1.1372119961284004
SN-OMD (M=5),73901,1.517213978851283,1.2773790414654902
SN-OMD (M=5),73951,1.5062248751237626,0.3184535501270805
SN-OMD (M=5),74001,1.4905012765046606,1.7693727603409535
SN-OMD (M=5),74051,1.4841634329685378,2.4871543225207793
SN-OMD (M=5),74101,1.506149842398161,5.977396835743778
SN-OMD (M=5),74151,1.5231792890812053,2.861504839720795
SN-OMD (M=5),74201,1.510699171380362,0.9485137419792463
SN-OMD (M=5),74251,1.5186100573868462,9.436439971648959
SN-OMD (M=5),74301,1.484646894892527,2.104513314526315
SN-OMD (M=5),74351,1.4483053789235798,2.5037734613481804
SN-OMD (M=5),74401,1.457345863149548,0.014538162404702093
SN-OMD (M=5),74451,1.4430207630287901,0.44082835238426493
SN-OMD (M=5),74501,1.4306987905553648,2.5154535685571724
SN-OMD (M=5),74551,1.41928417379283,0.08366494500921781
SN-OMD (M=5),74601,1.42136122012765,4.246139606486884
SN-OMD (M=5),74651,1.4330154674325655,1.98523360134299
SN-OMD (M=5),74701,1.467198382796646,14.79397531476487
SN-OMD (M=5),74751,1.4645386191793397,2.65536391010668
SN-OMD (M=5),74801,1.4884515955712379,0.02354459666099743
SN-OMD (M=5),74851,1.4936291533599104,0.000600552149942978
SN-OMD (M=5),74901,1.4776555140762984,0.05737977029673653
SN-OMD (M=5),74951,1.4712525349701728,0.032502070260283115
SN-OMD (M=5),75001,1.4459138629907902,0.07454371066480939
SN-OMD (M=5),75051,1.4505313815296283,1.209189515665139
SN-OMD (M=5),75101,1.4291364318344157,0.5578464610123751
SN-OMD (M=5),75151,1.424180594378475,4.174066539670526
SN-OMD (M=5),75201,1.425916075930014,0.03983069909158783
SN-OMD (M=5),75251,1.4346276111718321,3.4433408560044785
SN-OMD (M=5),75301,1.44775114686295,0.6847498825792995
SN-OMD (M=5),75351,1.46440997793971,2.966626041413732
SN-OMD (M=5),75401,1.461398344945528,0.07590101102777197
SN-OMD (M=5),75451,1.4763451810610382,3.437334754909996
SN-OMD (M=5),75501,1.4740450332716597,0.28255791228851945
SN-OMD (M=5),75551,1.4558907523742899,1.1869615369872089
SN-OMD (M=5),75601,1.4946900131893543,3.854675766691864
SN-OMD (M=5),75651,1.5705259855197706,1.5283765153044369
SN-OMD (M=5),75701,1.6177779226650386,6.349686370855409
SN-OMD (M=5),75751,1.6970807874184917,1.7023788610677588
SN-OMD (M=5),75801,1.7314585009539663,0.5667508920435265
SN-OMD (M=5),75851,1.7120363611886442,1.9850919734977788
SN-OMD (M=5),75901,1.7391646892774903,0.0037684477008204133
SN-OMD (M=5),75951,1.7658627541203504,0.05104128233614294
SN-OMD (M=5),76001,1.7959019988570828,2.195159728355732
SN-OMD (M=5),76051,1.8291528930644227,0.5528846013957096
SN-OMD (M=5),76101,1.887905177140294,0.7825317375660343
SN-OMD (M=5),76151,1.895324277402501,0.011555077464421883
SN-OMD (M=5),76201,1.9114722480431805,0.08494932688662316
SN-OMD (M=5),76251,1.9070077298443486,1.1005840520984458
SN-OMD (M=5),76301,1.8964984237812281,0.7470027385214981
SN-OMD (M=5),76351,1.8481706007039136,0.8723186967685896
SN-OMD (M=5),76401,1.8259036184310982,0.13135057464710245
SN-OMD (M=5),76451,1.831319196903335,2.0972298856388094
SN-OMD (M=5),76501,1.8330791676477176,1.2771915367775892
SN-OMD (M=5),76551,1.8651574151843655,0.24898700947986258
SN-OMD (M=5),76601,1.8846023752640748,0.010021190648609249
SN-OMD (M=5),76651,1.8480403830901557,0.0026614590490899055
SN-OMD (M=5),76701,1.8393953047975955,2.0326434151350523
SN-OMD (M=5),76751,1.8255643501227214,3.126191269192831
SN-OMD (M=5),76801,1.844679833165376,1.117600122157798
SN-OMD (M=5),76851,1.8156074988985615,1.6433108545449044
SN-OMD (M=5),76901,1.7975056860782137,2.763314969027152
SN-OMD (M=5),76951,1.800930147788759,0.5072057961370643
SN-OMD (M=5),77001,1.789101748908207,1.9481202626209098
SN-OMD (M=5),77051,1.750678553483523,0.9913704896717119
SN-OMD (M=5),77101,1.7871676213138152,0.7194737334845565
SN-OMD (M=5),77151,1.7413972126454982,0.41453582190454463
SN-OMD (M=5),77201,1.719674577220384,0.24635115042922798
SN-OMD (M=5),77251,1.7229818408528772,0.13679054375892644
SN-OMD (M=5),77301,1.7886963398596283,1.323737729535041
SN-OMD (M=5),77351,1.8200077121298717,0.012257867299040433
SN-OMD (M=5),77401,1.850728891823709,0.5398069314227916
SN-OMD (M=5),77451,1.8921289107620123,0.3380303937784268
SN-OMD (M=5),77501,1.90904308415193,2.438252027058375
SN-OMD (M=5),77551,1.9343585820198879,1.0516650115449422
SN-OMD (M=5),77601,1.9280218846445911,1.9923412444165505
SN-OMD (M=5),77651,1.903919530285579,2.0310974718477817
SN-OMD (M=5),77701,1.8735571932403126,0.022589318136032505
SN-OMD (M=5),77751,1.8651467841478768,2.955747272599144
SN-OMD (M=5),77801,1.8690832126935364,8.247788005461201
SN-OMD (M=5),77851,1.844897808148295,0.5557074102811083
SN-OMD (M=5),77901,1.8472285153343315,0.298362856801201
SN-OMD (M=5),77951,1.8337390382776952,0.026878509503805634
SN-OMD (M=5),78001,1.820030483695676,0.03457736144562307
SN-OMD (M=5),78051,1.8092847359694715,0.0015323126473775395
SN-OMD (M=5),78101,1.7895985223818458,0.011526245250348342
SN-OMD (M=5),78151,1.7775612437020076,0.29364271600018244
SN-OMD (M=5),78201,1.7626567030489968,0.8413841004336341
SN-OMD (M=5),78251,1.7757365697438579,0.5075532989571178
SN-OMD (M=5),78301,1.8058029132680404,0.26812647677271506
SN-OMD (M=5),78351,1.808658293379543,0.7191411915137839
SN-OMD (M=5),78401,1.811326462347374,0.745602597812948
SN-OMD (M=5),78451,1.8005642320890767,0.10239963380461273
SN-OMD (M=5),78501,1.777293745895498,0.0007921837505313545
SN-OMD (M=5),78551,1.7534671596490066,0.2939092495477612
SN-OMD (M=5),78601,1.7537233690126033,0.7211637529768683
SN-OMD (M=5),78651,1.749757750237663,2.067072191905131
SN-OMD (M=5),78701,1.7482566760143017,1.0500577774996322
SN-OMD (M=5),78751,1.7435849961645093,0.16711165544682804
SN-OMD (M=5),78801,1.7428099557953793,0.32605193934771565
SN-OMD (M=5),78851,1.7505816079405465,0.43272783315593666
SN-OMD (M=5),78901,1.743414380171634,0.7748036460205798
SN-OMD (M=5),78951,1.733548267967132,0.5412496569754147
SN-OMD (M=5),79001,1.7226056911079497,0.08805898571314683
SN-OMD (M=5),79051,1.718231765001844,0.5944191261711264
SN-OMD (M=5),79101,1.7241276944988486,0.026762889464324487
SN-OMD (M=5),79151,1.7349534611847242,0.6123057780279508
SN-OMD (M=5),79201,1.7615690258806227,0.5237280882525384
SN-OMD (M=5),79251,1.7416483945845063,0.03045138313768658
SN-OMD (M=5),79301,1.745230321271148,0.021608024050257392
SN-OMD (M=5),79351,1.7547560453230686,0.278939066137818
SN-OMD (M=5),79401,1.7812681654835643,0.07518507456056524
SN-OMD (M=5),79451,1.7633509024715626,0.003387375083564043
SN-OMD (M=5),79501,1.796767840018391,0.24257252833551002
SN-OMD (M=5),79551,1.808763194345982,0.7605775217345312
SN-OMD (M=5),79601,1.8116809868971249,0.08851100988542204
SN-OMD (M=5),79651,1.8028232623159404,0.04164794915131132
SN-OMD (M=5),79701,1.7964606714230598,0.4252358169779599
SN-OMD (M=5),79751,1.7874123346160051,1.3639910686751553
SN-OMD (M=5),79801,1.7665090660196843,0.391890428223701
SN-OMD (M=5),79851,1.6239561181830735,18.46003025936731
SN-OMD (M=5),79901,1.6499609478243569,21.769847367714448
SN-OMD (M=5),79951,1.6506784755376556,0.3715620510910922
SN-OMD (M=5),80001,1.6827605930088367,7.848250455278883
SN-OMD (M=5),80051,1.7174034574931925,4.238710213183451
SN-OMD (M=5),80101,1.7062530406070933,0.7559371264458989
SN-OMD (M=5),80151,1.7725811112888603,0.15658276378091257
SN-OMD (M=5),80201,1.7964893434244351,0.44663008420317074
SN-OMD (M=5),80251,1.7961433183201894,0.3640896753229381
SN-OMD (M=5),80301,1.7463131514870947,4.323104833417333
SN-OMD (M=5),80351,1.7237269672853675,0.11541774299662817
SN-OMD (M=5),80401,1.717895705457428,0.00034584246603212637
SN-OMD (M=5),80451,1.723685554316017,0.04541411915543369
SN-OMD (M=5),80501,1.7377622100864258,0.4718989276704231
SN-OMD (M=5),80551,1.7322552239925282,0.715165428058728
SN-OMD (M=5),80601,1.7579347447764018,1.2514453105334273
SN-OMD (M=5),80651,1.79658623493762,7.74032237594787
SN-OMD (M=5),80701,1.7799096336400677,0.8651029101098956
SN-OMD (M=5),80751,1.75219192026923,6.713821445458055
SN-OMD (M=5),80801,1.7435314241061148,5.34172622616109
SN-OMD (M=5),80851,1.739105426323171,3.09864828933913
SN-OMD (M=5),80901,1.73555026062262,10.558310694618225
SN-OMD (M=5),80951,1.726524356458363,30.880599673154858
SN-OMD (M=5),81001,1.7313093674813438,30.360738619580726
SN-OMD (M=5),81051,1.7884640560784548,8.323803973352879
SN-OMD (M=5),81101,1.8293668164108166,4.008768932772577
SN-OMD (M=5),81151,1.8084497913333721,0.21345493445387637
SN-OMD (M=5),81201,1.8157738073754142,0.08552459083911187
SN-OMD (M=5),81251,1.828738626796805,0.05298942197528635
SN-OMD (M=5),81301,1.8396603696022678,2.354739661091777e-05
SN-OMD (M=5),81351,1.860878896860212,0.23779946106094837
SN-OMD (M=5),81401,1.8715976486493138,0.31899330163830886
SN-OMD (M=5),81451,1.9005912360220174,4.395039790581924
SN-OMD (M=5),81501,1.9336373872393824,1.8190494416040128
SN-OMD (M=5),81551,1.90318955028943,0.005462131584229351
SN-OMD (M=5),81601,1.878534717218015,2.815117376267369
SN-OMD (M=5),81651,1.851955774205368,0.037839221665829814
SN-OMD (M=5),81701,1.8370908938586903,0.605557637490718
SN-OMD (M=5),81751,1.8151522741322765,0.03368924522564723
SN-OMD (M=5),81801,1.7947346598744374,0.0818305107183393
SN-OMD (M=5),81851,1.7878979427480488,0.11714396775247973
SN-OMD (M=5),81901,1.7877089120842513,1.4080207051019307
SN-OMD (M=5),81951,1.7794935969591827,0.053034099530666096
SN-OMD (M=5),82001,1.7587995286549363,0.0025527036269940755
SN-OMD (M=5),82051,1.732970752204523,0.31765988182988697
SN-OMD (M=5),82101,1.721044374487424,0.22698633553034062
SN-OMD (M=5),82151,1.7057831293153543,0.24233749710465108
SN-OMD (M=5),82201,1.6729421051286624,0.3641623734063716
SN-OMD (M=5),82251,1.6410118266573255,0.006336737574479551
SN-OMD (M=5),82301,1.641954668874368,0.007372904683126323
SN-OMD (M=5),82351,1.6045175193268497,0.04347953540506335
SN-OMD (M=5),82401,1.601442493428849,0.04708124012802735
SN-OMD (M=5),82451,1.5931347115340135,0.1771343630813607
SN-OMD (M=5),82501,1.5695547247098205,0.3544427991582088
SN-OMD (M=5),82551,1.549011453238504,0.1147603150099457
SN-OMD (M=5),82601,1.5466773526102964,0.12780930189427198
SN-OMD (M=5),82651,1.5348876606995403,0.2817106411232003
SN-OMD (M=5),82701,1.532654624502053,0.0472153354099766
SN-OMD (M=5),82751,1.5353528757565287,0.30230561080618
SN-OMD (M=5),82801,1.5150129558932446,0.21788214975794004
SN-OMD (M=5),82851,1.5110754812035456,0.006945026893644699
SN-OMD (M=5),82901,1.4927973020264909,0.056187480167473776
SN-OMD (M=5),82951,1.472840466985813,0.1431159460710308
SN-OMD (M=5),83001,1.4573431162953474,0.12440034603298167
SN-OMD (M=5),83051,1.4459105571459578,0.060999968205446856
SN-OMD (M=5),83101,1.4497599067836624,0.011236407631968943
SN-OMD (M=5),83151,1.4523517492381566,0.29975522995779846
SN-OMD (M=5),83201,1.4610522887166295,2.8477430894370617
SN-OMD (M=5),83251,1.6067354985422149,3.3574285734421947
SN-OMD (M=5),83301,1.7048860455733033,4.056159256175373
SN-OMD (M=5),83351,1.6893708999423347,1.7692506626788242
SN-OMD (M=5),83401,1.6612615839897666,0.1109344647800246
SN-OMD (M=5),83451,1.619103924970638,0.20648302852972972
SN-OMD (M=5),83501,1.5471403744743668,17.258554042626386
SN-OMD (M=5),83551,1.5033591118560177,0.6391217652005359
SN-OMD (M=5),83601,1.4964919252534206,0.3762447556882302
SN-OMD (M=5),83651,1.5084887574580925,4.429424993710869
SN-OMD (M=5),83701,1.4933055570443583,0.49380722012766026
SN-OMD (M=5),83751,1.4915207596159477,0.10029625515970164
SN-OMD (M=5),83801,1.4728837794037193,0.7430108947608407
SN-OMD (M=5),83851,1.478478442916604,0.02445001379836145
SN-OMD (M=5),83901,1.508232349618828,0.6428688989097525
SN-OMD (M=5),83951,1.5396600356518437,0.151332770208215
SN-OMD (M=5),84001,1.5362033312105057,0.19270429154975627
SN-OMD (M=5),84051,1.5302288251897236,0.002590652366591919
SN-OMD (M=5),84101,1.5733530847980493,1.891245222852971
SN-OMD (M=5),84151,1.6408049391489097,2.447788571518704
SN-OMD (M=5),84201,1.607977442091831,0.5707077742150203
SN-OMD (M=5),84251,1.6537690777546998,0.1122808215033415
SN-OMD (M=5),84301,1.6492273097509884,0.04256698855429154
SN-OMD (M=5),84351,1.636365594931405,0.5400513158669542
SN-OMD (M=5),84401,1.6450912415175372,0.13936608912690168
SN-OMD (M=5),84451,1.62399986495448,0.001128056033675779
SN-OMD (M=5),84501,1.6344424605562216,0.003911228664914368
SN-OMD (M=5),84551,1.6393106039942738,0.29775359010476243
SN-OMD (M=5),84601,1.6887506900366307,0.016753388818166105
SN-OMD (M=5),84651,1.6697067861850878,0.03524066216065558
SN-OMD (M=5),84701,1.6439168275408793,3.4623103104484807
SN-OMD (M=5),84751,1.652777981577437,0.09948794323046378
SN-OMD (M=5),84801,1.6592087506957818,0.008759434790136463
SN-OMD (M=5),84851,1.6875679596533635,0.5618342709181899
SN-OMD (M=5),84901,1.6824111825836123,0.1585180728758593
SN-OMD (M=5),84951,1.6958173272231278,0.040671168374558905
SN-OMD (M=5),85001,1.7117374904421492,0.8373984138741832
SN-OMD (M=5),85051,1.6807980279893622,0.013884403126210365
SN-OMD (M=5),85101,1.6659175558596069,0.059940900909687546
SN-OMD (M=5),85151,1.6522685557923782,0.03914647949368589
SN-OMD (M=5),85201,1.648864304660464,0.11938296750122
SN-OMD (M=5),85251,1.6440539671871643,0.6281707748832647
SN-OMD (M=5),85301,1.6531648046727252,0.22590884514147488
SN-OMD (M=5),85351,1.6742736985557047,1.380309803417836
SN-OMD (M=5),85401,1.6378729971003763,0.0008679810233672322
SN-OMD (M=5),85451,1.6097663430739704,0.0487635742502953
SN-OMD (M=5),85501,1.6045958044888227,0.018483940221739367
SN-OMD (M=5),85551,1.6072534191689891,0.18705671596047893
SN-OMD (M=5),85601,1.6130117205521022,0.0002390389238426767
SN-OMD (M=5),85651,1.6077862471385538,0.27698766615573445
SN-OMD (M=5),85701,1.61568262403013,0.022910611584916838
SN-OMD (M=5),85751,1.6290484172497355,0.05645443103626278
SN-OMD (M=5),85801,1.6364343068441896,2.1036442570541682
SN-OMD (M=5),85851,1.664320956195443,2.6879403342662247
SN-OMD (M=5),85901,1.703977822333828,1.1317205302355584
SN-OMD (M=5),85951,1.7014264332795206,0.12386324467204564
SN-OMD (M=5),86001,1.7008392275470388,0.4397004189620674
SN-OMD (M=5),86051,1.6659741743962528,1.59727502376898
SN-OMD (M=5),86101,1.6397360047034224,0.43150733214982884
SN-OMD (M=5),86151,1.6200320334996352,0.004317294711139207
SN-OMD (M=5),86201,1.6048932973109644,0.1279079011314335
SN-OMD (M=5),86251,1.5830044105294556,0.4993651731951264
SN-OMD (M=5),86301,1.564499653200806,0.6861154671465957
SN-OMD (M=5),86351,1.5416857284785883,0.012431228846356631
SN-OMD (M=5),86401,1.5323019031857035,0.00011740394532896332
SN-OMD (M=5),86451,1.5174457356117321,0.2198462374263745
SN-OMD (M=5),86501,1.5077156488602876,0.05604909283578889
SN-OMD (M=5),86551,1.5037653972331668,0.11556362577463652
SN-OMD (M=5),86601,1.4932798801309506,7.398995720689853e-05
SN-OMD (M=5),86651,1.4964735583885367,0.04406690509907483
SN-OMD (M=5),86701,1.586115620265002,0.4325238291074239
SN-OMD (M=5),86751,1.6573272006954147,1.0880475628616144
SN-OMD (M=5),86801,1.750271725511937,0.03402248058272559
SN-OMD (M=5),86851,1.7570155882541243,0.0026925215640953163
SN-OMD (M=5),86901,1.7398956343803351,0.7882214390409904
SN-OMD (M=5),86951,1.7266495189078253,0.0003383813398864145
SN-OMD (M=5),87001,1.7446575670855815,11.160185510643384
SN-OMD (M=5),87051,1.7263954346299664,3.002465280129266
SN-OMD (M=5),87101,1.694901628434108,3.69048325119414
SN-OMD (M=5),87151,1.6841558393865619,0.04838840981324222
SN-OMD (M=5),87201,1.665549071870103,0.8044898270357373
SN-OMD (M=5),87251,1.6206252863031871,0.8815611608077455
SN-OMD (M=5),87301,1.6044431611064316,0.2206575449931423
SN-OMD (M=5),87351,1.6195474189671653,0.3669969342664767
SN-OMD (M=5),87401,1.6526618922277085,0.00493534195749396
SN-OMD (M=5),87451,1.6342772352325272,0.4545446476515578
SN-OMD (M=5),87501,1.6102576056049909,0.00039741382990604243
SN-OMD (M=5),87551,1.5854465744243287,0.42441350139435896
SN-OMD (M=5),87601,1.5709001851673319,0.31615683638782266
SN-OMD (M=5),87651,1.5843283654677383,0.013341462885647597
SN-OMD (M=5),87701,1.604775323985766,0.04900891954592042
SN-OMD (M=5),87751,1.5923735428331973,0.04310992936369408
SN-OMD (M=5),87801,1.5757530191280675,0.3088866239818739
SN-OMD (M=5),87851,1.5546047713371192,0.27601579441042384
SN-OMD (M=5),87901,1.5478348086052063,0.030685854227601596
SN-OMD (M=5),87951,1.53655777272103,0.051357196193183165
SN-OMD (M=5),88001,1.5622088446166789,0.16800888230654848
SN-OMD (M=5),88051,1.5919368097188051,6.967582932985667e-06
SN-OMD (M=5),88101,1.5513569759084411,0.030397593872051726
SN-OMD (M=5),88151,1.572762290229994,0.028419815308460113
SN-OMD (M=5),88201,1.569479748646749,0.035085462566900684
SN-OMD (M=5),88251,1.5996177387596593,0.16264347690374636
SN-OMD (M=5),88301,1.595781130335148,4.787559329186963
SN-OMD (M=5),88351,1.5996065072466317,2.394203849282156
SN-OMD (M=5),88401,1.6232087254796943,0.38021299398016306
SN-OMD (M=5),88451,1.618957059993066,2.156614032881695
SN-OMD (M=5),88501,1.6294335845492085,0.06149458256018762
SN-OMD (M=5),88551,1.6163704334807292,1.1496726643144481
SN-OMD (M=5),88601,1.6063907471691345,0.0010091565463418528
SN-OMD (M=5),88651,1.6556502284998516,0.1976325167573703
SN-OMD (M=5),88701,1.6461803004466107,13.723691044455054
SN-OMD (M=5),88751,1.6339075843127475,11.839348040307245
SN-OMD (M=5),88801,1.6057637145182704,0.5924142698434889
SN-OMD (M=5),88851,1.5753815638849182,4.120507832148234
SN-OMD (M=5),88901,1.6446787692454785,0.04977276134542887
SN-OMD (M=5),88951,1.6791652596439084,1.586506699909124
SN-OMD (M=5),89001,1.6384480911983528,1.3476398137866903
SN-OMD (M=5),89051,1.6323915307482404,0.07038466788460503
SN-OMD (M=5),89101,1.6044978712102853,0.009941638380920425
SN-OMD (M=5),89151,1.6284638939277838,0.16570877683813084
SN-OMD (M=5),89201,1.700285451839373,3.5710156497981207
SN-OMD (M=5),89251,1.8022886822994706,0.09772963318843945
SN-OMD (M=5),89301,1.790090838835597,0.5173584590418989
SN-OMD (M=5),89351,1.8159727666934198,0.023529259336309685
SN-OMD (M=5),89401,1.8259566683158157,1.2878670636171565
SN-OMD (M=5),89451,1.8093265290616993,0.7027108942539579
SN-OMD (M=5),89501,1.759859132388237,1.054160076543968
SN-OMD (M=5),89551,1.7596894114920967,0.08275397742582218
SN-OMD (M=5),89601,1.757692802852845,0.02271518317372619
SN-OMD (M=5),89651,1.7342123057709204,0.694375835801528
SN-OMD (M=5),89701,1.7109213998058526,0.39477466073149764
SN-OMD (M=5),89751,1.6923572001807847,0.42028870264025414
SN-OMD (M=5),89801,1.6731339082651353,0.2695857159350768
SN-OMD (M=5),89851,1.6632234884788453,1.2630904875103308
SN-OMD (M=5),89901,1.6438352851270657,0.3403790193424017
SN-OMD (M=5),89951,1.6390517744039395,0.006714590792072816
SN-OMD (M=5),90001,1.6377476538873268,0.21808936693362013
SN-OMD (M=5),90051,1.6325910564431005,0.021552956507597934
SN-OMD (M=5),90101,1.627626056145427,0.05737102867295322
SN-OMD (M=5),90151,1.6269929507332752,0.16414881433340983
SN-OMD (M=5),90201,1.6037968584652922,0.1829579679976616
SN-OMD (M=5),90251,1.5870648393566307,0.22160505849275047
SN-OMD (M=5),90301,1.577637241156507,0.10966730673455871
SN-OMD (M=5),90351,1.5652784566320597,0.2085739822522243
SN-OMD (M=5),90401,1.6059235976663482,0.7145525025295217
SN-OMD (M=5),90451,1.6043778745359099,0.13866367723281586
SN-OMD (M=5),90501,1.624848534062624,1.3021594928722382
SN-OMD (M=5),90551,1.6080032776652728,1.9730118337144746
SN-OMD (M=5),90601,1.6428295951914564,0.8988281280969351
SN-OMD (M=5),90651,1.6637645745342844,0.12963387522939962
SN-OMD (M=5),90701,1.6858439659835782,0.29505708828347904
SN-OMD (M=5),90751,1.6812563914211276,0.7749555152394325
SN-OMD (M=5),90801,1.6775955206991942,0.7724937871186828
SN-OMD (M=5),90851,1.688757758969354,0.00041166416820308645
SN-OMD (M=5),90901,1.656217742530176,0.4556324635730062
SN-OMD (M=5),90951,1.6295108128681761,1.0508278344965783e-06
SN-OMD (M=5),91001,1.622254450270576,0.15521932367983918
SN-OMD (M=5),91051,1.5904059680939002,0.2023060417716246
SN-OMD (M=5),91101,1.5723294216070953,0.0025876277004676677
SN-OMD (M=5),91151,1.5588763098424447,0.09720007926978959
SN-OMD (M=5),91201,1.5455362546102895,0.4393047347625306
SN-OMD (M=5),91251,1.525094281166003,3.5041224099096655
SN-OMD (M=5),91301,1.5335120832512317,0.004546451181793347
SN-OMD (M=5),91351,1.539491825102397,0.05014444875802599
SN-OMD (M=5),91401,1.5280551174110601,3.23445009377561
SN-OMD (M=5),91451,1.547151705256685,0.1439940279965109
SN-OMD (M=5),91501,1.5880794948683865,0.08877209777010826
SN-OMD (M=5),91551,1.5729660424381946,0.012446178021982451
SN-OMD (M=5),91601,1.5569892029934667,0.15058585940622843
SN-OMD (M=5),91651,1.5545715209065203,0.004614145646955548
SN-OMD (M=5),91701,1.556456484174047,0.5973923177365512
SN-OMD (M=5),91751,1.564741960700698,0.7417650821158595
SN-OMD (M=5),91801,1.573131027241846,0.008254667767212636
SN-OMD (M=5),91851,1.5700391027804717,0.008518422630785267
SN-OMD (M=5),91901,1.5638544267361167,0.017167250105656444
SN-OMD (M=5),91951,1.562728649195873,0.3237819296880241
SN-OMD (M=5),92001,1.555361353035471,0.00924351220691341
SN-OMD (M=5),92051,1.5629026906394679,0.037993935895655584
SN-OMD (M=5),92101,1.5666067741338205,0.3951444218038858
SN-OMD (M=5),92151,1.5559834957839034,0.3043681756289144
SN-OMD (M=5),92201,1.5592790816867674,0.11643140726101693
SN-OMD (M=5),92251,1.5608447590038477,0.10186633293418387
SN-OMD (M=5),92301,1.5459530446636316,0.0028978919866554593
SN-OMD (M=5),92351,1.5360096831992496,0.15811503356049117
SN-OMD (M=5),92401,1.560463234197822,0.06830527080791837
SN-OMD (M=5),92451,1.5544205110362121,0.002504631318449105
SN-OMD (M=5),92501,1.5478431060154192,0.21885026306744965
SN-OMD (M=5),92551,1.5199485234253847,0.36241038706950257
SN-OMD (M=5),92601,1.4991432666559588,0.021164881100535986
SN-OMD (M=5),92651,1.5047236715180878,0.26883588941371744
SN-OMD (M=5),92701,1.5097582831419585,0.2885832023420599
SN-OMD (M=5),92751,1.523239395536841,0.11590242829945371
SN-OMD (M=5),92801,1.5115978990812273,0.018950755793031886
SN-OMD (M=5),92851,1.4866095382229014,0.30364805420959967
SN-OMD (M=5),92901,1.4692607735130347,0.002411199568956738
SN-OMD (M=5),92951,1.4603670808489395,0.0059994699715247655
SN-OMD (M=5),93001,1.4441387867259603,0.1661094200650945
SN-OMD (M=5),93051,1.4293836996748994,0.2807918406315775
SN-OMD (M=5),93101,1.4375169112285688,0.003241871163905981
SN-OMD (M=5),93151,1.4566619733063406,0.020687451847435194
SN-OMD (M=5),93201,1.4451681073038558,0.33611129800314776
SN-OMD (M=5),93251,1.4384489071302373,0.16348034265358174
SN-OMD (M=5),93301,1.4316767170604723,3.894440895972705e-06
SN-OMD (M=5),93351,1.4680574711458774,0.031074906789981194
SN-OMD (M=5),93401,1.490961594518158,0.010006387015817861
SN-OMD (M=5),93451,1.506535071709791,0.19061473530182566
SN-OMD (M=5),93501,1.5115729271072422,0.00245845179208106
SN-OMD (M=5),93551,1.5039449333761468,0.023733604270469208
SN-OMD (M=5),93601,1.5015653296698819,0.07338685041410706
SN-OMD (M=5),93651,1.4848291797655904,0.03467894782114689
SN-OMD (M=5),93701,1.4939972740446383,0.035038020891275674
SN-OMD (M=5),93751,1.5153963780406843,0.0531875446684763
SN-OMD (M=5),93801,1.4989918150630142,0.019106241315372748
SN-OMD (M=5),93851,1.4783735867219967,0.009029415205799356
SN-OMD (M=5),93901,1.4731244255333689,0.04506074775311892
SN-OMD (M=5),93951,1.4967774706714643,0.35879529637404245
SN-OMD (M=5),94001,1.504122847237606,0.005870031752014177
SN-OMD (M=5),94051,1.5086669459479034,0.0008588131157988651
SN-OMD (M=5),94101,1.5126603445277378,0.002398427015684585
SN-OMD (M=5),94151,1.513169209205388,0.44711455857400245
SN-OMD (M=5),94201,1.5189394023509613,0.043654051063379155
SN-OMD (M=5),94251,1.5190391646515224,0.9292520566398176
SN-OMD (M=5),94301,1.5177599250669493,0.02741806608280799
SN-OMD (M=5),94351,1.5110384257329292,0.07358929285068991
SN-OMD (M=5),94401,1.4925393314845188,0.006667799970990684
SN-OMD (M=5),94451,1.489279152843556,0.09409885265601454
SN-OMD (M=5),94501,1.4887328597953284,0.09365752618188997
SN-OMD (M=5),94551,1.4691397866024423,0.493324278731465
SN-OMD (M=5),94601,1.4686389867227452,0.8624724787729923
SN-OMD (M=5),94651,1.460822184473727,0.010243155698245876
SN-OMD (M=5),94701,1.4580302581541333,0.0007178883676989872
SN-OMD (M=5),94751,1.4915601316294678,0.03164251595686955
SN-OMD (M=5),94801,1.5512012178181867,0.03539163439566992
SN-OMD (M=5),94851,1.5519019039231523,0.05089645837593495
SN-OMD (M=5),94901,1.5691486614094456,0.009018657561737515
SN-OMD (M=5),94951,1.6201472753643995,1.101627229088306
SN-OMD (M=5),95001,1.59618433234634,1.3522119537442567
SN-OMD (M=5),95051,1.5870209626971399,1.1784049852079759
SN-OMD (M=5),95101,1.5348524655992726,6.910621177305904
SN-OMD (M=5),95151,1.5325294608056392,0.003522326061894114
SN-OMD (M=5),95201,1.5188477462024952,0.6792639126866025
SN-OMD (M=5),95251,1.541545337947204,1.3283172027734993
SN-OMD (M=5),95301,1.5491837647687807,0.8653603824998665
SN-OMD (M=5),95351,1.579194894605472,0.022384317286802475
SN-OMD (M=5),95401,1.575750502801092,0.4941803112122924
SN-OMD (M=5),95451,1.5515869025847464,0.6358361681276252
SN-OMD (M=5),95501,1.5603976951684935,0.08409346578640724
SN-OMD (M=5),95551,1.5748747671565186,0.16711028857045263
SN-OMD (M=5),95601,1.5941589104724148,0.30771439257769434
SN-OMD (M=5),95651,1.5848928789091337,0.019769882997174335
SN-OMD (M=5),95701,1.5969493036648554,0.23270646777158108
SN-OMD (M=5),95751,1.583732547533486,0.08614671021187394
SN-OMD (M=5),95801,1.593648078889185,0.14870776351367176
SN-OMD (M=5),95851,1.6061389474266456,1.7810976744772162
SN-OMD (M=5),95901,1.6331929918195904,0.032377527371569785
SN-OMD (M=5),95951,1.6155162880015956,1.7204191362961527
SN-OMD (M=5),96001,1.587251811279915,0.010943557764352064
SN-OMD (M=5),96051,1.5721569470259267,1.807493574583348
SN-OMD (M=5),96101,1.5857443370939759,0.8027703403440839
SN-OMD (M=5),96151,1.6046467929367823,0.00011935958429020871
SN-OMD (M=5),96201,1.5964693198785769,0.17340341402240353
SN-OMD (M=5),96251,1.6024748452452002,0.10981657610827386
SN-OMD (M=5),96301,1.5851301814974041,0.1661566282268574
SN-OMD (M=5),96351,1.593968648395779,0.00158950464623177
SN-OMD (M=5),96401,1.6045989792253765,0.007454972486164655
SN-OMD (M=5),96451,1.5890168832050655,0.2531765359063078
SN-OMD (M=5),96501,1.674139989538265,0.17398948573447495
SN-OMD (M=5),96551,1.706603238034514,1.1658009576851271
SN-OMD (M=5),96601,1.690743743664103,0.5487693856860154
SN-OMD (M=5),96651,1.6751735441822284,3.0618406262939835
SN-OMD (M=5),96701,1.684570024935651,0.046193402648752185
SN-OMD (M=5),96751,1.6601542996294725,0.06560139528782238
SN-OMD (M=5),96801,1.6517217925787042,0.041189052269413454
SN-OMD (M=5),96851,1.648558488280566,0.0015774559949553067
SN-OMD (M=5),96901,1.6405384664519234,0.8632995111766283
SN-OMD (M=5),96951,1.6476759508144347,0.21472631961970381
SN-OMD (M=5),97001,1.6349916455341538,0.07891314592764913
SN-OMD (M=5),97051,1.6417026144387303,0.028372144394392212
SN-OMD (M=5),97101,1.6396847217163786,0.14741877708961484
SN-OMD (M=5),97151,1.6483730206569192,0.024352121068928964
SN-OMD (M=5),97201,1.654290819501573,0.029358335127420154
SN-OMD (M=5),97251,1.6472943341058823,1.4403533188457491
SN-OMD (M=5),97301,1.6372430777288214,0.03166840645856196
SN-OMD (M=5),97351,1.6492914095240523,0.033095496290638016
SN-OMD (M=5),97401,1.6834181417052705,0.052099950148591215
SN-OMD (M=5),97451,1.6951166834689386,0.35488410163936124
SN-OMD (M=5),97501,1.6954905694199753,0.01196543559083111
SN-OMD (M=5),97551,1.679228587400269,0.30557607377172763
SN-OMD (M=5),97601,1.6749308506411242,0.20783656368532422
SN-OMD (M=5),97651,1.6683330982767806,0.007796140598474035
SN-OMD (M=5),97701,1.6248008612426905,0.00012114298615185184
SN-OMD (M=5),97751,1.632248146820491,0.04775320808071167
SN-OMD (M=5),97801,1.6340619558915392,0.022387569426696122
SN-OMD (M=5),97851,1.6387147511656677,0.0014473441727353262
SN-OMD (M=5),97901,1.640863993634076,0.008214669241868092
SN-OMD (M=5),97951,1.627081929772956,0.03318759847147846
SN-OMD (M=5),98001,1.659856212170006,0.1302959006895202
SN-OMD (M=5),98051,1.6434091654749519,0.6986005189048782
SN-OMD (M=5),98101,1.628937545648113,0.041109082389572664
SN-OMD (M=5),98151,1.6454355417626587,2.8897658335451872
SN-OMD (M=5),98201,1.6310413654496994,0.09387601617031494
SN-OMD (M=5),98251,1.6910852557908693,0.20299497813250392
SN-OMD (M=5),98301,1.6462583346715827,0.09587369333545571
SN-OMD (M=5),98351,1.6551957481016237,0.011567169057273223
SN-OMD (M=5),98401,1.6497380669658768,0.14679396836994651
SN-OMD (M=5),98451,1.6325172663818628,0.04045870826694148
SN-OMD (M=5),98501,1.6722464733802442,0.06429451359802117
SN-OMD (M=5),98551,1.6596379908991,0.02025652063332682
SN-OMD (M=5),98601,1.6659334860793933,0.14351018840018398
SN-OMD (M=5),98651,1.6742578208644119,0.08643308109032083
SN-OMD (M=5),98701,1.6534582632655919,0.003832685177841881
SN-OMD (M=5),98751,1.663186968148883,0.7679692485832319
SN-OMD (M=5),98801,1.6605266376424908,0.43290568075916114
SN-OMD (M=5),98851,1.7095214433804582,0.11366589671406464
SN-OMD (M=5),98901,1.6937338277474678,0.17117289424963456
SN-OMD (M=5),98951,1.6898052618684873,0.40490814370704103
SN-OMD (M=5),99001,1.6981359952821193,1.2063948223138399
SN-OMD (M=5),99051,1.7094107280910213,1.6982675164080256
SN-OMD (M=5),99101,1.706521617188573,0.7850112260921399
SN-OMD (M=5),99151,1.7023988340096152,1.9061488188379474
SN-OMD (M=5),99201,1.7916805453041889,19.6348480406569
SN-OMD (M=5),99251,1.8238022287866478,0.1178656464967991
SN-OMD (M=5),99301,1.9117519119650552,1.0810155932056977
SN-OMD (M=5),99351,1.9112894897466108,0.5608083310596217
SN-OMD (M=5),99401,1.9393805119420535,0.042747410207271776
SN-OMD (M=5),99451,1.9531980970221066,16.53595241329411
SN-OMD (M=5),99501,1.9274849616933005,7.2818959580468405
SN-OMD (M=5),99551,1.91323395861373,0.574464139889031
SN-OMD (M=5),99601,1.888610949604155,0.43175746615381244
SN-OMD (M=5),99651,1.8746392609651465,0.8496530066132603
SN-OMD (M=5),99701,1.85819821649261,0.13666108805921412
SN-OMD (M=5),99751,1.861464901249154,0.030569778907159798
SN-OMD (M=5),99801,1.8625653697416713,1.174850480532536
SN-OMD (M=5),99851,1.8791954759792915,0.07508145793571562
SN-OMD (M=5),99901,1.8650184592984962,0.964897192875613
SN-OMD (M=5),99951,1.8519139467468988,1.9614580812110791
SN-OMD (M=5),100001,1.8595662807006719,0.2205940103232754
SN-OMD (M=5),100051,1.900337208175519,0.0821600179631937
SN-OMD (M=5),100101,1.9253743118937523,0.06979316530695102
SN-OMD (M=5),100151,1.9249029924828247,0.0029705568996521593
SN-OMD (M=5),100201,1.8987134681964288,0.2687371306206599
SN-OMD (M=5),100251,1.8886489773980921,0.40468942851102246
SN-OMD (M=5),100301,1.9032015247661735,0.13387733481709507
SN-OMD (M=5),100351,1.908945078638524,0.033159478222752774
SN-OMD (M=5),100401,1.9046847956620354,0.015186997068730007
SN-OMD (M=5),100451,1.897216615381983,5.5233970025534145
SN-OMD (M=5),100501,1.889169375237333,0.5015651946213059
SN-OMD (M=5),100551,1.906910606839608,6.426524360619364
SN-OMD (M=5),100601,1.9098362451541613,0.014098347978772446
SN-OMD (M=5),100651,1.9029940164281358,6.212778431189529
SN-OMD (M=5),100701,1.883797685094355,0.0016054822514212383
SN-OMD (M=5),100751,1.8852311623790639,0.39159680125933544
SN-OMD (M=5),100801,1.8907352250280225,0.0268885212136711
SN-OMD (M=5),100851,1.9208846764604195,0.5397741086671243
SN-OMD (M=5),100901,1.8991280559270778,0.1997859660522012
SN-OMD (M=5),100951,1.8783046937427639,1.2059982081969534
SN-OMD (M=5),101001,1.8731113336300886,0.06647933769102389
SN-OMD (M=5),101051,1.804399445829921,1.6084454312540952
SN-OMD (M=5),101101,1.7989920390597134,0.2421326277891858
SN-OMD (M=5),101151,1.7796426057755808,0.5361644882611475
SN-OMD (M=5),101201,1.7709036149330135,1.3000005721283896
SN-OMD (M=5),101251,1.7621037783443567,1.8298060311935052
SN-OMD (M=5),101301,1.7400622616818489,0.32185563440918113
SN-OMD (M=5),101351,1.7246977720035714,8.142279422667077
SN-OMD (M=5),101401,1.7220487770069517,0.00498271786910805
SN-OMD (M=5),101451,1.7131062878734025,0.801266549619435
SN-OMD (M=5),101501,1.6949898494809887,0.03553794311874731
SN-OMD (M=5),101551,1.7576736485176858,1.8748646163285516
SN-OMD (M=5),101601,1.7704033156448618,0.07835748443080143
SN-OMD (M=5),101651,1.7628589923140496,3.676677913473132
SN-OMD (M=5),101701,1.762283012775576,8.666365582411395
SN-OMD (M=5),101751,1.769583815401207,0.044736102558970335
SN-OMD (M=5),101801,1.7755646933208218,0.9956522485349448
SN-OMD (M=5),101851,1.7764855693260213,0.6716748852376475
SN-OMD (M=5),101901,1.7893813719093543,0.041470633014992
SN-OMD (M=5),101951,1.7788091819872307,0.07429586604441445
SN-OMD (M=5),102001,1.7635696312037252,0.0344171712387836
SN-OMD (M=5),102051,1.7409564176078778,1.271983249384538
SN-OMD (M=5),102101,1.7345618556176992,1.4592074509008592
SN-OMD (M=5),102151,1.7516006645129762,0.18795119055349985
SN-OMD (M=5),102201,1.736521071557347,0.3587445203098537
SN-OMD (M=5),102251,1.7348604910558074,0.001355744971424727
SN-OMD (M=5),102301,1.7156228347454405,3.101357644691989
SN-OMD (M=5),102351,1.7190108994108777,1.6255753365764507
SN-OMD (M=5),102401,1.6879356959158605,3.170895078925157
SN-OMD (M=5),102451,1.6682625727775402,1.3132187739691346
SN-OMD (M=5),102501,1.6563098099334077,1.583912748622785
SN-OMD (M=5),102551,1.64600731142724,0.6327987851660212
SN-OMD (M=5),102601,1.6354391687073724,0.023442330723745127
SN-OMD (M=5),102651,1.6069859383519214,0.021450427369839105
SN-OMD (M=5),102701,1.5865208609565167,0.5270945032623531
SN-OMD (M=5),102751,1.5739370852132395,0.3756687957522845
SN-OMD (M=5),102801,1.5753880113085907,0.2128676455047171
SN-OMD (M=5),102851,1.5872357364194558,0.0258579416063492
SN-OMD (M=5),102901,1.5836050035036757,1.1824043933001172
SN-OMD (M=5),102951,1.5778753737007156,0.03571263679121456
SN-OMD (M=5),103001,1.5994600396588348,2.0769090719197125
SN-OMD (M=5),103051,1.5900832688184208,6.354166475163822
SN-OMD (M=5),103101,1.5905539264444506,0.00015423903423743661
SN-OMD (M=5),103151,1.6097928567645192,3.238494651640742
SN-OMD (M=5),103201,1.6146385423592398,1.2118838003748744
SN-OMD (M=5),103251,1.5896462647705523,0.6948337123658618
SN-OMD (M=5),103301,1.5730328171169379,2.181880707223176e-05
SN-OMD (M=5),103351,1.5742833131839287,0.10027925084436873
SN-OMD (M=5),103401,1.5638225385845572,0.6535609425267656
SN-OMD (M=5),103451,1.5555039946369242,0.033742214144601074
SN-OMD (M=5),103501,1.534738250107167,0.005835259875883245
SN-OMD (M=5),103551,1.5185088768837967,0.004837510139325032
SN-OMD (M=5),103601,1.514934079976468,0.03740388702415125
SN-OMD (M=5),103651,1.500846202496487,0.17922699527843225
SN-OMD (M=5),103701,1.4966736404588283,0.41345486028336476
SN-OMD (M=5),103751,1.4713094625806706,0.5250799268488285
SN-OMD (M=5),103801,1.4559383478952765,0.1032619183965483
SN-OMD (M=5),103851,1.4310208091573864,0.0006770968253624568
SN-OMD (M=5),103901,1.4214505416931074,0.017758991803614104
SN-OMD (M=5),103951,1.4120723977550633,0.02745450332110498
SN-OMD (M=5),104001,1.3724990209513142,0.10632942510273756
SN-OMD (M=5),104051,1.3666859677022951,0.005130393401006897
SN-OMD (M=5),104101,1.3591673381443958,0.02304300442317279
SN-OMD (M=5),104151,1.3791394359287767,0.022861620071886773
SN-OMD (M=5),104201,1.403235709246369,0.19882333214043402
SN-OMD (M=5),104251,1.3962741362407753,0.18243983928256877
SN-OMD (M=5),104301,1.3926581487035319,0.46459275558374863
SN-OMD (M=5),104351,1.3834251068067052,3.973849452720232e-05
SN-OMD (M=5),104401,1.380066940401632,0.009663860481323377
SN-OMD (M=5),104451,1.37540800265209,0.10920794149353506
SN-OMD (M=5),104501,1.3993819631035636,8.736049664075775e-05
SN-OMD (M=5),104551,1.4409635309770406,0.4737120489588533
SN-OMD (M=5),104601,1.5724011223834635,0.0069653074003884876
SN-OMD (M=5),104651,1.5561635978128798,0.16895772581760982
SN-OMD (M=5),104701,1.587094931679373,0.024624244485438224
SN-OMD (M=5),104751,1.5370327519013554,0.41363547488427566
SN-OMD (M=5),104801,1.5392898029446198,5.587000804536051
SN-OMD (M=5),104851,1.5198804055890998,0.19161225839873003
SN-OMD (M=5),104901,1.513576633333199,2.85602142573406
SN-OMD (M=5),104951,1.4827144057798862,0.382703016125825
SN-OMD (M=5),105001,1.5015313821839467,0.17245274611794417
SN-OMD (M=5),105051,1.534021567008472,2.5956767770256706
SN-OMD (M=5),105101,1.508392294409518,0.0002703871456161216
SN-OMD (M=5),105151,1.5165405761571684,0.20637797036573663
SN-OMD (M=5),105201,1.5372042766467993,0.424790800380164
SN-OMD (M=5),105251,1.6368154831796735,5.538435132265542
SN-OMD (M=5),105301,1.6747252578039613,0.0732390829093529
SN-OMD (M=5),105351,1.6366273294713563,1.069991808456572
SN-OMD (M=5),105401,1.6142006249789798,5.918346174303626
SN-OMD (M=5),105451,1.5909694302089696,0.8815863394952849
SN-OMD (M=5),105501,1.565318969103246,0.004311860611939191
SN-OMD (M=5),105551,1.5556591319190838,1.0080389948079076
SN-OMD (M=5),105601,1.541815481178944,0.24733599822791646
SN-OMD (M=5),105651,1.5580706726718245,1.32214639181123
SN-OMD (M=5),105701,1.6340649384472834,0.2371374863500411
SN-OMD (M=5),105751,1.631516425342049,1.196642558507461
SN-OMD (M=5),105801,1.643202224956733,0.7420605490014311
SN-OMD (M=5),105851,1.6740494241266148,0.9180588367995193
SN-OMD (M=5),105901,1.6888419172340174,1.1598333446810714
SN-OMD (M=5),105951,1.6998534419085616,0.0002946554269664736
SN-OMD (M=5),106001,1.7083264648372238,2.168710765030931
SN-OMD (M=5),106051,1.7037289382175387,0.6134845285759007
SN-OMD (M=5),106101,1.6831453230244988,0.0682254079033854
SN-OMD (M=5),106151,1.6649359805294501,0.03499707387214457
SN-OMD (M=5),106201,1.667768410588454,0.0013040990091231436
SN-OMD (M=5),106251,1.6813196758552094,0.10699598401742788
SN-OMD (M=5),106301,1.6723434668030464,0.12131185081101485
SN-OMD (M=5),106351,1.6863026540319728,0.6302557524229672
SN-OMD (M=5),106401,1.6856252859016054,0.008832034995610291
SN-OMD (M=5),106451,1.7015341723029542,0.49576498431858984
SN-OMD (M=5),106501,1.7002756589574826,4.410270114636712
SN-OMD (M=5),106551,1.6925258601143809,0.0016264718091461398
SN-OMD (M=5),106601,1.6911765188817667,0.006001378363747127
SN-OMD (M=5),106651,1.6832037153087183,0.0028250371054974375
SN-OMD (M=5),106701,1.6736111513208616,0.5989705188121989
SN-OMD (M=5),106751,1.6579320106307913,0.779563511987498
SN-OMD (M=5),106801,1.6635795248672305,0.08187784124676878
SN-OMD (M=5),106851,1.6583940213291262,0.4376061508813868
SN-OMD (M=5),106901,1.7026948691497001,0.04703228483678336
SN-OMD (M=5),106951,1.6812673086912369,0.08346413900318904
SN-OMD (M=5),107001,1.6930894003215353,1.5195838983677004
SN-OMD (M=5),107051,1.698870533523373,0.17247555966883032
SN-OMD (M=5),107101,1.6871784274771224,0.6187575846337726
SN-OMD (M=5),107151,1.6763432195023273,0.035225766413502085
SN-OMD (M=5),107201,1.6662076658442222,0.6207851297473141
SN-OMD (M=5),107251,1.6598118323821307,0.8396641096423637
SN-OMD (M=5),107301,1.6541027761923115,7.906352252464509e-06
SN-OMD (M=5),107351,1.6607701369999381,0.2668948696348084
SN-OMD (M=5),107401,1.6479973269884338,1.178732799268693
SN-OMD (M=5),107451,1.6206568604917735,0.06000693550939414
SN-OMD (M=5),107501,1.6160611067708257,0.0028340930553016393
SN-OMD (M=5),107551,1.6138541449223744,0.29380855201833805
SN-OMD (M=5),107601,1.6367097857730704,0.19275885959114109
SN-OMD (M=5),107651,1.6933120678542997,1.6354914907379396
SN-OMD (M=5),107701,1.7162709997994208,0.193718915075652
SN-OMD (M=5),107751,1.6868144778920746,0.1593440134416331
SN-OMD (M=5),107801,1.6576689082321974,0.3607801045211077
SN-OMD (M=5),107851,1.6463398655414048,0.004535851559130303
SN-OMD (M=5),107901,1.649651690588895,0.3893856110800805
SN-OMD (M=5),107951,1.6749869442061038,0.18300052549648918
SN-OMD (M=5),108001,1.7083811350292974,0.5228317663267941
SN-OMD (M=5),108051,1.7563274663903503,0.012298870997661051
SN-OMD (M=5),108101,1.8095897473769895,1.4213015017467565
SN-OMD (M=5),108151,1.8714975318302078,0.6444901274436621
SN-OMD (M=5),108201,1.9189040446378025,1.460343511624532
SN-OMD (M=5),108251,1.9532119201758416,2.2459828182560244
SN-OMD (M=5),108301,1.955816804301699,0.4060632052496488
SN-OMD (M=5),108351,1.908071530455281,1.2522464299908276
SN-OMD (M=5),108401,1.8873516521130027,1.885622660430164
SN-OMD (M=5),108451,1.8735919194117303,0.9498003461841561
SN-OMD (M=5),108501,1.8697386857799887,6.893832952448211
SN-OMD (M=5),108551,1.847304504099766,0.18363228322620997
SN-OMD (M=5),108601,1.8238123111313755,0.31865108309509954
SN-OMD (M=5),108651,1.820940221256239,0.22018359078113822
SN-OMD (M=5),108701,1.7785012346993232,0.05972715081715167
SN-OMD (M=5),108751,1.7448672456608483,1.4208990841202098
SN-OMD (M=5),108801,1.7279074374173773,0.35900768450196635
SN-OMD (M=5),108851,1.725090125861553,1.8440297031858266
SN-OMD (M=5),108901,1.70910988392567,0.09724690946948854
SN-OMD (M=5),108951,1.7033675994682642,0.01417839248746942
SN-OMD (M=5),109001,1.693056295145625,0.004766101117629641
SN-OMD (M=5),109051,1.6970192856369932,0.0196768053437136
SN-OMD (M=5),109101,1.7623213646453992,0.42789167301517117
SN-OMD (M=5),109151,1.8165935712552481,2.519607616532162
SN-OMD (M=5),109201,1.8480759227120906,0.17445885896912772
SN-OMD (M=5),109251,1.8890423582599631,7.603303987311901
SN-OMD (M=5),109301,1.885914932752445,0.3375788731002075
SN-OMD (M=5),109351,1.8592913161982803,0.5105540381290813
SN-OMD (M=5),109401,1.8623939789230315,2.074817844332225
SN-OMD (M=5),109451,1.8655955996641593,1.58110146738306
SN-OMD (M=5),109501,1.8719751226306551,0.7897383803860406
SN-OMD (M=5),109551,1.863832902499854,0.19963978490072118
SN-OMD (M=5),109601,1.846109431808752,0.11899438042126124
SN-OMD (M=5),109651,1.8422366596627804,2.245138582992667
SN-OMD (M=5),109701,1.841732184415086,0.4390120690752157
SN-OMD (M=5),109751,1.8265482697826363,0.6059593697774655
SN-OMD (M=5),109801,1.828601006722776,0.010671120238292635
SN-OMD (M=5),109851,1.8239539901504769,0.016695211920963682
SN-OMD (M=5),109901,1.8051586620271687,0.012128709681813564
SN-OMD (M=5),109951,1.7853258691592975,0.06136228881057236
SN-OMD (M=5),110001,1.7808756970365025,0.02894782441593937
SN-OMD (M=5),110051,1.7701242807998177,0.14607024745831895
SN-OMD (M=5),110101,1.740587304239985,0.0016127216630600278
SN-OMD (M=5),110151,1.714615559085562,0.44049188896728964
SN-OMD (M=5),110201,1.7058213333361152,1.9691159303581627
SN-OMD (M=5),110251,1.714104300909415,0.2788665141292512
SN-OMD (M=5),110301,1.7105766247999041,0.2371959633608148
SN-OMD (M=5),110351,1.6965036665215711,2.667939929790528
SN-OMD (M=5),110401,1.70098846490446,0.016281044582336923
SN-OMD (M=5),110451,1.678706455205739,0.18065606233265594
SN-OMD (M=5),110501,1.6657534593324586,0.0011163491775691597
SN-OMD (M=5),110551,1.6679017787852868,0.17041790424402534
SN-OMD (M=5),110601,1.673873877198582,1.4997626456446107
SN-OMD (M=5),110651,1.6803120981918995,0.40061483445230284
SN-OMD (M=5),110701,1.6871821933075588,0.6853327673023709
SN-OMD (M=5),110751,1.6735420128327303,0.06483862235479512
SN-OMD (M=5),110801,1.6716280700971873,0.49215484205579524
SN-OMD (M=5),110851,1.6505793037254068,0.46868135743224554
SN-OMD (M=5),110901,1.6435364703348188,1.1110069475211046
SN-OMD (M=5),110951,1.6372073618682712,0.12432836739767796
SN-OMD (M=5),111001,1.6190394043346534,0.006197272724371422
SN-OMD (M=5),111051,1.607707665980564,0.16579200415268688
SN-OMD (M=5),111101,1.592874636377304,0.1571096289459673
SN-OMD (M=5),111151,1.587837507734622,0.20394535305921171
SN-OMD (M=5),111201,1.599948676642054,0.22040467133586505
SN-OMD (M=5),111251,1.5995319311516256,0.1849387093098333
SN-OMD (M=5),111301,1.623843506633626,0.6414950215270431
SN-OMD (M=5),111351,1.59797383830639,1.0848228721921245
SN-OMD (M=5),111401,1.5996015558267163,0.8860157105535877
SN-OMD (M=5),111451,1.5889985801615412,0.26954852518459693
SN-OMD (M=5),111501,1.573043153747446,0.11809487169522326
SN-OMD (M=5),111551,1.5770507159868696,0.030160807563606073
SN-OMD (M=5),111601,1.567281401426635,0.18665909862218266
SN-OMD (M=5),111651,1.5694490045757068,0.1112173338978773
SN-OMD (M=5),111701,1.5583937852198018,0.006751605610368609
SN-OMD (M=5),111751,1.5750958775849335,0.14310891975135934
SN-OMD (M=5),111801,1.5912931036942446,0.4305988543465399
SN-OMD (M=5),111851,1.5799610848421892,0.010738066962639271
SN-OMD (M=5),111901,1.5673182486055213,0.006571659934364891
SN-OMD (M=5),111951,1.5637538977821126,0.04122545488959489
SN-OMD (M=5),112001,1.550424806430274,0.9282010659101482
SN-OMD (M=5),112051,1.5340728504606298,0.00011683726375591143
SN-OMD (M=5),112101,1.5244326350451625,0.05995904754630033
SN-OMD (M=5),112151,1.5232666055003106,0.06763755367633029
SN-OMD (M=5),112201,1.5201643712794615,0.034800137848158524
SN-OMD (M=5),112251,1.5369518178530204,0.038899048640180636
SN-OMD (M=5),112301,1.55721633679972,0.05586052924575683
SN-OMD (M=5),112351,1.5647592936232844,0.4089302342609497
SN-OMD (M=5),112401,1.5667070716296139,0.10841080790370247
SN-OMD (M=5),112451,1.5931761829321935,0.3253046671709215
SN-OMD (M=5),112501,1.5673688097842593,0.02036027185781584
SN-OMD (M=5),112551,1.5529625930490527,0.5867447036829635
SN-OMD (M=5),112601,1.5547150636465734,0.017564413251358154
SN-OMD (M=5),112651,1.5232099948694022,9.192971861706832
SN-OMD (M=5),112701,1.5469908250714899,0.3226302573778159
SN-OMD (M=5),112751,1.5901106631449153,1.0979594164498125
SN-OMD (M=5),112801,1.578930997823482,3.9356603125244782
SN-OMD (M=5),112851,1.5682792189437564,1.626771293711607
SN-OMD (M=5),112901,1.563923814923319,0.5130175665624412
SN-OMD (M=5),112951,1.5679642703005998,0.766988141818102
SN-OMD (M=5),113001,1.5776395751012753,0.06980705490094448
SN-OMD (M=5),113051,1.5288996284911383,0.7841892989021121
SN-OMD (M=5),113101,1.5205781737716169,0.005485575124546253
SN-OMD (M=5),113151,1.5305776437780836,1.8393171898066976
SN-OMD (M=5),113201,1.5573994673929863,0.8833787233292105
SN-OMD (M=5),113251,1.6049993618387297,0.9343930885474482
SN-OMD (M=5),113301,1.611252201911518,0.16065762370288908
SN-OMD (M=5),113351,1.6334912148185794,0.003201544220152802
SN-OMD (M=5),113401,1.6449605212197174,0.16441995777935423
SN-OMD (M=5),113451,1.6535477399808218,0.6432402932305229
SN-OMD (M=5),113501,1.6498915722572018,0.4868453384121451
SN-OMD (M=5),113551,1.6433084099473196,2.750377184747096
SN-OMD (M=5),113601,1.6580815484010845,2.5272100810336813
SN-OMD (M=5),113651,1.6527039993346255,0.8687125088108609
SN-OMD (M=5),113701,1.663633222640747,2.040947889195464
SN-OMD (M=5),113751,1.662736699575394,0.07303622143445167
SN-OMD (M=5),113801,1.6579368478240668,0.2895145762232528
SN-OMD (M=5),113851,1.6393710501782608,0.06836996638017348
SN-OMD (M=5),113901,1.626437060905991,0.1642175713569751
SN-OMD (M=5),113951,1.623841596993042,0.7093139808360754
SN-OMD (M=5),114001,1.6154273770402365,0.040180133419255776
SN-OMD (M=5),114051,1.6372119333877533,1.315829727509454
SN-OMD (M=5),114101,1.6382100653829528,0.021349264685305798
SN-OMD (M=5),114151,1.6324798226945694,0.03771210741788516
SN-OMD (M=5),114201,1.6368351899358187,0.3243426411099068
SN-OMD (M=5),114251,1.6524270298039958,1.3509939385657728
SN-OMD (M=5),114301,1.6571370506205143,1.8491640641869291
SN-OMD (M=5),114351,1.6631293990469118,3.7610339353068336
SN-OMD (M=5),114401,1.66812337413026,1.3719998227950374
SN-OMD (M=5),114451,1.6695402529742642,0.0032850724014043173
SN-OMD (M=5),114501,1.6478698662584366,0.04268725312592618
SN-OMD (M=5),114551,1.627872283846815,0.61282530874336
SN-OMD (M=5),114601,1.6211129099480857,0.0002296052362677044
SN-OMD (M=5),114651,1.6149325765393694,1.1973461988281406
SN-OMD (M=5),114701,1.6001540383434754,0.07378357068256242
SN-OMD (M=5),114751,1.5772181222773065,0.0006067968405276686
SN-OMD (M=5),114801,1.5751095004947913,0.33973715277585853
SN-OMD (M=5),114851,1.5863141412090824,1.0675291543392396
SN-OMD (M=5),114901,1.6035073737279337,0.14487662834622872
SN-OMD (M=5),114951,1.6291573982777523,0.5744283916021936
SN-OMD (M=5),115001,1.682679008246744,0.28997849472513804
SN-OMD (M=5),115051,1.7228035526691734,0.9847389425061849
SN-OMD (M=5),115101,1.698245037462903,1.9521741634593435
SN-OMD (M=5),115151,1.685194632231916,0.12671584239176423
SN-OMD (M=5),115201,1.6767381477354397,0.0014042418247392798
SN-OMD (M=5),115251,1.6725842271293903,0.4689218354268152
SN-OMD (M=5),115301,1.6684747156176039,0.2404025598441471
SN-OMD (M=5),115351,1.6561143705096533,3.784516355517019
SN-OMD (M=5),115401,1.656114580065649,0.008445296309604045
SN-OMD (M=5),115451,1.6441898915227564,0.28136331685990335
SN-OMD (M=5),115501,1.6396971429053753,0.1512798798137402
SN-OMD (M=5),115551,1.6502069506736423,0.49717151362505135
SN-OMD (M=5),115601,1.6529335924427906,0.2857938760010785
SN-OMD (M=5),115651,1.6530133769480058,0.266045176314093
SN-OMD (M=5),115701,1.6523671421669057,1.1659426122168193
SN-OMD (M=5),115751,1.6521441789001505,1.1091994554350448
SN-OMD (M=5),115801,1.6724293624716344,0.9265177361295035
SN-OMD (M=5),115851,1.6918971765766515,0.1886652844668657
SN-OMD (M=5),115901,1.6869942139360792,0.22128180136724443
SN-OMD (M=5),115951,1.6630294793056177,0.00011845947968330974
SN-OMD (M=5),116001,1.6014958692160748,0.07537786129387372
SN-OMD (M=5),116051,1.5684761983237407,0.005813036001509333
SN-OMD (M=5),116101,1.545200756153042,0.09093969339120071
SN-OMD (M=5),116151,1.5280634887805837,0.0008584409769254953
SN-OMD (M=5),116201,1.5204011397428219,0.3697667685088077
SN-OMD (M=5),116251,1.5161393154210505,0.40693241391893314
SN-OMD (M=5),116301,1.511392311872438,0.07403681347074614
SN-OMD (M=5),116351,1.525101932139671,0.01112553697188106
SN-OMD (M=5),116401,1.5543652864556519,0.09228091322511289
SN-OMD (M=5),116451,1.5430151489288675,0.10459288824977092
SN-OMD (M=5),116501,1.5236125302845267,0.19028011816809975
SN-OMD (M=5),116551,1.5151081313418862,0.00016712096942138435
SN-OMD (M=5),116601,1.5130745673145158,0.7926492340891098
SN-OMD (M=5),116651,1.5350206604201808,0.5230526624107652
SN-OMD (M=5),116701,1.5432139866155485,0.5716553954417372
SN-OMD (M=5),116751,1.5334767582132292,0.36275146073184655
SN-OMD (M=5),116801,1.538604258718672,1.400970230745538
SN-OMD (M=5),116851,1.5369029619013088,0.3299441958784089
SN-OMD (M=5),116901,1.5456984068664756,2.423093038877892
SN-OMD (M=5),116951,1.5441311514082043,0.007301253238906225
SN-OMD (M=5),117001,1.5328838912194158,0.05294871404629938
SN-OMD (M=5),117051,1.5322619629692598,1.055512611813568
SN-OMD (M=5),117101,1.517478181188018,0.05466214593992369
SN-OMD (M=5),117151,1.5130555863456725,0.02636228737475064
SN-OMD (M=5),117201,1.5257934867193754,1.2639745040868222
SN-OMD (M=5),117251,1.5770534989604152,0.12292118387608357
SN-OMD (M=5),117301,1.595569768654393,0.015040787848098905
SN-OMD (M=5),117351,1.6184095845369217,0.00921308676950652
SN-OMD (M=5),117401,1.6053530218160623,0.6049140490471623
SN-OMD (M=5),117451,1.5864759269690512,0.6922556261895129
SN-OMD (M=5),117501,1.5545348057584356,0.40660032969523807
SN-OMD (M=5),117551,1.553452216494509,0.17862927653205982
SN-OMD (M=5),117601,1.5618295834386766,5.7599527761340825
SN-OMD (M=5),117651,1.5642912624686431,0.22561256649132316
SN-OMD (M=5),117701,1.5600825809969963,0.17764615208281243
SN-OMD (M=5),117751,1.5641442030437973,3.2348180513754996
SN-OMD (M=5),117801,1.5487811096794224,0.07427510130945134
SN-OMD (M=5),117851,1.5414694668142765,0.02290241965140421
SN-OMD (M=5),117901,1.5378038944851677,0.10607617797005806
SN-OMD (M=5),117951,1.5208117082819803,0.04384429894018948
SN-OMD (M=5),118001,1.5397288064202854,0.4240666815616577
SN-OMD (M=5),118051,1.548946894546658,0.2432892790526403
SN-OMD (M=5),118101,1.5596499634676364,10.703228431732395
SN-OMD (M=5),118151,1.5540256365961433,1.6304418206352804
SN-OMD (M=5),118201,1.5512013908849716,0.07068384763522415
SN-OMD (M=5),118251,1.5340807941737515,0.022234474758001718
SN-OMD (M=5),118301,1.5274180643167474,0.01493925233461003
SN-OMD (M=5),118351,1.5178726008333947,0.2209355430081337
SN-OMD (M=5),118401,1.5187670658892956,0.03183861054558891
SN-OMD (M=5),118451,1.5192234349881968,0.3458390260406748
SN-OMD (M=5),118501,1.5226694375230416,0.1507625974649732
SN-OMD (M=5),118551,1.5331032625499244,1.018906023090116
SN-OMD (M=5),118601,1.5403878650530023,0.029385881501241464
SN-OMD (M=5),118651,1.5559757350308847,0.4957776632063705
SN-OMD (M=5),118701,1.566500855541471,0.05986372518491685
SN-OMD (M=5),118751,1.589594386949713,0.008941833466406287
SN-OMD (M=5),118801,1.5880184497747716,0.11260038251423568
SN-OMD (M=5),118851,1.5877900802832685,0.02420822873694745
SN-OMD (M=5),118901,1.5062558684905856,3.807098113362547
SN-OMD (M=5),118951,1.5314565038036745,0.0702569260670138
SN-OMD (M=5),119001,1.5729800721858025,0.07967491554719416
SN-OMD (M=5),119051,1.5629408861970926,0.10873079476076626
SN-OMD (M=5),119101,1.541840302768722,2.683434762497488
SN-OMD (M=5),119151,1.519369673062499,0.2382148261137587
SN-OMD (M=5),119201,1.5241872128250193,0.2181044163805568
SN-OMD (M=5),119251,1.5615756400351108,1.3306332352670636
SN-OMD (M=5),119301,1.576163215739778,0.09883965567154812
SN-OMD (M=5),119351,1.5631487882535628,1.4617687762111713
SN-OMD (M=5),119401,1.5509733857575645,2.068793371048725
SN-OMD (M=5),119451,1.5698230286340011,0.416753760951132
SN-OMD (M=5),119501,1.5681760455963931,0.33472479781726927
SN-OMD (M=5),119551,1.5745242393324541,2.2409465282233927
SN-OMD (M=5),119601,1.5616762449737804,0.7343227056499281
SN-OMD (M=5),119651,1.5458334837498653,0.15691093190929767
SN-OMD (M=5),119701,1.531566628030838,0.016840407212416045
SN-OMD (M=5),119751,1.5306463242369754,3.476355913532845
SN-OMD (M=5),119801,1.5569761654238112,0.49673912214888893
SN-OMD (M=5),119851,1.5612227675942767,0.0005306484870100044
SN-OMD (M=5),119901,1.5694135751989586,0.0028602856118661265
SN-OMD (M=5),119951,1.5771697055747935,0.2946714846329833
SN-OMD (M=5),120001,1.5657361111795942,0.0002653142154497549
SN-OMD (M=5),120051,1.5494063963207627,0.08289153113542289
SN-OMD (M=5),120101,1.5551335928875443,0.15121843975268037
SN-OMD (M=5),120151,1.5504499113191397,0.3880272738451114
SN-OMD (M=5),120201,1.5421745890645249,0.05005114706385186
SN-OMD (M=5),120251,1.5251359859175884,0.4679423570074067
SN-OMD (M=5),120301,1.5290394998529389,0.13149570443799258
SN-OMD (M=5),120351,1.5279154134051431,0.010597740244396397
SN-OMD (M=5),120401,1.5295358353463366,0.478197750575246
SN-OMD (M=5),120451,1.5160565018001653,0.012827477095863519
SN-OMD (M=5),120501,1.5330638863005983,0.0868827553618745
SN-OMD (M=5),120551,1.5250787548186786,1.6112913756132565
SN-OMD (M=5),120601,1.515731503857065,0.037001021187151435
SN-OMD (M=5),120651,1.5248152495586842,0.34065963809636907
SN-OMD (M=5),120701,1.5241529446910125,0.2333063989262215
SN-OMD (M=5),120751,1.5107390588686662,0.1238969317693515
SN-OMD (M=5),120801,1.50095591144536,0.00898384018395412
SN-OMD (M=5),120851,1.4908627254056606,0.21721858580000816
SN-OMD (M=5),120901,1.4824723923127523,2.0670622162715007
SN-OMD (M=5),120951,1.474504194447688,0.010885092942268354
SN-OMD (M=5),121001,1.475693322692851,3.560594572996992e-05
SN-OMD (M=5),121051,1.4844431397184292,0.05579924296204421
SN-OMD (M=5),121101,1.471965891179262,0.07292573139400385
SN-OMD (M=5),121151,1.466564583881085,0.08185020499678168
SN-OMD (M=5),121201,1.458213664516644,5.582817498681822
SN-OMD (M=5),121251,1.4599817307895664,0.1870231991000217
SN-OMD (M=5),121301,1.453632082653626,0.4425759523808976
SN-OMD (M=5),121351,1.4553202867416426,0.007631137840545077
SN-OMD (M=5),121401,1.455055746824653,0.00037839068354424745
SN-OMD (M=5),121451,1.444479404376545,0.09370084147465658
SN-OMD (M=5),121501,1.442182303769844,0.06420089449413574
SN-OMD (M=5),121551,1.4444128669553733,0.26977661408040227
SN-OMD (M=5),121601,1.4323372193755313,2.9432930173186013e-05
SN-OMD (M=5),121651,1.4476488835032344,0.6432755929364478
SN-OMD (M=5),121701,1.4643541937916547,0.012748823158221937
SN-OMD (M=5),121751,1.4669769598061666,0.060240416782928234
SN-OMD (M=5),121801,1.465694703357481,0.791322704809262
SN-OMD (M=5),121851,1.4469815019139842,0.08442870441571007
SN-OMD (M=5),121901,1.4639421818791782,0.012018848218046866
SN-OMD (M=5),121951,1.4741453988721547,0.25471123771672577
SN-OMD (M=5),122001,1.4913931162963396,0.05198190347673435
SN-OMD (M=5),122051,1.4900121747905997,0.8541261153752385
SN-OMD (M=5),122101,1.4886477639070208,0.4651383614788307
SN-OMD (M=5),122151,1.469209214835502,0.004670882615955473
SN-OMD (M=5),122201,1.4640312862239941,0.012521261652835925
SN-OMD (M=5),122251,1.4529644546962492,0.006741607469991129
SN-OMD (M=5),122301,1.434467683513896,0.1570901791947133
SN-OMD (M=5),122351,1.428899752381514,0.01903172425076934
SN-OMD (M=5),122401,1.4301140780419521,0.5337436475367258
SN-OMD (M=5),122451,1.428789845110838,0.15582290277686472
SN-OMD (M=5),122501,1.4268314873429662,0.0038169430229486223
SN-OMD (M=5),122551,1.426577480993145,0.06562547422688689
SN-OMD (M=5),122601,1.4238264323366578,0.004406113719232072
SN-OMD (M=5),122651,1.4260950747959837,0.12302628500501542
SN-OMD (M=5),122701,1.4230911662107633,0.01481469184571147
SN-OMD (M=5),122751,1.4232527904100387,0.023259356252357064
SN-OMD (M=5),122801,1.4079134229080734,0.2445571133619972
SN-OMD (M=5),122851,1.425866788616297,0.39767790979547113
SN-OMD (M=5),122901,1.4711725390017678,0.002938643255288257
SN-OMD (M=5),122951,1.5043406351703794,0.009156360250000155
SN-OMD (M=5),123001,1.500014357646371,0.0002999655867814543
SN-OMD (M=5),123051,1.4786106213835937,0.11480571526347724
SN-OMD (M=5),123101,1.482129823526766,0.03646877480234524
SN-OMD (M=5),123151,1.4912264348064903,0.2011394424117077
SN-OMD (M=5),123201,1.5154778759290524,0.05612620171084086
SN-OMD (M=5),123251,1.5365069826108997,0.021448629652752058
SN-OMD (M=5),123301,1.544251421661892,0.018508315952201634
SN-OMD (M=5),123351,1.5427402598739455,0.0005305353772600082
SN-OMD (M=5),123401,1.5248620249257543,0.00042214123592682046
SN-OMD (M=5),123451,1.5273575055550825,0.0006502355067724559
SN-OMD (M=5),123501,1.533739971467997,0.03807352646412814
SN-OMD (M=5),123551,1.507736503513497,0.32940684324622455
SN-OMD (M=5),123601,1.52485263810071,0.31161877026202545
SN-OMD (M=5),123651,1.5293466186185665,0.19266405878543866
SN-OMD (M=5),123701,1.5362993394364084,0.0909513757023096
SN-OMD (M=5),123751,1.5601357797456852,0.022982661455795698
SN-OMD (M=5),123801,1.5646016326859455,0.6623360006614428
SN-OMD (M=5),123851,1.5615650175365583,0.006424673090263981
SN-OMD (M=5),123901,1.5480081835896589,6.92996829843138e-05
SN-OMD (M=5),123951,1.5426017922568267,0.0033745905591302298
SN-OMD (M=5),124001,1.5322166197424651,0.06717135250296756
SN-OMD (M=5),124051,1.531763335815332,0.033288488847150265
SN-OMD (M=5),124101,1.5238091146907586,0.1387321856426164
SN-OMD (M=5),124151,1.5125735956115758,0.0021435882530215855
SN-OMD (M=5),124201,1.5252309311358805,0.008328489715526279
SN-OMD (M=5),124251,1.5169275372277478,0.2850811725764207
SN-OMD (M=5),124301,1.5290893115286122,0.31333583396272013
SN-OMD (M=5),124351,1.5650343164956353,0.06500329740456211
SN-OMD (M=5),124401,1.5650129700825979,0.021944154657420382
SN-OMD (M=5),124451,1.5720588286931598,0.0014919875668279563
SN-OMD (M=5),124501,1.5768989666454918,0.11013471460860463
SN-OMD (M=5),124551,1.5835246211175094,0.852353111427946
SN-OMD (M=5),124601,1.5851869127211116,0.29472273388921555
SN-OMD (M=5),124651,1.5929755285486988,0.05026218765629487
SN-OMD (M=5),124701,1.6214615797470133,0.21602919809939242
SN-OMD (M=5),124751,1.6453487333857943,0.07783672421866107
SN-OMD (M=5),124801,1.661130387261527,0.38996388836354806
SN-OMD (M=5),124851,1.6381627779157193,0.06682415595690079
SN-OMD (M=5),124901,1.6340041175502853,0.003220251149767335
SN-OMD (M=5),124951,1.6455653552102223,0.031500194188702486
SN-OMD (M=5),125001,1.661352874649802,0.18823475459478212
SN-OMD (M=5),125051,1.6996613268078127,0.1388297759916841
SN-OMD (M=5),125101,1.7164491314136625,0.07741651349579591
SN-OMD (M=5),125151,1.7185708018760337,2.159346707419808
SN-OMD (M=5),125201,1.7115524500660364,0.04740505119043399
SN-OMD (M=5),125251,1.7088621815621707,0.07084585957018541
SN-OMD (M=5),125301,1.7230259290880607,0.16716479589442157
SN-OMD (M=5),125351,1.7324554149654967,0.8154847449177045
SN-OMD (M=5),125401,1.7439837059419117,4.4611545004555895
SN-OMD (M=5),125451,1.7368057680479576,1.0459127784859659
SN-OMD (M=5),125501,1.7247671078882594,0.043027965659390655
SN-OMD (M=5),125551,1.719542647342575,0.11318350017510076
SN-OMD (M=5),125601,1.716226580235008,0.036775728314446546
SN-OMD (M=5),125651,1.7081884459700951,0.0314078528339747
SN-OMD (M=5),125701,1.665518328734611,5.015241454338842
SN-OMD (M=5),125751,1.6706391125983808,0.016813020501013014
SN-OMD (M=5),125801,1.6582064266959022,0.01485068210959354
SN-OMD (M=5),125851,1.6569123921016402,0.03164101367194659
SN-OMD (M=5),125901,1.659470648332522,0.09592207402069476
SN-OMD (M=5),125951,1.6593871276565775,0.01552195398689635
SN-OMD (M=5),126001,1.6606948147915697,0.25967354412840893
SN-OMD (M=5),126051,1.659140868377255,0.9921388105055263
SN-OMD (M=5),126101,1.6497551061591555,0.5119097852988087
SN-OMD (M=5),126151,1.636010532789959,1.1609246846693408
SN-OMD (M=5),126201,1.6167395134561242,0.341163107836956
SN-OMD (M=5),126251,1.605759198243249,0.007764207539444802
SN-OMD (M=5),126301,1.6085732842016265,0.5290533285714153
SN-OMD (M=5),126351,1.5928309019445,0.2469170259685214
SN-OMD (M=5),126401,1.5954017367133948,0.299509074801015
SN-OMD (M=5),126451,1.5859805838745409,0.10530280890618732
SN-OMD (M=5),126501,1.6042319099856648,0.6169705802047237
SN-OMD (M=5),126551,1.594276244003803,0.8583678767137245
SN-OMD (M=5),126601,1.5849569229304776,0.22094578543384477
SN-OMD (M=5),126651,1.5695909828331878,0.026551102514171955
SN-OMD (M=5),126701,1.5675195809016336,0.08034445320027739
SN-OMD (M=5),126751,1.5745906911431093,0.31976305461614685
SN-OMD (M=5),126801,1.5785389809272088,4.430534260876823e-05
SN-OMD (M=5),126851,1.5491584242198342,0.26230200475684484
SN-OMD (M=5),126901,1.5432702759930788,0.0003630221614092991
SN-OMD (M=5),126951,1.542861808645261,0.4621831822270693
SN-OMD (M=5),127001,1.5452930165241368,0.051922763674923295
SN-OMD (M=5),127051,1.5482732067525067,0.23365187160407472
SN-OMD (M=5),127101,1.548429726446147,1.4074683316119461e-05
SN-OMD (M=5),127151,1.5449909181454926,1.1818658807650542
SN-OMD (M=5),127201,1.5535887581032224,1.454155125479902
SN-OMD (M=5),127251,1.5573840634565952,0.12406226147265736
SN-OMD (M=5),127301,1.5620016282100107,0.030075649331929306
SN-OMD (M=5),127351,1.5678155503883577,0.41891601542170975
SN-OMD (M=5),127401,1.560926354974557,1.3239209843612776
SN-OMD (M=5),127451,1.5697346157284322,0.37993529196051
SN-OMD (M=5),127501,1.5770615290261156,1.5808249615627423
SN-OMD (M=5),127551,1.5736762270401592,0.4543670407621456
SN-OMD (M=5),127601,1.562313096323564,0.015387257381720804
SN-OMD (M=5),127651,1.5610862116335722,0.11463535243788248
SN-OMD (M=5),127701,1.5591194101822157,0.008226856728633018
SN-OMD (M=5),127751,1.5458457197445563,0.09309760755194413
SN-OMD (M=5),127801,1.5404899418521067,0.0018116593181540302
SN-OMD (M=5),127851,1.5389998105430738,0.0020399963065313147
SN-OMD (M=5),127901,1.5388424455048841,1.2164167078001464
SN-OMD (M=5),127951,1.533250647323231,0.04765600527382684
SN-OMD (M=5),128001,1.5301284769975543,0.003280449128514413
SN-OMD (M=5),128051,1.5262047987405332,0.05638078043049378
SN-OMD (M=5),128101,1.5331707101093743,0.1879712888169878
SN-OMD (M=5),128151,1.541397097525727,0.026421923830209946
SN-OMD (M=5),128201,1.5404782368384777,0.053238734603434305
SN-OMD (M=5),128251,1.525366011249102,0.2537668217365827
SN-OMD (M=5),128301,1.5509321324024201,0.03213522887500273
SN-OMD (M=5),128351,1.5568749449408228,0.013853904377304337
SN-OMD (M=5),128401,1.5597759940532372,0.9119968131770687
SN-OMD (M=5),128451,1.564457610613303,3.73059106706412
SN-OMD (M=5),128501,1.5576043839697264,9.923907333759237e-06
SN-OMD (M=5),128551,1.5581131967258792,0.05165468581459334
SN-OMD (M=5),128601,1.5487515109951928,3.0139544444815706e-06
SN-OMD (M=5),128651,1.5436968636536277,0.42004656286631326
SN-OMD (M=5),128701,1.5460506834862835,0.15972019575264668
SN-OMD (M=5),128751,1.5484118476481963,0.24409819329230592
SN-OMD (M=5),128801,1.5405128784928634,0.05188520202468336
SN-OMD (M=5),128851,1.5425333682259301,0.03833111400387875
SN-OMD (M=5),128901,1.5352116555029596,1.0300676992336646
SN-OMD (M=5),128951,1.5360666552464626,0.00019339570784257556
SN-OMD (M=5),129001,1.5374773351839808,0.0018391192895979274
SN-OMD (M=5),129051,1.5263829104861266,0.020374218571713565
SN-OMD (M=5),129101,1.524052726198088,0.286523754931007
SN-OMD (M=5),129151,1.518639855281024,0.008701086446291657
SN-OMD (M=5),129201,1.5136419184269303,0.005165716169584714
SN-OMD (M=5),129251,1.521488767790925,1.468924567479674
SN-OMD (M=5),129301,1.5379575128502188,0.22079062503821512
SN-OMD (M=5),129351,1.5544642090793863,0.015762897273440785
SN-OMD (M=5),129401,1.585735898669491,0.035147642099636146
SN-OMD (M=5),129451,1.5888930493504154,0.00013240956786583438
SN-OMD (M=5),129501,1.5884882875950381,0.07435682813992774
SN-OMD (M=5),129551,1.6109670851089293,0.021965685766672394
SN-OMD (M=5),129601,1.6340782026904475,0.012926202635598353
SN-OMD (M=5),129651,1.6494636204182742,0.07717357905139836
SN-OMD (M=5),129701,1.6341933698659166,0.0006026493596442257
SN-OMD (M=5),129751,1.6197014042785538,0.6538601704351017
SN-OMD (M=5),129801,1.6008040985911887,0.1148865238617021
SN-OMD (M=5),129851,1.6000453678314537,1.5283191166269587
SN-OMD (M=5),129901,1.603613699676085,0.00017202561501886452
SN-OMD (M=5),129951,1.6118360325705232,1.0880631196893318
SN-OMD (M=5),130001,1.6086211414041724,0.020123757362872405
SN-OMD (M=5),130051,1.6195993247906144,0.08665343976665545
SN-OMD (M=5),130101,1.637036474347924,0.012529413264498641
SN-OMD (M=5),130151,1.6380515059691032,0.15249294891198664
SN-OMD (M=5),130201,1.6313485573812367,0.7108993101614606
SN-OMD (M=5),130251,1.6199036764704022,0.12117384861212989
SN-OMD (M=5),130301,1.5992325854427079,0.45448980518501303
SN-OMD (M=5),130351,1.6144272968369704,0.08236024787107624
SN-OMD (M=5),130401,1.6091801129146828,0.1949850286990882
SN-OMD (M=5),130451,1.612815068763922,0.044732249198064115
SN-OMD (M=5),130501,1.6146311230118724,0.07972710500770612
SN-OMD (M=5),130551,1.6145520123696908,0.05180178019431691
SN-OMD (M=5),130601,1.6132246823879992,0.0335904680136661
SN-OMD (M=5),130651,1.6208991529276557,0.027074032194634886
SN-OMD (M=5),130701,1.6231842946510096,0.020042300066854993
SN-OMD (M=5),130751,1.6292600270587532,0.000581583115895109
SN-OMD (M=5),130801,1.6283980475792652,6.866337374861569e-05
SN-OMD (M=5),130851,1.6455977590144575,0.18212622175352153
SN-OMD (M=5),130901,1.6621787555885645,0.2228791867985626
SN-OMD (M=5),130951,1.663597962266826,0.035253045233726445
SN-OMD (M=5),131001,1.6744436038830306,0.0031087030494387833
SN-OMD (M=5),131051,1.6720731141083656,0.9084673022532317
SN-OMD (M=5),131101,1.687595901619237,0.11856719321205067
SN-OMD (M=5),131151,1.6890253586673944,0.7672773988097201
SN-OMD (M=5),131201,1.6976637982483826,0.0008221318315020359
SN-OMD (M=5),131251,1.717832478596224,1.9005372361270816
SN-OMD (M=5),131301,1.7406471076712762,1.130572633355791
SN-OMD (M=5),131351,1.7655330416487132,1.5719561869823973
SN-OMD (M=5),131401,1.7805109705999471,0.01751378503773125
SN-OMD (M=5),131451,1.7859548296697536,0.07408327998598571
SN-OMD (M=5),131501,1.7893149027355102,0.015968819163406013
SN-OMD (M=5),131551,1.7863906105672174,0.12468029754319424
SN-OMD (M=5),131601,1.7337183264126357,10.518990356849288
SN-OMD (M=5),131651,1.722924617672934,0.17552677450111911
SN-OMD (M=5),131701,1.69488488009146,0.08163389894694405
SN-OMD (M=5),131751,1.686963466297221,0.0020270318425201026
SN-OMD (M=5),131801,1.6787250738263448,0.33329555184975146
SN-OMD (M=5),131851,1.6766052553926079,0.4455105389104355
SN-OMD (M=5),131901,1.6914502764061905,2.5284474539133184
SN-OMD (M=5),131951,1.6843087238558179,0.5621226809129399
SN-OMD (M=5),132001,1.6887992339436049,0.3247847813392551
SN-OMD (M=5),132051,1.6801426676068483,0.46537858236702395
SN-OMD (M=5),132101,1.6622799765003071,0.15666226165469593
SN-OMD (M=5),132151,1.6576766694988319,0.4857100736930524
SN-OMD (M=5),132201,1.6531307827253687,0.07096105882788796
SN-OMD (M=5),132251,1.6446195318574324,0.012084819962323698
SN-OMD (M=5),132301,1.6432175410139858,0.01735688896476688
SN-OMD (M=5),132351,1.6427588352998348,0.01706226571783149
SN-OMD (M=5),132401,1.6441550669193479,0.03747776794420588
SN-OMD (M=5),132451,1.6457832897674916,0.12613080050005593
SN-OMD (M=5),132501,1.6354279322307275,0.0035390954122727796
SN-OMD (M=5),132551,1.6309005411085276,0.010009413444009456
SN-OMD (M=5),132601,1.636096623576253,0.00883552869558009
SN-OMD (M=5),132651,1.6623740379961833,0.009534291475068866
SN-OMD (M=5),132701,1.6452870148077865,0.300578719850823
SN-OMD (M=5),132751,1.6352589403806916,0.02346591256976938
SN-OMD (M=5),132801,1.6178659887767846,0.1866579758982459
SN-OMD (M=5),132851,1.6063870375883627,0.6218458937698738
SN-OMD (M=5),132901,1.5965374900166656,0.007106830295437293
SN-OMD (M=5),132951,1.5997293563556678,0.08350990763791198
SN-OMD (M=5),133001,1.5943419405973576,0.1125632517588352
SN-OMD (M=5),133051,1.5920291247043048,0.14131133746040353
SN-OMD (M=5),133101,1.5949291897733118,0.01803951463073509
SN-OMD (M=5),133151,1.5907056855566915,0.2356177646793497
SN-OMD (M=5),133201,1.5834596172363913,0.004878559852418689
SN-OMD (M=5),133251,1.5839060695064098,0.10159570781864753
SN-OMD (M=5),133301,1.5788018419668135,7.30766400102314e-06
SN-OMD (M=5),133351,1.5777837298314248,0.015683157535338818
SN-OMD (M=5),133401,1.5919031541073314,0.05538600648073014
SN-OMD (M=5),133451,1.609155722293095,0.023712328758352098
SN-OMD (M=5),133501,1.6017988538462806,0.11928622500612482
SN-OMD (M=5),133551,1.5959396840655136,0.20485594196305815
SN-OMD (M=5),133601,1.5864239832028375,0.00421478511791254
SN-OMD (M=5),133651,1.5784627243809513,0.03511544524365413
SN-OMD (M=5),133701,1.5861519468405991,0.5337577968377559
SN-OMD (M=5),133751,1.5817242885905005,0.01710876424153115
SN-OMD (M=5),133801,1.5752679101798048,0.06341415999886335
SN-OMD (M=5),133851,1.5694866657668958,0.40016294036801126
SN-OMD (M=5),133901,1.5700007621171514,1.8346810476137652
SN-OMD (M=5),133951,1.5830643169835874,0.0051757983029325745
SN-OMD (M=5),134001,1.5744724653027817,0.007673213164786569
SN-OMD (M=5),134051,1.5653763152229483,0.015462630866571778
SN-OMD (M=5),134101,1.57423235214161,0.12119081306732084
SN-OMD (M=5),134151,1.6120486432569376,0.023433949058370405
SN-OMD (M=5),134201,1.6248269683138905,0.05486801405087022
SN-OMD (M=5),134251,1.6292368974897193,0.6275404239236304
SN-OMD (M=5),134301,1.6196109363186673,0.017130802978657038
SN-OMD (M=5),134351,1.6282287747426467,1.2943364614469854
SN-OMD (M=5),134401,1.6310546855484465,0.04475190956166854
SN-OMD (M=5),134451,1.6602031497672143,0.017920799747756667
SN-OMD (M=5),134501,1.73217064753398,0.15785556989396682
SN-OMD (M=5),134551,1.669553266336785,3.265963513110038
SN-OMD (M=5),134601,1.6099385815072216,0.9640763490483277
SN-OMD (M=5),134651,1.5996060333908595,0.3155412675991948
SN-OMD (M=5),134701,1.613628918059638,6.189704186424483
SN-OMD (M=5),134751,1.6713738170228558,3.666639395159794
SN-OMD (M=5),134801,1.7249413031987517,0.46602832713774944
SN-OMD (M=5),134851,1.79529195196149,32.57078812111444
SN-OMD (M=5),134901,1.7851306509860583,6.894711828351787
SN-OMD (M=5),134951,1.8279278740225438,0.008369543277471088
SN-OMD (M=5),135001,1.7702538372286944,0.38831301612260993
SN-OMD (M=5),135051,1.7549964507116158,0.5624010059663735
SN-OMD (M=5),135101,1.744356826062463,0.12026103680952603
SN-OMD (M=5),135151,1.7336242570181317,0.11011134252458314
SN-OMD (M=5),135201,1.738130710910445,0.39133449150582567
SN-OMD (M=5),135251,1.721009229913847,0.007963292250898629
SN-OMD (M=5),135301,1.7184692077522705,0.9277681516712022
SN-OMD (M=5),135351,1.7093200929406405,0.05121631446214135
SN-OMD (M=5),135401,1.7075562821885526,0.008977567101703781
SN-OMD (M=5),135451,1.6956420265338814,0.02068625442313428
SN-OMD (M=5),135501,1.6886573156362261,0.03310123940127837
SN-OMD (M=5),135551,1.6763824224102477,0.4629178771002366
SN-OMD (M=5),135601,1.696011703604598,0.011348710663471692
SN-OMD (M=5),135651,1.7300012143725456,1.3185910788064574
SN-OMD (M=5),135701,1.7274780115839905,0.3964346945927356
SN-OMD (M=5),135751,1.766763345263995,2.7539158478926642e-05
SN-OMD (M=5),135801,1.8147046053493268,1.005520956553384
SN-OMD (M=5),135851,1.847040086643235,0.3016707538947053
SN-OMD (M=5),135901,1.8283990470387732,0.2093894623517274
SN-OMD (M=5),135951,1.817196784135717,0.38556920768401115
SN-OMD (M=5),136001,1.8444240686286666,0.024004209338394967
SN-OMD (M=5),136051,1.8530342799642983,0.33943014789998166
SN-OMD (M=5),136101,1.8785319147594413,0.09969742033865968
SN-OMD (M=5),136151,1.8749802927118826,0.42416735782181086
SN-OMD (M=5),136201,1.8566204179100048,0.2979702369992439
SN-OMD (M=5),136251,1.8428763218434625,0.07390766369210795
SN-OMD (M=5),136301,1.830124950430999,0.15864987726752733
SN-OMD (M=5),136351,1.835440427516059,0.04140157707708846
SN-OMD (M=5),136401,1.8320053448201532,1.8438346672475403
SN-OMD (M=5),136451,1.83784191006502,1.296777111375852
SN-OMD (M=5),136501,1.8296731472604375,0.05467245658703488
SN-OMD (M=5),136551,1.840388030597882,0.12281857565960111
SN-OMD (M=5),136601,1.8338262519989266,0.024778616030734182
SN-OMD (M=5),136651,1.832203701993553,0.15360197407260623
SN-OMD (M=5),136701,1.839193790972086,0.5714813652322979
SN-OMD (M=5),136751,1.851583508592453,0.4120471346649564
SN-OMD (M=5),136801,1.8837340041457746,0.6484955365053935
SN-OMD (M=5),136851,1.9085896955098893,0.08072143633959707
SN-OMD (M=5),136901,1.9170713528013767,0.5055775277242983
SN-OMD (M=5),136951,1.9174434442173198,0.02267826491125576
SN-OMD (M=5),137001,1.9112349127474313,0.017542926515267798
SN-OMD (M=5),137051,1.9220205915998185,0.37636633120964214
SN-OMD (M=5),137101,1.9260051676169798,0.0009468134984026646
SN-OMD (M=5),137151,1.9375596618302802,0.28159157774237875
SN-OMD (M=5),137201,1.9377620518541385,0.22055926087931396
SN-OMD (M=5),137251,1.952788153197924,0.9867223417867657
SN-OMD (M=5),137301,1.9238564666994071,0.5033329610029336
SN-OMD (M=5),137351,1.8935787384648324,0.002796896622589222
SN-OMD (M=5),137401,1.9158710630001012,1.3859340138949816
SN-OMD (M=5),137451,1.9180136426976142,2.8553093837113277
SN-OMD (M=5),137501,1.9130584453123156,6.262707170872157
SN-OMD (M=5),137551,1.8946702372646889,0.8129950388275172
SN-OMD (M=5),137601,1.8943879748211754,0.541026078029057
SN-OMD (M=5),137651,1.872593416527907,0.01644884750676725
SN-OMD (M=5),137701,1.8626838903336584,0.7355376441978974
SN-OMD (M=5),137751,1.8640506729304307,0.05297643350372959
SN-OMD (M=5),137801,1.9128557038201948,0.029848520608615533
SN-OMD (M=5),137851,1.9919733476060708,16.098488697612826
SN-OMD (M=5),137901,2.0432011638020087,0.2976284790093507
SN-OMD (M=5),137951,2.020973190008237,0.5227398697063805
SN-OMD (M=5),138001,2.024487312113511,0.0036532266363747345
SN-OMD (M=5),138051,2.0032987042267663,10.049719517419463
SN-OMD (M=5),138101,1.993519566292157,0.5446611478293003
SN-OMD (M=5),138151,1.9887780842770595,0.03423309675103408
SN-OMD (M=5),138201,1.9863787805574014,0.0060882296429066686
SN-OMD (M=5),138251,1.9834782650452105,2.483693576583352
SN-OMD (M=5),138301,1.9779120938351051,0.6053459778079651
SN-OMD (M=5),138351,1.9725167989213175,0.00132363235545465
SN-OMD (M=5),138401,1.973545641485212,1.0071701214852171
SN-OMD (M=5),138451,1.9471851282292567,0.15978466669833555
SN-OMD (M=5),138501,1.9520672446695517,2.5018511154275873
SN-OMD (M=5),138551,1.948942126249052,0.13556617832994444
SN-OMD (M=5),138601,1.9340849203271593,0.003569834888441651
SN-OMD (M=5),138651,1.93359835948772,0.18787678072985298
SN-OMD (M=5),138701,1.9492378193285023,2.3250987953044824
SN-OMD (M=5),138751,1.958488783592497,0.2038930945612153
SN-OMD (M=5),138801,1.9590364953530812,0.1186621575348759
SN-OMD (M=5),138851,1.9544728826334818,0.6938266310898837
SN-OMD (M=5),138901,1.94567559446688,4.118546877106159e-05
SN-OMD (M=5),138951,1.9268461255767109,0.013380912872993861
SN-OMD (M=5),139001,1.9260672361807023,3.6006691680595173
SN-OMD (M=5),139051,1.9181207160013798,0.009150682753662298
SN-OMD (M=5),139101,1.910699623948978,0.6882704627645116
SN-OMD (M=5),139151,1.9161716233111747,0.6835389616424121
SN-OMD (M=5),139201,1.915812798787053,0.0006446992546094854
SN-OMD (M=5),139251,1.9270071036068475,0.3788662383163542
SN-OMD (M=5),139301,1.9570406453063196,0.3942705760588074
SN-OMD (M=5),139351,2.0376187118181774,0.47683570141834186
SN-OMD (M=5),139401,2.073259986984736,0.7252211849067722
SN-OMD (M=5),139451,2.0712421548490987,0.4144349593072772
SN-OMD (M=5),139501,2.0444924988637636,0.8218068219136424
SN-OMD (M=5),139551,2.016428642613948,0.7155475850280362
SN-OMD (M=5),139601,2.0013789317743376,0.024856683575496745
SN-OMD (M=5),139651,1.9976405575643283,2.3688330961365494
SN-OMD (M=5),139701,1.9849157461363771,0.32268896651300716
SN-OMD (M=5),139751,1.984298020006317,0.1946238706965901
SN-OMD (M=5),139801,1.9639440364506675,0.0019972849231136773
SN-OMD (M=5),139851,1.9526154293477378,0.20191551106043298
SN-OMD (M=5),139901,1.9377753201308139,1.75428587550566
SN-OMD (M=5),139951,1.9294504427953396,0.0026206365229967804
SN-OMD (M=5),140001,1.914257149631081,0.019163856262037305
SN-OMD (M=5),140051,1.9241904122063134,0.13278938726655318
SN-OMD (M=5),140101,1.9360545688891475,0.18536988855663813
SN-OMD (M=5),140151,1.9203940078031165,0.5232054402896766
SN-OMD (M=5),140201,1.9006447635243486,5.038268053443226
SN-OMD (M=5),140251,1.9170050435976276,0.01920777531408786
SN-OMD (M=5),140301,1.920882031692248,2.8171330665150327
SN-OMD (M=5),140351,1.900477532319668,0.05687960190231383
SN-OMD (M=5),140401,1.8760752929875073,0.2607639880573971
SN-OMD (M=5),140451,1.866511501573404,1.7491136568922863
SN-OMD (M=5),140501,1.8680162173383352,0.02165509736851015
SN-OMD (M=5),140551,1.854777682932584,3.5978035442968537
SN-OMD (M=5),140601,1.8472292333708071,0.8821330519703644
SN-OMD (M=5),140651,1.8706505114261924,0.3563088260200644
SN-OMD (M=5),140701,1.8727028964862629,0.06312057619144482
SN-OMD (M=5),140751,1.883214068372709,0.1321829669940978
SN-OMD (M=5),140801,1.8678170120151552,1.9136458756465937
SN-OMD (M=5),140851,1.8499179109367834,0.0011115794926151825
SN-OMD (M=5),140901,1.840123127250832,3.8341165708362483
SN-OMD (M=5),140951,1.8165500993661339,0.9628975373379254
SN-OMD (M=5),141001,1.8059143734233098,0.05435121416891929
SN-OMD (M=5),141051,1.793132680719562,0.00044036902175021835
SN-OMD (M=5),141101,1.790828794392598,0.25593573283520304
SN-OMD (M=5),141151,1.7855652607928418,0.05673913508321095
SN-OMD (M=5),141201,1.7740404159533096,0.08278636035433015
SN-OMD (M=5),141251,1.7637458647498194,0.8556672039652754
SN-OMD (M=5),141301,1.7517437467014558,1.036756439276046
SN-OMD (M=5),141351,1.7107475141186397,0.2132626776707009
SN-OMD (M=5),141401,1.6680796421843183,0.28772544131901867
SN-OMD (M=5),141451,1.6625438607346652,0.19511646886365097
SN-OMD (M=5),141501,1.655327095861302,1.1335440964606662
SN-OMD (M=5),141551,1.6573178288061703,0.5473235268954508
SN-OMD (M=5),141601,1.686823501524861,1.5341958457444766
SN-OMD (M=5),141651,1.6941884108589993,0.1977179274733947
SN-OMD (M=5),141701,1.6811999483001323,0.20093403065937676
SN-OMD (M=5),141751,1.6976021751800399,0.2827610317473954
SN-OMD (M=5),141801,1.7201646071178853,2.152710114261027
SN-OMD (M=5),141851,1.719651406491385,0.735360788735055
SN-OMD (M=5),141901,1.7165644042038115,0.10424412209898477
SN-OMD (M=5),141951,1.7184077069498986,0.36519111042775065
SN-OMD (M=5),142001,1.732744654919255,0.06942221852889183
SN-OMD (M=5),142051,1.7417268695180883,0.577337469135877
SN-OMD (M=5),142101,1.7364587780138,0.05588222871679333
SN-OMD (M=5),142151,1.74480304027675,0.19412948639125108
SN-OMD (M=5),142201,1.7264679860291094,0.02071717070835463
SN-OMD (M=5),142251,1.727558888467617,0.20788314778443626
SN-OMD (M=5),142301,1.7263632453161941,2.406310761162762e-07
SN-OMD (M=5),142351,1.721871640222263,0.03182662613180155
SN-OMD (M=5),142401,1.7186573413571522,1.2017347147384188
SN-OMD (M=5),142451,1.712594083953567,0.11477778488061974
SN-OMD (M=5),142501,1.7090438459324075,0.08239760666224068
SN-OMD (M=5),142551,1.6951933155818604,0.024775269771512887
SN-OMD (M=5),142601,1.6887271664158268,0.18425558256481664
SN-OMD (M=5),142651,1.686818102552163,0.015232114184466272
SN-OMD (M=5),142701,1.6788400580716265,8.612076731034041e-06
SN-OMD (M=5),142751,1.671553203893552,0.0840955435455034
SN-OMD (M=5),142801,1.66539304990416,0.02909957132232627
SN-OMD (M=5),142851,1.6599677099333012,0.06228694925503704
SN-OMD (M=5),142901,1.6507381047403198,0.08495848649036093
SN-OMD (M=5),142951,1.6436383493038302,0.27142573443775414
SN-OMD (M=5),143001,1.6375479529340582,0.0019529712701184072
SN-OMD (M=5),143051,1.6301744231886992,0.0005543222599066689
SN-OMD (M=5),143101,1.623393704404853,0.2534610074352682
SN-OMD (M=5),143151,1.6162116491514442,0.06427031241595724
SN-OMD (M=5),143201,1.6121842113924119,0.023386356962508775
SN-OMD (M=5),143251,1.6088056387957719,0.002957214634402083
SN-OMD (M=5),143301,1.61012829633093,0.1457516149281428
SN-OMD (M=5),143351,1.615820712054206,0.0024526795490746626
SN-OMD (M=5),143401,1.6146901523647883,0.008827593934282707
SN-OMD (M=5),143451,1.6243768778105023,0.05347000508967685
SN-OMD (M=5),143501,1.6175297577683252,0.49735691472819876
SN-OMD (M=5),143551,1.621335571657368,0.06706139691830167
SN-OMD (M=5),143601,1.641565249721133,5.4340167261739385
SN-OMD (M=5),143651,1.6313773044421345,0.3566218172927462
SN-OMD (M=5),143701,1.6250726804899314,0.11370739066186378
SN-OMD (M=5),143751,1.6131685550363635,4.630043999462977
SN-OMD (M=5),143801,1.6120876761932368,0.05150762845803169
SN-OMD (M=5),143851,1.627243393172389,0.5972545848898057
SN-OMD (M=5),143901,1.6064080696477496,5.067137206774375
SN-OMD (M=5),143951,1.6207442173870015,0.049857055384981704
SN-OMD (M=5),144001,1.6098272385028964,0.3832346355264966
SN-OMD (M=5),144051,1.6010676658597511,0.13804436382039537
SN-OMD (M=5),144101,1.603322495046538,1.762315331371397
SN-OMD (M=5),144151,1.5937349090537027,8.757264052085166
SN-OMD (M=5),144201,1.6071502829497704,1.0425938735652307
SN-OMD (M=5),144251,1.6027473280384934,0.882991678403377
SN-OMD (M=5),144301,1.607428002795154,0.01764472257040604
SN-OMD (M=5),144351,1.5902889366175648,1.4836762618685
SN-OMD (M=5),144401,1.580768761670571,0.004406066810385078
SN-OMD (M=5),144451,1.5765535550013015,0.04822313760620726
SN-OMD (M=5),144501,1.5945290428865821,0.006999256709785318
SN-OMD (M=5),144551,1.6348451183471113,0.03975357804837728
SN-OMD (M=5),144601,1.643575889465937,0.5933235768244715
SN-OMD (M=5),144651,1.6146317501839478,1.054704516033489
SN-OMD (M=5),144701,1.6023416921289164,0.06322257155389904
SN-OMD (M=5),144751,1.6051580687258715,0.001508957584059428
SN-OMD (M=5),144801,1.587755826086278,0.2791788966021757
SN-OMD (M=5),144851,1.5665388133236535,0.24497537506410783
SN-OMD (M=5),144901,1.5672443262997127,0.04416678515624454
SN-OMD (M=5),144951,1.5695308243030124,1.2010177163774411
SN-OMD (M=5),145001,1.5610333167125492,0.020212326945048896
SN-OMD (M=5),145051,1.5650607463639479,0.6342815615594379
SN-OMD (M=5),145101,1.5656920275436688,0.09506481613938067
SN-OMD (M=5),145151,1.5656669210348728,0.01952430797390967
SN-OMD (M=5),145201,1.5560304003661785,0.024671711682566638
SN-OMD (M=5),145251,1.5601963580431433,0.1536187288675977
SN-OMD (M=5),145301,1.5739491058302082,0.24037283329474113
SN-OMD (M=5),145351,1.5735624786378077,0.8968093608470848
SN-OMD (M=5),145401,1.5653907322209333,0.015407801146007866
SN-OMD (M=5),145451,1.580000818031073,0.34204430578223183
SN-OMD (M=5),145501,1.5773240107587272,1.3813589726214972
SN-OMD (M=5),145551,1.579032737296507,0.23972389876102962
SN-OMD (M=5),145601,1.5748831875516383,0.0038847257304855066
SN-OMD (M=5),145651,1.5731859235081862,0.1327616204312972
SN-OMD (M=5),145701,1.5731051596030199,0.08979789995643082
SN-OMD (M=5),145751,1.5616031957222476,0.9501175578807427
SN-OMD (M=5),145801,1.551897546085371,0.12490204881045246
SN-OMD (M=5),145851,1.545152237218846,0.002039458468850211
SN-OMD (M=5),145901,1.5421826820799325,1.1575058795213782e-06
SN-OMD (M=5),145951,1.5423271776551781,0.02882730015811198
SN-OMD (M=5),146001,1.5370751915032086,0.23505640348429568
SN-OMD (M=5),146051,1.5428929438059662,0.4368537711517354
SN-OMD (M=5),146101,1.5448513714286205,0.08559275119646978
SN-OMD (M=5),146151,1.5374949143122363,0.14884949022851449
SN-OMD (M=5),146201,1.5381500947232298,0.3417480903846496
SN-OMD (M=5),146251,1.5381688767890236,0.39954011964805153
SN-OMD (M=5),146301,1.5336899099902717,0.08741980551337127
SN-OMD (M=5),146351,1.5324359087891308,0.16265852727886668
SN-OMD (M=5),146401,1.5293184874850752,0.14125508524168134
SN-OMD (M=5),146451,1.5217480946342257,0.0028125632715659014
SN-OMD (M=5),146501,1.5424658036541763,1.4714898344655887
SN-OMD (M=5),146551,1.5337389802113508,0.494444927441144
SN-OMD (M=5),146601,1.5324629407867716,0.028406530883408904
SN-OMD (M=5),146651,1.535548342703786,0.1418689105163614
SN-OMD (M=5),146701,1.5976119196585867,0.8600407435800773
SN-OMD (M=5),146751,1.5947960946782513,0.5210573497614512
SN-OMD (M=5),146801,1.580358232227944,0.00039916727276511596
SN-OMD (M=5),146851,1.5758907122048107,0.09573343107724928
SN-OMD (M=5),146901,1.5672656926963457,9.63526294799686e-05
SN-OMD (M=5),146951,1.5663784623147656,0.019594246021120202
SN-OMD (M=5),147001,1.5809617601371173,0.15908543639488745
SN-OMD (M=5),147051,1.5733744303208286,0.0026517043881112627
SN-OMD (M=5),147101,1.5567646226784462,0.0007860129605440032
SN-OMD (M=5),147151,1.562154882865542,0.13165271553740787
SN-OMD (M=5),147201,1.5592915947306747,0.3417864134320575
SN-OMD (M=5),147251,1.554413622470198,0.5401877173642263
SN-OMD (M=5),147301,1.577624807301073,0.038362039309416986
SN-OMD (M=5),147351,1.5883200115644758,0.04505453582410807
SN-OMD (M=5),147401,1.5854218039715942,0.1226729399715802
SN-OMD (M=5),147451,1.5724408308717788,0.004569450895675376
SN-OMD (M=5),147501,1.5775552398603157,0.5496035679471133
SN-OMD (M=5),147551,1.5648619751015862,0.04774638583619747
SN-OMD (M=5),147601,1.5692850182136147,0.011790864651352111
SN-OMD (M=5),147651,1.5599851517476009,1.1083004569962112
SN-OMD (M=5),147701,1.5548970528984416,0.025716006154747537
SN-OMD (M=5),147751,1.5665642124125394,1.5847929970578274
SN-OMD (M=5),147801,1.5917492389965573,0.10699396081772436
SN-OMD (M=5),147851,1.5977549101613218,0.17512873290653844
SN-OMD (M=5),147901,1.6027007259958783,0.37431582906684957
SN-OMD (M=5),147951,1.5882295258384782,0.06511068534925363
SN-OMD (M=5),148001,1.6476263497426344,0.06999422609890404
SN-OMD (M=5),148051,1.6233993632171997,0.03658642619601676
SN-OMD (M=5),148101,1.624515813469821,0.3600971237208907
SN-OMD (M=5),148151,1.6818352518613913,51.31286630390167
SN-OMD (M=5),148201,1.891617357259335,1.7834584598162972
SN-OMD (M=5),148251,1.928941413945728,5.378193460441341
SN-OMD (M=5),148301,1.9074335390252208,0.43083926942170814
SN-OMD (M=5),148351,1.8643392000154961,0.21246902846457397
SN-OMD (M=5),148401,1.862338431575156,0.20164453456853468
SN-OMD (M=5),148451,1.862760159231587,12.420112679442541
SN-OMD (M=5),148501,1.8954802970037774,0.9019682677823918
SN-OMD (M=5),148551,1.9007996325012098,0.19376123053735173
SN-OMD (M=5),148601,1.872141902280992,7.151083174673237
SN-OMD (M=5),148651,1.8607069435535912,0.050482564614072176
SN-OMD (M=5),148701,1.852580742183148,1.2278369902081667
SN-OMD (M=5),148751,1.8478949822689787,0.5927164858247103
SN-OMD (M=5),148801,1.8411471947253348,0.12233717822203073
SN-OMD (M=5),148851,1.8496865421731876,0.5116759724112527
SN-OMD (M=5),148901,1.8618309530901642,0.4088423749146684
SN-OMD (M=5),148951,1.8701808331493284,0.3606289021260429
SN-OMD (M=5),149001,1.8468106738914094,0.596512726497452
SN-OMD (M=5),149051,1.8403678439712496,0.615300795091553
SN-OMD (M=5),149101,1.8447801168506082,0.10941547367822957
SN-OMD (M=5),149151,1.8501023934620457,4.2432781805808375
SN-OMD (M=5),149201,1.8323974000461225,1.0603335886226798e-05
SN-OMD (M=5),149251,1.8222275668614252,0.38384175474936544
SN-OMD (M=5),149301,1.8129837572246073,0.0010765361248150406
SN-OMD (M=5),149351,1.804660466095479,0.11830620809611549
SN-OMD (M=5),149401,1.8170899625321435,0.3956562979375028
SN-OMD (M=5),149451,1.813324549530646,0.005546496870355559
SN-OMD (M=5),149501,1.8064948325286752,0.061700182654853
SN-OMD (M=5),149551,1.790139091447184,0.15819307787018544
SN-OMD (M=5),149601,1.7892590888185922,0.10057429634813106
SN-OMD (M=5),149651,1.8071909593290825,0.005971567218082321
SN-OMD (M=5),149701,1.8035968995704152,0.05554615661291655
SN-OMD (M=5),149751,1.8056497838113281,0.10061999397509486
SN-OMD (M=5),149801,1.8144325544961677,0.037382490961378044
SN-OMD (M=5),149851,1.8111037500186855,0.1492083989542083
SN-OMD (M=5),149901,1.7989627691307388,1.9216839300841928
SN-OMD (M=5),149951,1.7875198013249665,0.0023108188312341883
Scale-adaptive OGD (M->inf),1,8.000000000000002,2.3417687592967833
Scale-adaptive OGD (M->inf),51,1117916.6724464286,917936581963.2074
Scale-adaptive OGD (M->inf),101,1073666.9085215635,6755952425430.982
Scale-adaptive OGD (M->inf),151,1073106.4087883402,12542986931.176926
Scale-adaptive OGD (M->inf),201,1073079.5102008646,7958075736080.608
Scale-adaptive OGD (M->inf),251,1073038.4249327988,2676081809078.403
Scale-adaptive OGD (M->inf),301,1073025.793631539,455555382534.27454
Scale-adaptive OGD (M->inf),351,1073020.8752471134,11745163774092.238
Scale-adaptive OGD (M->inf),401,1073016.8495521103,23075855570962.945
Scale-adaptive OGD (M->inf),451,1073012.077295544,2622963142878.6963
Scale-adaptive OGD (M->inf),501,1073010.8058552584,445853356902.8361
Scale-adaptive OGD (M->inf),551,1073009.4761926522,4784416283119.244
Scale-adaptive OGD (M->inf),601,1073007.650526211,12220561862998.46
Scale-adaptive OGD (M->inf),651,1073006.300455924,144165147089.442
Scale-adaptive OGD (M->inf),701,1073005.0026148248,620187490342.7589
Scale-adaptive OGD (M->inf),751,1073003.8885698759,2378228687073.8315
Scale-adaptive OGD (M->inf),801,1073002.4679495294,4480398624641.66
Scale-adaptive OGD (M->inf),851,1073000.5145235918,275101245202.9863
Scale-adaptive OGD (M->inf),901,1072998.435076911,79311670226.9869
Scale-adaptive OGD (M->inf),951,1072995.4411159372,219231471664.8324
Scale-adaptive OGD (M->inf),1001,1072992.6050200362,549411827568.0295
Scale-adaptive OGD (M->inf),1051,1072990.1184728786,205568674314.5573
Scale-adaptive OGD (M->inf),1101,1072987.962233415,407525962239.3382
Scale-adaptive OGD (M->inf),1151,1072986.2546575172,2135204985392.8386
Scale-adaptive OGD (M->inf),1201,1072984.2443275282,1170146593837.8657
Scale-adaptive OGD (M->inf),1251,1072981.8848127632,77796389856.20944
Scale-adaptive OGD (M->inf),1301,1072978.6153322128,14362402237.061605
Scale-adaptive OGD (M->inf),1351,1072976.480732908,18463366839.665535
Scale-adaptive OGD (M->inf),1401,1072973.9873956772,6511289726870.036
Scale-adaptive OGD (M->inf),1451,1072971.9139428467,813192162.9048288
Scale-adaptive OGD (M->inf),1501,1072969.760480333,228030999721.17532
Scale-adaptive OGD (M->inf),1551,1072968.2346350418,2678148869206.9937
Scale-adaptive OGD (M->inf),1601,1072966.095550016,2997548387555.3174
Scale-adaptive OGD (M->inf),1651,1072964.0162264886,1347728562712.0352
Scale-adaptive OGD (M->inf),1701,1072962.1935987484,907729320362.6039
Scale-adaptive OGD (M->inf),1751,1072960.1349775488,2026157771165.4158
Scale-adaptive OGD (M->inf),1801,1072958.4204052375,3313601278963.65
Scale-adaptive OGD (M->inf),1851,1072957.0600337386,650184153218.7754
Scale-adaptive OGD (M->inf),1901,1072954.9066231095,719949942803.3563
Scale-adaptive OGD (M->inf),1951,1072953.295996027,483721067459.4728
Scale-adaptive OGD (M->inf),2001,1072951.5491104985,765835854321.4458
Scale-adaptive OGD (M->inf),2051,1072950.213311371,674920955047.6893
Scale-adaptive OGD (M->inf),2101,1072947.9522553037,1798048548150.679
Scale-adaptive OGD (M->inf),2151,1072945.8551063791,6867766367247.636
Scale-adaptive OGD (M->inf),2201,1072944.3532180984,2643938343672.3267
Scale-adaptive OGD (M->inf),2251,1072943.1862425015,857820976154.1241
Scale-adaptive OGD (M->inf),2301,1072941.8567280928,2799181493383.359
Scale-adaptive OGD (M->inf),2351,1072940.4374302307,2909756756296.226
Scale-adaptive OGD (M->inf),2401,1072939.3062420713,3982264860529.0527
Scale-adaptive OGD (M->inf),2451,1072938.287027894,713630134730.0443
Scale-adaptive OGD (M->inf),2501,1072937.0610002344,1545610618375.4817
Scale-adaptive OGD (M->inf),2551,1072935.8939208896,493374832777.5144
Scale-adaptive OGD (M->inf),2601,1072934.6942433196,56996209437.27015
Scale-adaptive OGD (M->inf),2651,1072933.5497547688,3087176664.5218563
Scale-adaptive OGD (M->inf),2701,1072932.0639802262,1225198739092.0928
Scale-adaptive OGD (M->inf),2751,1072930.140454025,9496083601929.912
Scale-adaptive OGD (M->inf),2801,1072928.6139153827,10272819560697.21
Scale-adaptive OGD (M->inf),2851,1072926.7245633556,5151155764.328871
Scale-adaptive OGD (M->inf),2901,1072925.540757618,1530741443874.6025
Scale-adaptive OGD (M->inf),2951,1072924.2997701264,4797671861134.222
Scale-adaptive OGD (M->inf),3001,1072923.2199613545,986188648326.9258
Scale-adaptive OGD (M->inf),3051,1072922.1398900629,3723336459253.116
Scale-adaptive OGD (M->inf),3101,1072921.3661345548,520566095360.03864
Scale-adaptive OGD (M->inf),3151,1072920.3446584484,1461369404445.4482
Scale-adaptive OGD (M->inf),3201,1072919.4857157248,3737708793.5950823
Scale-adaptive OGD (M->inf),3251,1072918.4725964447,4096414171134.943
Scale-adaptive OGD (M->inf),3301,1072917.4616009986,994162087798.0276
Scale-adaptive OGD (M->inf),3351,1072916.3907709585,374703188767.8298
Scale-adaptive OGD (M->inf),3401,1072915.6720496623,39572104328.24042
Scale-adaptive OGD (M->inf),3451,1072914.8292119126,3285114158445.1387
Scale-adaptive OGD (M->inf),3501,1072914.0854399316,2187068430577.2126
Scale-adaptive OGD (M->inf),3551,1072913.4539962746,229051982700.90988
Scale-adaptive OGD (M->inf),3601,1072912.5346311745,350858120235.9671
Scale-adaptive OGD (M->inf),3651,1072911.677801836,4578580263097.459
Scale-adaptive OGD (M->inf),3701,1072910.6246490844,1758418916736.1357
Scale-adaptive OGD (M->inf),3751,1072909.759222462,3614276967590.021
Scale-adaptive OGD (M->inf),3801,1072909.0978070765,332578786957.9028
Scale-adaptive OGD (M->inf),3851,1072908.2545611856,2723548798241.982
Scale-adaptive OGD (M->inf),3901,1072907.1466400255,2674167972834.815
Scale-adaptive OGD (M->inf),3951,1072906.5709890265,220766795.19871852
Scale-adaptive OGD (M->inf),4001,1072905.982952345,176559700133.61093
Scale-adaptive OGD (M->inf),4051,1072905.2172628709,2438604827622.968
Scale-adaptive OGD (M->inf),4101,1072904.2059558348,2130363245933.5679
Scale-adaptive OGD (M->inf),4151,1072903.111483234,493531925402.04504
Scale-adaptive OGD (M->inf),4201,1072902.4542497834,405748639130.0701
Scale-adaptive OGD (M->inf),4251,1072901.6455916353,550145916488.3934
Scale-adaptive OGD (M->inf),4301,1072900.6060427763,2809604847401.4204
Scale-adaptive OGD (M->inf),4351,1072899.6527631036,2795274731244.6025
Scale-adaptive OGD (M->inf),4401,1072898.603313908,1067225887793.1945
Scale-adaptive OGD (M->inf),4451,1072897.2268958262,9524572927174.137
Scale-adaptive OGD (M->inf),4501,1072896.279039122,1069805527816.919
Scale-adaptive OGD (M->inf),4551,1072895.0786826778,3957275385021.3584
Scale-adaptive OGD (M->inf),4601,1072894.140858484,5447015982631.811
Scale-adaptive OGD (M->inf),4651,1072893.089335677,2259934360766.536
Scale-adaptive OGD (M->inf),4701,1072891.9239413189,4996320606000.931
Scale-adaptive OGD (M->inf),4751,1072890.6686282824,6464917010303.136
Scale-adaptive OGD (M->inf),4801,1072889.1724148355,4897620499203.383
Scale-adaptive OGD (M->inf),4851,1072888.0386578096,1602583984918.2183
Scale-adaptive OGD (M->inf),4901,1072887.0331853097,2977515773378.491
Scale-adaptive OGD (M->inf),4951,1072885.850423295,6039128141325.586
Scale-adaptive OGD (M->inf),5001,1072884.564698389,14856036167580.69
Scale-adaptive OGD (M->inf),5051,1072883.3713416234,4439445110931.729
Scale-adaptive OGD (M->inf),5101,1072882.2319690092,3235001053796.203
Scale-adaptive OGD (M->inf),5151,1072881.2079792346,1359397093956.9006
Scale-adaptive OGD (M->inf),5201,1072879.80221748,9754556162873.81
Scale-adaptive OGD (M->inf),5251,1072878.4229067245,39393406913.48949
Scale-adaptive OGD (M->inf),5301,1072877.4476911204,3157089559356.2686
Scale-adaptive OGD (M->inf),5351,1072876.8212895468,574679139701.4811
Scale-adaptive OGD (M->inf),5401,1072876.057797421,1050426842006.5199
Scale-adaptive OGD (M->inf),5451,1072875.1305558113,147758370354.95285
Scale-adaptive OGD (M->inf),5501,1072874.2028789208,5488219787653.729
Scale-adaptive OGD (M->inf),5551,1072873.3171112384,1065328101451.9958
Scale-adaptive OGD (M->inf),5601,1072872.108868719,3781449304010.7646
Scale-adaptive OGD (M->inf),5651,1072871.271007506,13780266117.95365
Scale-adaptive OGD (M->inf),5701,1072870.2730368467,1004650789541.5077
Scale-adaptive OGD (M->inf),5751,1072869.4081081222,2681565926432.065
Scale-adaptive OGD (M->inf),5801,1072868.8692491797,697236375928.8169
Scale-adaptive OGD (M->inf),5851,1072868.0632994785,3374066410.1973433
Scale-adaptive OGD (M->inf),5901,1072866.9516432404,8609114152058.352
Scale-adaptive OGD (M->inf),5951,1072866.042841379,7593033863854.754
Scale-adaptive OGD (M->inf),6001,1072864.8477814768,2387858197789.6772
Scale-adaptive OGD (M->inf),6051,1072863.8361928225,237786936771.1872
Scale-adaptive OGD (M->inf),6101,1072862.7250544562,8776664546376.433
Scale-adaptive OGD (M->inf),6151,1072861.8109623962,2966102081671.857
Scale-adaptive OGD (M->inf),6201,1072860.6597923643,544010707530.85925
Scale-adaptive OGD (M->inf),6251,1072859.5810565718,647124800745.965
Scale-adaptive OGD (M->inf),6301,1072858.5735590106,13076613022710.752
Scale-adaptive OGD (M->inf),6351,1072857.4769544513,4977283665085.787
Scale-adaptive OGD (M->inf),6401,1072856.7823981144,1225337238633.6318
Scale-adaptive OGD (M->inf),6451,1072855.957817811,1261730209822.6887
Scale-adaptive OGD (M->inf),6501,1072854.620403844,9974009622245.703
Scale-adaptive OGD (M->inf),6551,1072853.553313702,5866658528397.059
Scale-adaptive OGD (M->inf),6601,1072852.594919851,162086900253.32108
Scale-adaptive OGD (M->inf),6651,1072851.7177124606,606941279127.083
Scale-adaptive OGD (M->inf),6701,1072850.9210307943,9477917594959.39
Scale-adaptive OGD (M->inf),6751,1072850.0448759226,6993768062076.781
Scale-adaptive OGD (M->inf),6801,1072848.9276762595,3757464155417.025
Scale-adaptive OGD (M->inf),6851,1072848.191806565,6731060617886.086
Scale-adaptive OGD (M->inf),6901,1072847.501292375,425134451108.9977
Scale-adaptive OGD (M->inf),6951,1072846.7030990557,888157930525.5829
Scale-adaptive OGD (M->inf),7001,1072845.8509882428,7924801307426.363
Scale-adaptive OGD (M->inf),7051,1072845.0398901934,11284731011946.291
Scale-adaptive OGD (M->inf),7101,1072844.2682727857,6841057759453.614
Scale-adaptive OGD (M->inf),7151,1072843.5613639448,4651781076697.271
Scale-adaptive OGD (M->inf),7201,1072842.819371765,16300587618225.525
Scale-adaptive OGD (M->inf),7251,1072841.43728534,17436688743540.002
Scale-adaptive OGD (M->inf),7301,1072839.6179723316,18451502852638.625
Scale-adaptive OGD (M->inf),7351,1072838.4839761325,15812398108630.566
Scale-adaptive OGD (M->inf),7401,1072837.6671519529,6650191358081.793
Scale-adaptive OGD (M->inf),7451,1072836.9216998557,2560023518239.9624
Scale-adaptive OGD (M->inf),7501,1072836.3196424686,20815818459340.98
Scale-adaptive OGD (M->inf),7551,1072835.6482566674,8903853854956.049
Scale-adaptive OGD (M->inf),7601,1072834.9504900605,4495561758773.385
Scale-adaptive OGD (M->inf),7651,1072834.071381455,11461186117674.066
Scale-adaptive OGD (M->inf),7701,1072833.519399665,3746220381599.329
Scale-adaptive OGD (M->inf),7751,1072832.9519993467,177520335010.40512
Scale-adaptive OGD (M->inf),7801,1072832.1919754492,12204460226207.639
Scale-adaptive OGD (M->inf),7851,1072831.077329745,11368329423541.982
Scale-adaptive OGD (M->inf),7901,1072829.940334082,4442482779732.395
Scale-adaptive OGD (M->inf),7951,1072828.8424711812,13740033635234.857
Scale-adaptive OGD (M->inf),8001,1072827.9623940184,13009666639578.271
Scale-adaptive OGD (M->inf),8051,1072827.1353886437,962378534539.4023
Scale-adaptive OGD (M->inf),8101,1072826.1037205853,30426994879890.777
Scale-adaptive OGD (M->inf),8151,1072825.06193254,6332691196478.117
Scale-adaptive OGD (M->inf),8201,1072824.3775332512,1859241999271.7168
Scale-adaptive OGD (M->inf),8251,1072823.802541988,6799350454980.982
Scale-adaptive OGD (M->inf),8301,1072823.188575773,10147491145669.805
Scale-adaptive OGD (M->inf),8351,1072822.3930731218,524345486183.17194
Scale-adaptive OGD (M->inf),8401,1072821.5256208666,3181365804412.4756
Scale-adaptive OGD (M->inf),8451,1072820.859204345,2072501688535.29
Scale-adaptive OGD (M->inf),8501,1072820.252613652,1200447450065.3325
Scale-adaptive OGD (M->inf),8551,1072819.5678206894,1766396380212.173
Scale-adaptive OGD (M->inf),8601,1072818.9586984755,3824808069120.3486
Scale-adaptive OGD (M->inf),8651,1072818.4323965074,596267041036.692
Scale-adaptive OGD (M->inf),8701,1072817.8849250623,3146474607010.2197
Scale-adaptive OGD (M->inf),8751,1072817.2290571432,2425086366672.2485
Scale-adaptive OGD (M->inf),8801,1072816.5437939076,679035869835.7205
Scale-adaptive OGD (M->inf),8851,1072815.4889408783,4864127885149.987
Scale-adaptive OGD (M->inf),8901,1072814.5318003076,7456868026351.804
Scale-adaptive OGD (M->inf),8951,1072813.764764469,3001882898195.3423
Scale-adaptive OGD (M->inf),9001,1072812.9936181155,12807448485171.729
Scale-adaptive OGD (M->inf),9051,1072812.4252487593,218183801073.44833
Scale-adaptive OGD (M->inf),9101,1072811.8111487725,139832085050.84445
Scale-adaptive OGD (M->inf),9151,1072811.167035763,2270731929124.2183
Scale-adaptive OGD (M->inf),9201,1072810.4869840557,141932592192.42578
Scale-adaptive OGD (M->inf),9251,1072810.003759185,2177012613882.6729
Scale-adaptive OGD (M->inf),9301,1072809.4257729298,43914254123.27145
Scale-adaptive OGD (M->inf),9351,1072808.7966955854,1562286187585.6304
Scale-adaptive OGD (M->inf),9401,1072808.3784415983,4667834617237.281
Scale-adaptive OGD (M->inf),9451,1072807.8451119782,550365426446.4056
Scale-adaptive OGD (M->inf),9501,1072807.3698527296,2085891148201.4077
Scale-adaptive OGD (M->inf),9551,1072806.6929486797,3526533190573.584
Scale-adaptive OGD (M->inf),9601,1072806.1502736004,46216834365.44367
Scale-adaptive OGD (M->inf),9651,1072805.629483101,366099633051.5091
Scale-adaptive OGD (M->inf),9701,1072805.2261412656,55242126735.81832
Scale-adaptive OGD (M->inf),9751,1072804.8275995872,158981055719.1582
Scale-adaptive OGD (M->inf),9801,1072804.4874461319,29702600308.776615
Scale-adaptive OGD (M->inf),9851,1072803.9888023343,534660212609.9234
Scale-adaptive OGD (M->inf),9901,1072803.296278983,1444491744772.1467
Scale-adaptive OGD (M->inf),9951,1072802.6981429188,2255455127453.5176
Scale-adaptive OGD (M->inf),10001,1072802.1270907314,138574616410.10245
Scale-adaptive OGD (M->inf),10051,1072801.6005566954,5016561481235.355
Scale-adaptive OGD (M->inf),10101,1072801.155286656,47641255459.24661
Scale-adaptive OGD (M->inf),10151,1072800.3933217865,1180700010233.443
Scale-adaptive OGD (M->inf),10201,1072799.779255181,206095447937.47614
Scale-adaptive OGD (M->inf),10251,1072799.3611718444,1347504900901.4775
Scale-adaptive OGD (M->inf),10301,1072799.0007096606,828240388850.8516
Scale-adaptive OGD (M->inf),10351,1072798.4004007722,3372996808755.5723
Scale-adaptive OGD (M->inf),10401,1072797.9002639055,3137092092304.108
Scale-adaptive OGD (M->inf),10451,1072797.3973802612,222889104386.17432
Scale-adaptive OGD (M->inf),10501,1072796.8599666448,2336691797566.3687
Scale-adaptive OGD (M->inf),10551,1072796.4002924124,1071835076649.6934
Scale-adaptive OGD (M->inf),10601,1072795.9190847517,466952794801.83264
Scale-adaptive OGD (M->inf),10651,1072795.3013458787,1241676014355.1633
Scale-adaptive OGD (M->inf),10701,1072794.7159425458,9737151536.209772
Scale-adaptive OGD (M->inf),10751,1072794.0715962488,1206350256591.7412
Scale-adaptive OGD (M->inf),10801,1072793.5208825741,2029399688601.72
Scale-adaptive OGD (M->inf),10851,1072792.8511761709,2033736432513.3118
Scale-adaptive OGD (M->inf),10901,1072792.2232630916,395473252054.0195
Scale-adaptive OGD (M->inf),10951,1072791.2729890356,28760520941732.914
Scale-adaptive OGD (M->inf),11001,1072790.542693528,132649786082.92667
Scale-adaptive OGD (M->inf),11051,1072789.7189747132,158600459941.84897
Scale-adaptive OGD (M->inf),11101,1072789.0699658953,329239607603.0722
Scale-adaptive OGD (M->inf),11151,1072788.5364516885,348020910644.1868
Scale-adaptive OGD (M->inf),11201,1072787.947006594,4336313388720.2607
Scale-adaptive OGD (M->inf),11251,1072787.4976528077,7844921233322.42
Scale-adaptive OGD (M->inf),11301,1072787.191667233,2644865706767.3447
Scale-adaptive OGD (M->inf),11351,1072786.6466081992,1632577217016.0408
Scale-adaptive OGD (M->inf),11401,1072786.1684574105,429084245272.8658
Scale-adaptive OGD (M->inf),11451,1072785.6073376504,2890427600655.5015
Scale-adaptive OGD (M->inf),11501,1072785.153268729,2271764544050.927
Scale-adaptive OGD (M->inf),11551,1072784.638931777,874451594390.3458
Scale-adaptive OGD (M->inf),11601,1072784.1036702185,3185375297871.626
Scale-adaptive OGD (M->inf),11651,1072783.552621017,553701385845.9792
Scale-adaptive OGD (M->inf),11701,1072783.0165831512,193943628892.28717
Scale-adaptive OGD (M->inf),11751,1072782.512763662,2429594754339.274
Scale-adaptive OGD (M->inf),11801,1072781.7639294334,68688284319.34676
Scale-adaptive OGD (M->inf),11851,1072781.1672378322,2932971207221.2974
Scale-adaptive OGD (M->inf),11901,1072780.3948672188,2700048630709.039
Scale-adaptive OGD (M->inf),11951,1072779.638423913,3167824291443.4736
Scale-adaptive OGD (M->inf),12001,1072778.9620577407,663661719531.235
Scale-adaptive OGD (M->inf),12051,1072778.3361711488,1939373206863.9663
Scale-adaptive OGD (M->inf),12101,1072777.7613089287,1473670686055.3376
Scale-adaptive OGD (M->inf),12151,1072777.2052637355,1763036106.7073264
Scale-adaptive OGD (M->inf),12201,1072776.7213941943,2741489411159.671
Scale-adaptive OGD (M->inf),12251,1072775.8814945654,2623909187617.24
Scale-adaptive OGD (M->inf),12301,1072774.9755253159,641797037550.9421
Scale-adaptive OGD (M->inf),12351,1072774.311703751,2587246045127.905
Scale-adaptive OGD (M->inf),12401,1072773.5446551463,339134380966.6796
Scale-adaptive OGD (M->inf),12451,1072771.4784288919,9719996261387.01
Scale-adaptive OGD (M->inf),12501,1072770.2643537489,24828553746500.4
Scale-adaptive OGD (M->inf),12551,1072769.1264741865,12409518162018.516
Scale-adaptive OGD (M->inf),12601,1072768.0933996327,10745182937811.113
Scale-adaptive OGD (M->inf),12651,1072767.2606040162,8199264292648.186
Scale-adaptive OGD (M->inf),12701,1072766.5903474812,6469321951780.543
Scale-adaptive OGD (M->inf),12751,1072765.9699585682,7568377398181.414
Scale-adaptive OGD (M->inf),12801,1072765.1452068726,28044689466004.4
Scale-adaptive OGD (M->inf),12851,1072764.2494870904,21357145473725.445
Scale-adaptive OGD (M->inf),12901,1072763.6109335166,6679360409980.06
Scale-adaptive OGD (M->inf),12951,1072762.9143188545,5884593670707.952
Scale-adaptive OGD (M->inf),13001,1072761.711424527,17862686265397.48
Scale-adaptive OGD (M->inf),13051,1072760.8205927522,13687639616868.04
Scale-adaptive OGD (M->inf),13101,1072759.8688255541,38443076458320.836
Scale-adaptive OGD (M->inf),13151,1072758.8674965436,9391425904679.004
Scale-adaptive OGD (M->inf),13201,1072758.396280816,2275154718872.9214
Scale-adaptive OGD (M->inf),13251,1072758.03073129,6891543097605.874
Scale-adaptive OGD (M->inf),13301,1072757.5203177182,2030104638264.8728
Scale-adaptive OGD (M->inf),13351,1072756.9079785636,5700376759714.937
Scale-adaptive OGD (M->inf),13401,1072755.9000733378,27510103873507.91
Scale-adaptive OGD (M->inf),13451,1072755.1398700997,12591622800486.37
Scale-adaptive OGD (M->inf),13501,1072754.5204735051,5523275564065.436
Scale-adaptive OGD (M->inf),13551,1072753.8449652998,5389055953150.4375
Scale-adaptive OGD (M->inf),13601,1072753.351570176,270637388560.44623
Scale-adaptive OGD (M->inf),13651,1072752.9979882864,4319296927434.184
Scale-adaptive OGD (M->inf),13701,1072752.3172517861,29717544935052.715
Scale-adaptive OGD (M->inf),13751,1072751.673850944,1123410691910.2092
Scale-adaptive OGD (M->inf),13801,1072751.031268471,4412786623676.954
Scale-adaptive OGD (M->inf),13851,1072750.1899842916,2748022581240.6084
Scale-adaptive OGD (M->inf),13901,1072749.6590433323,1421328094256.1326
Scale-adaptive OGD (M->inf),13951,1072749.0544096166,2682141452090.4062
Scale-adaptive OGD (M->inf),14001,1072748.3578759525,9456580374326.19
Scale-adaptive OGD (M->inf),14051,1072747.3669348238,3092130495385.3325
Scale-adaptive OGD (M->inf),14101,1072746.5005373813,17965321730341.64
Scale-adaptive OGD (M->inf),14151,1072745.6869421247,5778257241160.359
Scale-adaptive OGD (M->inf),14201,1072745.020390841,3934286589754.936
Scale-adaptive OGD (M->inf),14251,1072744.2123060932,743405002312.9462
Scale-adaptive OGD (M->inf),14301,1072743.4998068777,16272967827842.94
Scale-adaptive OGD (M->inf),14351,1072742.812127547,9357031210118.639
Scale-adaptive OGD (M->inf),14401,1072742.0626503837,11111675554655.553
Scale-adaptive OGD (M->inf),14451,1072741.3592139166,4682062349039.174
Scale-adaptive OGD (M->inf),14501,1072740.7492125107,4118253281418.4673
Scale-adaptive OGD (M->inf),14551,1072740.1368486416,466527858930.402
Scale-adaptive OGD (M->inf),14601,1072739.4817662633,6420935950018.074
Scale-adaptive OGD (M->inf),14651,1072738.7859914752,9608051016210.162
Scale-adaptive OGD (M->inf),14701,1072738.1641875708,5203261652425.304
Scale-adaptive OGD (M->inf),14751,1072737.585447845,4865252575136.216
Scale-adaptive OGD (M->inf),14801,1072737.0337730828,3669847290568.0854
Scale-adaptive OGD (M->inf),14851,1072736.4706168957,4485894321584.663
Scale-adaptive OGD (M->inf),14901,1072735.826920779,2295291827080.8613
Scale-adaptive OGD (M->inf),14951,1072735.251127384,7497014285568.503
Scale-adaptive OGD (M->inf),15001,1072734.6965036963,6709725073.169104
Scale-adaptive OGD (M->inf),15051,1072734.0391454536,1782894024221.6099
Scale-adaptive OGD (M->inf),15101,1072733.3990372266,1900406378102.7034
Scale-adaptive OGD (M->inf),15151,1072732.7167385772,846724464328.9192
Scale-adaptive OGD (M->inf),15201,1072732.0796150689,3365331375198.4644
Scale-adaptive OGD (M->inf),15251,1072731.3673955912,5767111504374.064
Scale-adaptive OGD (M->inf),15301,1072730.42297208,4131741507008.8003
Scale-adaptive OGD (M->inf),15351,1072729.0814116488,3489678024095.388
Scale-adaptive OGD (M->inf),15401,1072728.6260564208,2539769061356.256
Scale-adaptive OGD (M->inf),15451,1072728.1465537245,392225287158.395
Scale-adaptive OGD (M->inf),15501,1072727.6295727768,1788297940599.274
Scale-adaptive OGD (M->inf),15551,1072727.0269133262,4331805795102.723
Scale-adaptive OGD (M->inf),15601,1072726.4939345208,992105184342.9559
Scale-adaptive OGD (M->inf),15651,1072725.63210331,2641738127638.82
Scale-adaptive OGD (M->inf),15701,1072724.5572456794,19038278225780.43
Scale-adaptive OGD (M->inf),15751,1072723.174768023,115980484347.17145
Scale-adaptive OGD (M->inf),15801,1072722.1891497318,13321978793189.424
Scale-adaptive OGD (M->inf),15851,1072721.2821392526,9865888392757.17
Scale-adaptive OGD (M->inf),15901,1072720.4773219137,15365449226674.697
Scale-adaptive OGD (M->inf),15951,1072719.5130588124,5923107148943.791
Scale-adaptive OGD (M->inf),16001,1072718.4244340113,9616027739709.867
Scale-adaptive OGD (M->inf),16051,1072717.6748133188,47004232066.7328
Scale-adaptive OGD (M->inf),16101,1072716.9466293268,12585844022080.21
Scale-adaptive OGD (M->inf),16151,1072716.4454466454,12766111668946.111
Scale-adaptive OGD (M->inf),16201,1072715.6673245106,8934269391454.693
Scale-adaptive OGD (M->inf),16251,1072714.8007142022,3802194833743.8965
Scale-adaptive OGD (M->inf),16301,1072714.035611514,3877199700226.741
Scale-adaptive OGD (M->inf),16351,1072713.4683455145,593389978205.5314
Scale-adaptive OGD (M->inf),16401,1072712.8311382174,8338788623698.814
Scale-adaptive OGD (M->inf),16451,1072712.141715453,3530127389596.1973
Scale-adaptive OGD (M->inf),16501,1072711.40455186,2929105176349.1865
Scale-adaptive OGD (M->inf),16551,1072710.5734736773,364241699726.1772
Scale-adaptive OGD (M->inf),16601,1072709.8451683803,8318306126115.931
Scale-adaptive OGD (M->inf),16651,1072709.374338717,325012326879.53345
Scale-adaptive OGD (M->inf),16701,1072708.8210542318,3704814500751.9175
Scale-adaptive OGD (M->inf),16751,1072708.1213147135,3788062752183.3574
Scale-adaptive OGD (M->inf),16801,1072707.4172369356,13653769813448.852
Scale-adaptive OGD (M->inf),16851,1072706.1291010156,614641795478.7804
Scale-adaptive OGD (M->inf),16901,1072704.945620132,12894575420349.3
Scale-adaptive OGD (M->inf),16951,1072703.7757260553,746709222743.684
Scale-adaptive OGD (M->inf),17001,1072702.6001887051,13914812189191.932
Scale-adaptive OGD (M->inf),17051,1072701.774099023,6333837260750.769
Scale-adaptive OGD (M->inf),17101,1072701.0937101454,1106155536602.507
Scale-adaptive OGD (M->inf),17151,1072700.4426834253,10996882413633.547
Scale-adaptive OGD (M->inf),17201,1072699.9734877234,553739527359.4042
Scale-adaptive OGD (M->inf),17251,1072699.6123070437,1192510283231.8232
Scale-adaptive OGD (M->inf),17301,1072699.0553603217,24418271515462.453
Scale-adaptive OGD (M->inf),17351,1072698.4453847276,36323621749.71441
Scale-adaptive OGD (M->inf),17401,1072697.7583891014,5249341917349.561
Scale-adaptive OGD (M->inf),17451,1072697.292264302,476308158.850091
Scale-adaptive OGD (M->inf),17501,1072696.6400207495,1833602428076.2456
Scale-adaptive OGD (M->inf),17551,1072696.0264163362,7603354813245.305
Scale-adaptive OGD (M->inf),17601,1072695.5388469326,1006529359501.7028
Scale-adaptive OGD (M->inf),17651,1072695.2109539185,1259048394.0563364
Scale-adaptive OGD (M->inf),17701,1072694.7261034106,5113806824986.291
Scale-adaptive OGD (M->inf),17751,1072694.166183725,3383209685508.779
Scale-adaptive OGD (M->inf),17801,1072693.8489660574,35663529796.51489
Scale-adaptive OGD (M->inf),17851,1072693.5024645168,659164485614.0509
Scale-adaptive OGD (M->inf),17901,1072693.1419066337,5187128610.240258
Scale-adaptive OGD (M->inf),17951,1072692.8217477105,4407194868678.862
Scale-adaptive OGD (M->inf),18001,1072692.451397106,34540918969.44396
Scale-adaptive OGD (M->inf),18051,1072692.0013016714,628645684855.52
Scale-adaptive OGD (M->inf),18101,1072691.6253149293,341575424037.73944
Scale-adaptive OGD (M->inf),18151,1072691.238541284,314158478298.35986
Scale-adaptive OGD (M->inf),18201,1072690.8241228228,1400063580121.632
Scale-adaptive OGD (M->inf),18251,1072690.3863068877,3922820599355.448
Scale-adaptive OGD (M->inf),18301,1072689.8662253274,872980022586.1887
Scale-adaptive OGD (M->inf),18351,1072689.3376454168,5255207055344.803
Scale-adaptive OGD (M->inf),18401,1072688.8910786095,1496639788985.6875
Scale-adaptive OGD (M->inf),18451,1072688.4082265247,61976108957.099045
Scale-adaptive OGD (M->inf),18501,1072687.9721871144,3719565800428.0986
Scale-adaptive OGD (M->inf),18551,1072687.498574462,328781526492.8781
Scale-adaptive OGD (M->inf),18601,1072687.1147761862,220206483881.89594
Scale-adaptive OGD (M->inf),18651,1072686.6687910603,1332212941324.2583
Scale-adaptive OGD (M->inf),18701,1072686.2672229337,37725321655.16201
Scale-adaptive OGD (M->inf),18751,1072685.7949673512,444719723254.6666
Scale-adaptive OGD (M->inf),18801,1072685.2117334683,5760555305909.728
Scale-adaptive OGD (M->inf),18851,1072684.4561323416,1852363032317.4626
Scale-adaptive OGD (M->inf),18901,1072683.90322828,5885606315701.595
Scale-adaptive OGD (M->inf),18951,1072683.3935191394,51900023466.77374
Scale-adaptive OGD (M->inf),19001,1072682.8014396208,38871174749.71981
Scale-adaptive OGD (M->inf),19051,1072682.259818447,3957491980294.1323
Scale-adaptive OGD (M->inf),19101,1072681.734217074,290012387038.63257
Scale-adaptive OGD (M->inf),19151,1072681.2155482532,9842924548.872023
Scale-adaptive OGD (M->inf),19201,1072680.7402210757,859819085859.4242
Scale-adaptive OGD (M->inf),19251,1072680.2934342811,1552342127025.3638
Scale-adaptive OGD (M->inf),19301,1072679.9601757654,746520826427.4454
Scale-adaptive OGD (M->inf),19351,1072679.3535039641,4475531334291.193
Scale-adaptive OGD (M->inf),19401,1072678.8627328067,412273719075.416
Scale-adaptive OGD (M->inf),19451,1072678.3579143246,2479507586559.77
Scale-adaptive OGD (M->inf),19501,1072677.8759740917,3800218091669.627
Scale-adaptive OGD (M->inf),19551,1072677.4546716667,8828390257.383556
Scale-adaptive OGD (M->inf),19601,1072677.1395613432,1890955327203.4707
Scale-adaptive OGD (M->inf),19651,1072676.772326668,869923429863.9674
Scale-adaptive OGD (M->inf),19701,1072676.3956644486,622958279284.8394
Scale-adaptive OGD (M->inf),19751,1072675.941311126,32000425562.46225
Scale-adaptive OGD (M->inf),19801,1072675.4820449965,117591905240.86958
Scale-adaptive OGD (M->inf),19851,1072675.1867338396,96183789247.07768
Scale-adaptive OGD (M->inf),19901,1072674.8290906833,392127755225.71533
Scale-adaptive OGD (M->inf),19951,1072674.5172280893,1369051745619.054
Scale-adaptive OGD (M->inf),20001,1072674.0816751013,2662007029045.685
Scale-adaptive OGD (M->inf),20051,1072673.6325587088,147705701357.66452
Scale-adaptive OGD (M->inf),20101,1072673.0214988785,419878185838.46063
Scale-adaptive OGD (M->inf),20151,1072672.5095715069,3280158929827.6914
Scale-adaptive OGD (M->inf),20201,1072671.9745427608,55847611809.87052
Scale-adaptive OGD (M->inf),20251,1072671.3908245063,99942940499.36475
Scale-adaptive OGD (M->inf),20301,1072670.7151775744,1191622511176.1155
Scale-adaptive OGD (M->inf),20351,1072670.0329074324,6404896993320.326
Scale-adaptive OGD (M->inf),20401,1072669.4349768409,435061821659.30853
Scale-adaptive OGD (M->inf),20451,1072668.9461839558,32455272788.705532
Scale-adaptive OGD (M->inf),20501,1072668.5246635936,1373523620453.9688
Scale-adaptive OGD (M->inf),20551,1072668.0090715727,2805254053356.9253
Scale-adaptive OGD (M->inf),20601,1072667.6038602947,190470658.21795934
Scale-adaptive OGD (M->inf),20651,1072667.0590304066,112235183051.73969
Scale-adaptive OGD (M->inf),20701,1072666.5321382747,4219165518237.744
Scale-adaptive OGD (M->inf),20751,1072666.0046578536,750584796407.5149
Scale-adaptive OGD (M->inf),20801,1072665.3970241565,861164752007.2948
Scale-adaptive OGD (M->inf),20851,1072664.9219731311,1027404218129.8623
Scale-adaptive OGD (M->inf),20901,1072664.4465604175,450813319917.265
Scale-adaptive OGD (M->inf),20951,1072663.9194684818,604159361034.7125
Scale-adaptive OGD (M->inf),21001,1072663.4492305757,8239887424.482325
Scale-adaptive OGD (M->inf),21051,1072662.894096924,1066252332407.4688
Scale-adaptive OGD (M->inf),21101,1072662.3140220353,332262976797.1314
Scale-adaptive OGD (M->inf),21151,1072661.8283886604,746986021338.6605
Scale-adaptive OGD (M->inf),21201,1072661.3576393137,1322775335788.1743
Scale-adaptive OGD (M->inf),21251,1072660.887325438,9643771880003.809
Scale-adaptive OGD (M->inf),21301,1072660.5128923552,787639185866.0792
Scale-adaptive OGD (M->inf),21351,1072660.1102133496,458967889535.4964
Scale-adaptive OGD (M->inf),21401,1072659.6529028725,2889966338636.6274
Scale-adaptive OGD (M->inf),21451,1072659.2528748533,142342966223.57486
Scale-adaptive OGD (M->inf),21501,1072658.9124355197,160485038306.3216
Scale-adaptive OGD (M->inf),21551,1072658.5058291224,468217990349.3492
Scale-adaptive OGD (M->inf),21601,1072657.9971665703,1458851185306.5173
Scale-adaptive OGD (M->inf),21651,1072657.7097489862,39652058862.806305
Scale-adaptive OGD (M->inf),21701,1072657.4021795176,26629014827.656197
Scale-adaptive OGD (M->inf),21751,1072657.1020340056,42583909286.81021
Scale-adaptive OGD (M->inf),21801,1072656.762833662,321450510302.462
Scale-adaptive OGD (M->inf),21851,1072656.1939222869,222367165348.21448
Scale-adaptive OGD (M->inf),21901,1072655.6644942153,1909418576794.522
Scale-adaptive OGD (M->inf),21951,1072655.2942826578,113071324638.64015
Scale-adaptive OGD (M->inf),22001,1072655.007900202,27750379901.569714
Scale-adaptive OGD (M->inf),22051,1072654.6874691197,31670468523.984066
Scale-adaptive OGD (M->inf),22101,1072654.4252764024,878983820050.4526
Scale-adaptive OGD (M->inf),22151,1072654.0535337972,532368690327.13165
Scale-adaptive OGD (M->inf),22201,1072653.7053344739,78008750696.04091
Scale-adaptive OGD (M->inf),22251,1072653.1713721566,2617481474874.7134
Scale-adaptive OGD (M->inf),22301,1072652.3033395628,1174145278327.2534
Scale-adaptive OGD (M->inf),22351,1072651.7835435898,1444721092876.8306
Scale-adaptive OGD (M->inf),22401,1072651.0320697092,65150032070.83861
Scale-adaptive OGD (M->inf),22451,1072650.068698988,248812230690.07306
Scale-adaptive OGD (M->inf),22501,1072649.6034580215,629065846116.5951
Scale-adaptive OGD (M->inf),22551,1072649.1381864927,753676514271.6613
Scale-adaptive OGD (M->inf),22601,1072648.7254464992,24791042563824.492
Scale-adaptive OGD (M->inf),22651,1072648.3868187857,7795896518844.439
Scale-adaptive OGD (M->inf),22701,1072647.9811412508,957936397749.6875
Scale-adaptive OGD (M->inf),22751,1072647.5340298254,991359245810.6307
Scale-adaptive OGD (M->inf),22801,1072646.9899556548,636625014139.6324
Scale-adaptive OGD (M->inf),22851,1072646.646120101,203215776317.77338
Scale-adaptive OGD (M->inf),22901,1072646.2179302978,2376402132095.0547
Scale-adaptive OGD (M->inf),22951,1072645.6977010749,1295447297.4986303
Scale-adaptive OGD (M->inf),23001,1072645.2203643783,6495818433.712087
Scale-adaptive OGD (M->inf),23051,1072644.7482756698,56231789972.89697
Scale-adaptive OGD (M->inf),23101,1072644.2443139951,3628695511.9247866
Scale-adaptive OGD (M->inf),23151,1072643.6989668063,10593837327996.295
Scale-adaptive OGD (M->inf),23201,1072642.6530850634,14518832571252.53
Scale-adaptive OGD (M->inf),23251,1072641.8364418799,2788365939016.4707
Scale-adaptive OGD (M->inf),23301,1072641.3343299981,511639975696.57025
Scale-adaptive OGD (M->inf),23351,1072640.686139566,2762160578802.241
Scale-adaptive OGD (M->inf),23401,1072640.047307702,362468877010.93896
Scale-adaptive OGD (M->inf),23451,1072639.4604597304,3192265504789.784
Scale-adaptive OGD (M->inf),23501,1072638.8456132202,2442091059598.8477
Scale-adaptive OGD (M->inf),23551,1072638.264658627,848533802217.8334
Scale-adaptive OGD (M->inf),23601,1072637.4411814578,14267323979874.174
Scale-adaptive OGD (M->inf),23651,1072636.4966533445,3591383566077.741
Scale-adaptive OGD (M->inf),23701,1072635.7881412876,7475556865550.283
Scale-adaptive OGD (M->inf),23751,1072635.0505402226,18849588836320.6
Scale-adaptive OGD (M->inf),23801,1072634.238523026,8268198768314.44
Scale-adaptive OGD (M->inf),23851,1072633.2913876083,5949394294191.846
Scale-adaptive OGD (M->inf),23901,1072632.6381398046,3527586101296.3726
Scale-adaptive OGD (M->inf),23951,1072632.1439051651,25654995194.150536
Scale-adaptive OGD (M->inf),24001,1072631.709207177,1602648983066.4172
Scale-adaptive OGD (M->inf),24051,1072631.2064259225,2469511285986.652
Scale-adaptive OGD (M->inf),24101,1072630.6253844756,226669726463.09662
Scale-adaptive OGD (M->inf),24151,1072630.0099019893,8445579205884.6875
Scale-adaptive OGD (M->inf),24201,1072629.4218455066,333769631929.55035
Scale-adaptive OGD (M->inf),24251,1072628.9776781686,13565441069878.473
Scale-adaptive OGD (M->inf),24301,1072628.4261894696,3125334845951.137
Scale-adaptive OGD (M->inf),24351,1072627.8369205373,2503475064947.926
Scale-adaptive OGD (M->inf),24401,1072627.3385653864,441138953323.5294
Scale-adaptive OGD (M->inf),24451,1072626.8365421968,2306829961841.7563
Scale-adaptive OGD (M->inf),24501,1072626.3442411202,38558232329.557396
Scale-adaptive OGD (M->inf),24551,1072625.7987235647,5087002648684.269
Scale-adaptive OGD (M->inf),24601,1072625.4368807082,1581934495583.0977
Scale-adaptive OGD (M->inf),24651,1072625.0261289242,225916704312.11203
Scale-adaptive OGD (M->inf),24701,1072624.6403375592,97865133516.20898
Scale-adaptive OGD (M->inf),24751,1072624.2135391845,562186504117.195
Scale-adaptive OGD (M->inf),24801,1072623.822181543,13993686345585.379
Scale-adaptive OGD (M->inf),24851,1072623.0785332078,191447623707.9397
Scale-adaptive OGD (M->inf),24901,1072622.449060844,463530342882.60333
Scale-adaptive OGD (M->inf),24951,1072621.378053816,3521902028875.8643
Scale-adaptive OGD (M->inf),25001,1072620.7366616386,8548907728709.317
Scale-adaptive OGD (M->inf),25051,1072620.2553320895,1509563404247.3064
Scale-adaptive OGD (M->inf),25101,1072619.7446109008,3572658804294.361
Scale-adaptive OGD (M->inf),25151,1072619.3742302882,2295575755998.6978
Scale-adaptive OGD (M->inf),25201,1072618.8902372709,1357098683817.6807
Scale-adaptive OGD (M->inf),25251,1072618.4641975798,2898518575871.862
Scale-adaptive OGD (M->inf),25301,1072617.97856024,2528184814210.547
Scale-adaptive OGD (M->inf),25351,1072617.4996239215,5899051565183.167
Scale-adaptive OGD (M->inf),25401,1072617.083971407,1326108445966.5544
Scale-adaptive OGD (M->inf),25451,1072616.700442091,556337200972.456
Scale-adaptive OGD (M->inf),25501,1072616.1571545617,606993962798.1237
Scale-adaptive OGD (M->inf),25551,1072615.6754987955,819927508520.6227
Scale-adaptive OGD (M->inf),25601,1072615.1015921815,886930713065.3292
Scale-adaptive OGD (M->inf),25651,1072614.581549734,3084704124225.935
Scale-adaptive OGD (M->inf),25701,1072614.1394920205,511323897069.5803
Scale-adaptive OGD (M->inf),25751,1072613.6851634197,493294554217.8611
Scale-adaptive OGD (M->inf),25801,1072613.2230007881,3758237270781.656
Scale-adaptive OGD (M->inf),25851,1072612.6755444529,5596792312.356904
Scale-adaptive OGD (M->inf),25901,1072611.8532186144,12819954778020.29
Scale-adaptive OGD (M->inf),25951,1072611.124376976,9669783070741.078
Scale-adaptive OGD (M->inf),26001,1072610.4876118905,2380350604195.503
Scale-adaptive OGD (M->inf),26051,1072609.805197127,2178870202308.6968
Scale-adaptive OGD (M->inf),26101,1072609.107811841,7374997002676.275
Scale-adaptive OGD (M->inf),26151,1072608.4854771546,190291222740.94534
Scale-adaptive OGD (M->inf),26201,1072607.818078721,281469177145.01953
Scale-adaptive OGD (M->inf),26251,1072607.3324359974,5361265251990.853
Scale-adaptive OGD (M->inf),26301,1072606.9002761485,1023129891308.0244
Scale-adaptive OGD (M->inf),26351,1072606.1427758075,335586822554.2274
Scale-adaptive OGD (M->inf),26401,1072605.4693677612,211379880004.80423
Scale-adaptive OGD (M->inf),26451,1072604.879650985,894002513515.1617
Scale-adaptive OGD (M->inf),26501,1072604.3754346918,10609885138441.193
Scale-adaptive OGD (M->inf),26551,1072603.8769929449,7919761417261.279
Scale-adaptive OGD (M->inf),26601,1072603.4622873259,2266050067383.289
Scale-adaptive OGD (M->inf),26651,1072603.0549005575,293641048009.9306
Scale-adaptive OGD (M->inf),26701,1072602.6085548748,371531438617.8196
Scale-adaptive OGD (M->inf),26751,1072602.2124304397,31234978069.12403
Scale-adaptive OGD (M->inf),26801,1072601.8560309664,189371071556.59418
Scale-adaptive OGD (M->inf),26851,1072601.5193801243,4822341201227.667
Scale-adaptive OGD (M->inf),26901,1072601.132460264,1409617729525.2256
Scale-adaptive OGD (M->inf),26951,1072600.7558333215,467021923.4087107
Scale-adaptive OGD (M->inf),27001,1072600.426124708,7166222052.395524
Scale-adaptive OGD (M->inf),27051,1072599.980548714,937639375360.2744
Scale-adaptive OGD (M->inf),27101,1072599.549985885,508841648316.56024
Scale-adaptive OGD (M->inf),27151,1072598.989662155,2651236781389.0786
Scale-adaptive OGD (M->inf),27201,1072598.3056348418,1943720199612.7817
Scale-adaptive OGD (M->inf),27251,1072597.662476276,368946740390.4957
Scale-adaptive OGD (M->inf),27301,1072597.122567627,50700289096.22273
Scale-adaptive OGD (M->inf),27351,1072596.7148434722,906606915944.9952
Scale-adaptive OGD (M->inf),27401,1072596.3415178333,3195524979941.385
Scale-adaptive OGD (M->inf),27451,1072595.9513966467,3102086392730.197
Scale-adaptive OGD (M->inf),27501,1072595.4959322405,387684316809.54083
Scale-adaptive OGD (M->inf),27551,1072595.1894107403,876068262750.1613
Scale-adaptive OGD (M->inf),27601,1072594.8713099095,3333641771077.983
Scale-adaptive OGD (M->inf),27651,1072594.5090725753,1169265409384.4565
Scale-adaptive OGD (M->inf),27701,1072594.1525001319,451722223948.379
Scale-adaptive OGD (M->inf),27751,1072593.8213079784,2803636462228.754
Scale-adaptive OGD (M->inf),27801,1072593.4821201325,4350997334597.5063
Scale-adaptive OGD (M->inf),27851,1072593.1923219755,8145416949.4397545
Scale-adaptive OGD (M->inf),27901,1072592.7842408766,376725591745.5547
Scale-adaptive OGD (M->inf),27951,1072592.3165076005,1373246968760.228
Scale-adaptive OGD (M->inf),28001,1072591.9701952613,432221903916.19385
Scale-adaptive OGD (M->inf),28051,1072591.4981181163,1866990773050.8354
Scale-adaptive OGD (M->inf),28101,1072591.1073177066,3656418641310.459
Scale-adaptive OGD (M->inf),28151,1072590.7642660313,352110207438.14716
Scale-adaptive OGD (M->inf),28201,1072590.413531992,889039412099.1454
Scale-adaptive OGD (M->inf),28251,1072590.0626805264,5080247548815.143
Scale-adaptive OGD (M->inf),28301,1072589.7258259275,26000892421.921967
Scale-adaptive OGD (M->inf),28351,1072589.3669155547,3777893904739.5405
Scale-adaptive OGD (M->inf),28401,1072588.9435120972,3859656598777.401
Scale-adaptive OGD (M->inf),28451,1072588.5459340878,597827364030.2249
Scale-adaptive OGD (M->inf),28501,1072588.1638039923,90173832854.98207
Scale-adaptive OGD (M->inf),28551,1072587.7896525974,9607657043547.447
Scale-adaptive OGD (M->inf),28601,1072587.4790139077,224250526418.65134
Scale-adaptive OGD (M->inf),28651,1072587.1426486508,2184350756001.905
Scale-adaptive OGD (M->inf),28701,1072586.8035096757,2382092244654.2344
Scale-adaptive OGD (M->inf),28751,1072586.3074099526,821459898914.5911
Scale-adaptive OGD (M->inf),28801,1072585.8367960863,432981298467.0663
Scale-adaptive OGD (M->inf),28851,1072585.4494348657,6152086522069.806
Scale-adaptive OGD (M->inf),28901,1072585.081973405,780356341805.2489
Scale-adaptive OGD (M->inf),28951,1072584.7097323304,1022024674359.4027
Scale-adaptive OGD (M->inf),29001,1072584.3872558705,1152056667498.3625
Scale-adaptive OGD (M->inf),29051,1072584.019681026,1148288230162.7102
Scale-adaptive OGD (M->inf),29101,1072583.6177500351,347205198634.16284
Scale-adaptive OGD (M->inf),29151,1072583.25012355,4844834113432.685
Scale-adaptive OGD (M->inf),29201,1072582.979284866,1403972231005.1895
Scale-adaptive OGD (M->inf),29251,1072582.5878732584,1131612367429.2622
Scale-adaptive OGD (M->inf),29301,1072582.2685580477,729531807481.9072
Scale-adaptive OGD (M->inf),29351,1072581.903542318,1717527422639.8699
Scale-adaptive OGD (M->inf),29401,1072581.5433946454,2903621648.5667067
Scale-adaptive OGD (M->inf),29451,1072581.1776102388,4214713161389.296
Scale-adaptive OGD (M->inf),29501,1072580.8548098088,61170517637.63354
Scale-adaptive OGD (M->inf),29551,1072580.5322979335,940060765912.335
Scale-adaptive OGD (M->inf),29601,1072580.1493368163,178737523972.35434
Scale-adaptive OGD (M->inf),29651,1072579.8357789016,359061699902.7751
Scale-adaptive OGD (M->inf),29701,1072579.503534959,1447156094431.5112
Scale-adaptive OGD (M->inf),29751,1072578.9121345188,14961585249221.088
Scale-adaptive OGD (M->inf),29801,1072578.3624914088,747410465707.6453
Scale-adaptive OGD (M->inf),29851,1072578.01554602,2217757603500.0664
Scale-adaptive OGD (M->inf),29901,1072577.6252264732,4793904508176.205
Scale-adaptive OGD (M->inf),29951,1072577.2694702514,1607477924850.8945
Scale-adaptive OGD (M->inf),30001,1072576.9111558842,4282101045115.157
Scale-adaptive OGD (M->inf),30051,1072576.4964038255,1374122390268.6218
Scale-adaptive OGD (M->inf),30101,1072576.1158947898,3982144679367.7256
Scale-adaptive OGD (M->inf),30151,1072575.7231399335,950595379380.2341
Scale-adaptive OGD (M->inf),30201,1072575.2994949203,4766030527683.252
Scale-adaptive OGD (M->inf),30251,1072575.0383805109,920308050140.9946
Scale-adaptive OGD (M->inf),30301,1072574.809688605,2055067461453.1587
Scale-adaptive OGD (M->inf),30351,1072574.5566829655,53479479072.226326
Scale-adaptive OGD (M->inf),30401,1072574.0973724476,1563681232041.3057
Scale-adaptive OGD (M->inf),30451,1072573.1832031608,1154623767432.7173
Scale-adaptive OGD (M->inf),30501,1072572.6168402308,8194838093645.503
Scale-adaptive OGD (M->inf),30551,1072572.1805663574,3279577292193.7803
Scale-adaptive OGD (M->inf),30601,1072571.8135359292,11431685305324.596
Scale-adaptive OGD (M->inf),30651,1072571.419163776,1550366652975.4624
Scale-adaptive OGD (M->inf),30701,1072571.0612228648,4652603758507.9
Scale-adaptive OGD (M->inf),30751,1072570.6448104416,61271573728.303764
Scale-adaptive OGD (M->inf),30801,1072570.502565023,1046462905819.8484
Scale-adaptive OGD (M->inf),30851,1072570.0918731177,780314245452.305
Scale-adaptive OGD (M->inf),30901,1072569.5850438294,5918234600632.499
Scale-adaptive OGD (M->inf),30951,1072568.8677461375,2123656880498.1636
Scale-adaptive OGD (M->inf),31001,1072568.4733449467,19226133106913.55
Scale-adaptive OGD (M->inf),31051,1072568.0424324435,679793450587.5093
Scale-adaptive OGD (M->inf),31101,1072567.730882462,501981005347.06573
Scale-adaptive OGD (M->inf),31151,1072567.2871155667,66636138693.705505
Scale-adaptive OGD (M->inf),31201,1072566.6862560313,3150392909710.8745
Scale-adaptive OGD (M->inf),31251,1072566.36406409,7816042642.217724
Scale-adaptive OGD (M->inf),31301,1072565.9999665103,14824134026854.803
Scale-adaptive OGD (M->inf),31351,1072565.703319508,37533085676.6892
Scale-adaptive OGD (M->inf),31401,1072565.39070259,2373276019603.056
Scale-adaptive OGD (M->inf),31451,1072565.1470576304,733214573133.0441
Scale-adaptive OGD (M->inf),31501,1072564.9559778685,3321311631497.869
Scale-adaptive OGD (M->inf),31551,1072564.726747828,135031134136.18678
Scale-adaptive OGD (M->inf),31601,1072564.4944116415,351017020154.73596
Scale-adaptive OGD (M->inf),31651,1072564.2396271126,1212196521303.481
Scale-adaptive OGD (M->inf),31701,1072563.903992881,101504930262.72447
Scale-adaptive OGD (M->inf),31751,1072563.6145368984,1097522614427.9767
Scale-adaptive OGD (M->inf),31801,1072563.3082724952,2893408013810.951
Scale-adaptive OGD (M->inf),31851,1072563.0046894744,105195944264.87392
Scale-adaptive OGD (M->inf),31901,1072562.7043908671,2442185581885.8853
Scale-adaptive OGD (M->inf),31951,1072562.436140209,694449902633.7125
Scale-adaptive OGD (M->inf),32001,1072562.1277663389,601613413409.7241
Scale-adaptive OGD (M->inf),32051,1072561.8360149765,4014600619219.109
Scale-adaptive OGD (M->inf),32101,1072561.4625931,777260998659.5459
Scale-adaptive OGD (M->inf),32151,1072561.1095664669,212253699035.28955
Scale-adaptive OGD (M->inf),32201,1072560.759931639,13132503539060.594
Scale-adaptive OGD (M->inf),32251,1072560.3921407408,742152307898.2258
Scale-adaptive OGD (M->inf),32301,1072560.0538852483,2207090314.247282
Scale-adaptive OGD (M->inf),32351,1072559.5207290023,838266693867.0405
Scale-adaptive OGD (M->inf),32401,1072559.057909369,1408500161123.647
Scale-adaptive OGD (M->inf),32451,1072558.7399394605,808565228323.3539
Scale-adaptive OGD (M->inf),32501,1072558.3429127845,6420533615610.7295
Scale-adaptive OGD (M->inf),32551,1072557.8000802961,41869462839.88736
Scale-adaptive OGD (M->inf),32601,1072557.435955617,1908385863695.2498
Scale-adaptive OGD (M->inf),32651,1072557.059916884,211182389878.04193
Scale-adaptive OGD (M->inf),32701,1072556.711203875,5852158736055.966
Scale-adaptive OGD (M->inf),32751,1072556.3053137562,1079489545542.0784
Scale-adaptive OGD (M->inf),32801,1072555.9633280355,2288419013130.0625
Scale-adaptive OGD (M->inf),32851,1072555.659114363,322657972762.02203
Scale-adaptive OGD (M->inf),32901,1072555.4253929625,1052597843447.8434
Scale-adaptive OGD (M->inf),32951,1072555.1632070143,1458177129043.6455
Scale-adaptive OGD (M->inf),33001,1072554.8940380276,86737918502.80225
Scale-adaptive OGD (M->inf),33051,1072554.5471175325,879704641851.3881
Scale-adaptive OGD (M->inf),33101,1072554.2100680543,63452441147.61455
Scale-adaptive OGD (M->inf),33151,1072553.5952531265,7545695797.814432
Scale-adaptive OGD (M->inf),33201,1072552.985343237,449944467706.82996
Scale-adaptive OGD (M->inf),33251,1072552.20439764,9426169687159.79
Scale-adaptive OGD (M->inf),33301,1072551.663326697,6398264509739.636
Scale-adaptive OGD (M->inf),33351,1072550.946857475,4769516184.383873
Scale-adaptive OGD (M->inf),33401,1072550.3610596252,33894705486.081116
Scale-adaptive OGD (M->inf),33451,1072549.900058044,499617732624.7737
Scale-adaptive OGD (M->inf),33501,1072549.4766608474,72441116435.22188
Scale-adaptive OGD (M->inf),33551,1072548.9810101404,142657609389.78958
Scale-adaptive OGD (M->inf),33601,1072548.5833837574,3631221921.3661633
Scale-adaptive OGD (M->inf),33651,1072548.1939804035,1283956955.092581
Scale-adaptive OGD (M->inf),33701,1072547.8729631277,386225339001.81195
Scale-adaptive OGD (M->inf),33751,1072547.5675567905,130632927740.49152
Scale-adaptive OGD (M->inf),33801,1072547.225659098,101309784720.15804
Scale-adaptive OGD (M->inf),33851,1072546.9420223134,566123786567.6727
Scale-adaptive OGD (M->inf),33901,1072546.6869182212,1533592548238.8367
Scale-adaptive OGD (M->inf),33951,1072546.3091420545,127161263715.67943
Scale-adaptive OGD (M->inf),34001,1072546.061916141,117388358755.71191
Scale-adaptive OGD (M->inf),34051,1072545.8236087062,97872069630.09245
Scale-adaptive OGD (M->inf),34101,1072545.062577084,2326982941225.538
Scale-adaptive OGD (M->inf),34151,1072544.5700449455,2835519807680.1978
Scale-adaptive OGD (M->inf),34201,1072543.9854424677,1971876965025.846
Scale-adaptive OGD (M->inf),34251,1072543.6130766983,2044040340299.8113
Scale-adaptive OGD (M->inf),34301,1072543.3635433884,3705686832077.6577
Scale-adaptive OGD (M->inf),34351,1072542.9133804645,827565683.7179064
Scale-adaptive OGD (M->inf),34401,1072542.382563292,3384573116563.8735
Scale-adaptive OGD (M->inf),34451,1072541.9816494056,962965660120.732
Scale-adaptive OGD (M->inf),34501,1072541.7345202847,122586343626.20076
Scale-adaptive OGD (M->inf),34551,1072541.4238714776,864416499630.7559
Scale-adaptive OGD (M->inf),34601,1072541.1092425783,4399065829281.224
Scale-adaptive OGD (M->inf),34651,1072540.813323866,69099897587.59204
Scale-adaptive OGD (M->inf),34701,1072540.5933582408,464822607068.7046
Scale-adaptive OGD (M->inf),34751,1072540.2841630206,6352647427383.302
Scale-adaptive OGD (M->inf),34801,1072539.8954473338,173500561566.9128
Scale-adaptive OGD (M->inf),34851,1072539.5875539172,411709650348.37225
Scale-adaptive OGD (M->inf),34901,1072539.2505972544,3118223556817.734
Scale-adaptive OGD (M->inf),34951,1072538.9763131165,577435929410.2295
Scale-adaptive OGD (M->inf),35001,1072538.6833488739,516769756617.53076
Scale-adaptive OGD (M->inf),35051,1072538.3807349037,5450970673.42612
Scale-adaptive OGD (M->inf),35101,1072538.0844500256,210582852226.95752
Scale-adaptive OGD (M->inf),35151,1072537.7846863,266248834158.19736
Scale-adaptive OGD (M->inf),35201,1072537.4467452369,373554865105.26263
Scale-adaptive OGD (M->inf),35251,1072537.1893382508,98404508935.51758
Scale-adaptive OGD (M->inf),35301,1072536.8092673973,184337883732.62347
Scale-adaptive OGD (M->inf),35351,1072536.4900885702,2028409100008.1404
Scale-adaptive OGD (M->inf),35401,1072536.17955626,535044405802.966
Scale-adaptive OGD (M->inf),35451,1072535.8201705094,369913401724.42786
Scale-adaptive OGD (M->inf),35501,1072535.506393506,3102476357550.8086
Scale-adaptive OGD (M->inf),35551,1072535.1548690712,2151486991076.4526
Scale-adaptive OGD (M->inf),35601,1072534.8480633877,586956923758.8589
Scale-adaptive OGD (M->inf),35651,1072534.5351983854,27584229939.38221
Scale-adaptive OGD (M->inf),35701,1072534.2819480635,12313762165.826693
Scale-adaptive OGD (M->inf),35751,1072533.9665291393,916128626357.1001
Scale-adaptive OGD (M->inf),35801,1072533.6513093417,2933224947768.054
Scale-adaptive OGD (M->inf),35851,1072533.3197601812,437139675028.8588
Scale-adaptive OGD (M->inf),35901,1072533.0185146693,168219704809.01047
Scale-adaptive OGD (M->inf),35951,1072532.5874556024,143399735196.62326
Scale-adaptive OGD (M->inf),36001,1072532.2334374439,67851954141.19222
Scale-adaptive OGD (M->inf),36051,1072531.8899586224,596199882292.7489
Scale-adaptive OGD (M->inf),36101,1072531.6686933837,716094351065.3269
Scale-adaptive OGD (M->inf),36151,1072531.312358713,449423196737.1233
Scale-adaptive OGD (M->inf),36201,1072530.9921544525,308496442342.7752
Scale-adaptive OGD (M->inf),36251,1072530.681762203,23442652690.319862
Scale-adaptive OGD (M->inf),36301,1072530.3735358617,1171388111984.6577
Scale-adaptive OGD (M->inf),36351,1072530.0986824925,1353056238130.589
Scale-adaptive OGD (M->inf),36401,1072529.758228486,4581616295301.374
Scale-adaptive OGD (M->inf),36451,1072529.446226968,1146653107958.7625
Scale-adaptive OGD (M->inf),36501,1072529.17704934,907501106556.29
Scale-adaptive OGD (M->inf),36551,1072528.5598108084,2873054829195.102
Scale-adaptive OGD (M->inf),36601,1072527.941806071,4449088616142.186
Scale-adaptive OGD (M->inf),36651,1072527.512663322,1203981405109.9636
Scale-adaptive OGD (M->inf),36701,1072527.03559537,192355675450.12634
Scale-adaptive OGD (M->inf),36751,1072526.4369019684,658023179686.581
Scale-adaptive OGD (M->inf),36801,1072525.9816422227,712739646108.0345
Scale-adaptive OGD (M->inf),36851,1072525.6211903174,2360684242122.48
Scale-adaptive OGD (M->inf),36901,1072525.3030534617,5736619102550.557
Scale-adaptive OGD (M->inf),36951,1072524.9587684195,1167880171807.0916
Scale-adaptive OGD (M->inf),37001,1072524.2855618005,127541800734.95535
Scale-adaptive OGD (M->inf),37051,1072523.7419609718,8127305687516.425
Scale-adaptive OGD (M->inf),37101,1072523.2524109262,3008220105686.3438
Scale-adaptive OGD (M->inf),37151,1072522.8627052226,1637799412332.1196
Scale-adaptive OGD (M->inf),37201,1072522.5959694402,5041429042486.73
Scale-adaptive OGD (M->inf),37251,1072522.3133523122,1559610501860.09
Scale-adaptive OGD (M->inf),37301,1072521.894008326,7737822102582.747
Scale-adaptive OGD (M->inf),37351,1072521.555863988,2952862698326.3687
Scale-adaptive OGD (M->inf),37401,1072521.2897608336,5786186240.114345
Scale-adaptive OGD (M->inf),37451,1072520.9750703082,1228222968301.6748
Scale-adaptive OGD (M->inf),37501,1072520.6894077274,3196412523927.6147
Scale-adaptive OGD (M->inf),37551,1072520.2817696314,5137762082740.038
Scale-adaptive OGD (M->inf),37601,1072519.846874336,4496315720982.579
Scale-adaptive OGD (M->inf),37651,1072519.3223293778,952361330376.4171
Scale-adaptive OGD (M->inf),37701,1072518.971342534,3793715678694.6914
Scale-adaptive OGD (M->inf),37751,1072518.592632523,2636483936783.9385
Scale-adaptive OGD (M->inf),37801,1072518.2651214954,6605099599065.366
Scale-adaptive OGD (M->inf),37851,1072517.9181324125,1868955808988.2317
Scale-adaptive OGD (M->inf),37901,1072517.4506595707,2845681542961.447
Scale-adaptive OGD (M->inf),37951,1072516.9986404423,2067474600016.0608
Scale-adaptive OGD (M->inf),38001,1072516.586482683,1676411897317.7964
Scale-adaptive OGD (M->inf),38051,1072516.0712798333,4270068589934.558
Scale-adaptive OGD (M->inf),38101,1072515.5741480647,11495634212036.496
Scale-adaptive OGD (M->inf),38151,1072515.295811976,2835751840306.2383
Scale-adaptive OGD (M->inf),38201,1072515.0075392833,1935180299208.6133
Scale-adaptive OGD (M->inf),38251,1072514.6137724777,276119641011.91455
Scale-adaptive OGD (M->inf),38301,1072514.1799747455,5726834326648.073
Scale-adaptive OGD (M->inf),38351,1072513.8544634804,3310857013260.5435
Scale-adaptive OGD (M->inf),38401,1072513.5407755405,4454961986103.594
Scale-adaptive OGD (M->inf),38451,1072513.2731925782,422956519348.34894
Scale-adaptive OGD (M->inf),38501,1072513.0076086805,3185578194671.628
Scale-adaptive OGD (M->inf),38551,1072512.7165526918,469915061653.7932
Scale-adaptive OGD (M->inf),38601,1072512.456768408,2254556291888.781
Scale-adaptive OGD (M->inf),38651,1072512.0561184923,4998482706053.748
Scale-adaptive OGD (M->inf),38701,1072511.7017384253,4454495231473.848
Scale-adaptive OGD (M->inf),38751,1072511.3031583605,873938495253.8657
Scale-adaptive OGD (M->inf),38801,1072510.8516672153,601208611428.5079
Scale-adaptive OGD (M->inf),38851,1072510.3896901263,1186947697980.002
Scale-adaptive OGD (M->inf),38901,1072509.9634229792,4363920395900.4307
Scale-adaptive OGD (M->inf),38951,1072509.4902065094,4965062997108.854
Scale-adaptive OGD (M->inf),39001,1072509.1161040277,4808747380183.691
Scale-adaptive OGD (M->inf),39051,1072508.6936388996,1692003080721.7312
Scale-adaptive OGD (M->inf),39101,1072508.4092780617,1660359855545.108
Scale-adaptive OGD (M->inf),39151,1072508.0385507382,2328401964234.127
Scale-adaptive OGD (M->inf),39201,1072507.6798506007,198028542456.4698
Scale-adaptive OGD (M->inf),39251,1072507.2673713577,3868063670169.39
Scale-adaptive OGD (M->inf),39301,1072506.9104387462,7462932902677.645
Scale-adaptive OGD (M->inf),39351,1072506.555239579,1003840539018.197
Scale-adaptive OGD (M->inf),39401,1072506.1677852534,392437153646.92816
Scale-adaptive OGD (M->inf),39451,1072505.8007741543,41852267383.91011
Scale-adaptive OGD (M->inf),39501,1072505.4237029983,840383406762.5717
Scale-adaptive OGD (M->inf),39551,1072505.0294918402,3147893011190.5913
Scale-adaptive OGD (M->inf),39601,1072504.7166756701,3844175326999.041
Scale-adaptive OGD (M->inf),39651,1072504.4279432823,1628764097443.6267
Scale-adaptive OGD (M->inf),39701,1072504.0702446536,791646484909.1344
Scale-adaptive OGD (M->inf),39751,1072503.6695174559,536480966634.2274
Scale-adaptive OGD (M->inf),39801,1072503.3529241907,661824199834.6704
Scale-adaptive OGD (M->inf),39851,1072502.9608385083,2050639726449.2754
Scale-adaptive OGD (M->inf),39901,1072502.5857123055,10001409412563.111
Scale-adaptive OGD (M->inf),39951,1072502.2122629394,867685236738.0248
Scale-adaptive OGD (M->inf),40001,1072501.81607796,2502580658410.889
Scale-adaptive OGD (M->inf),40051,1072501.3342237168,5624943817769.454
Scale-adaptive OGD (M->inf),40101,1072500.8424578728,5437859142291.331
Scale-adaptive OGD (M->inf),40151,1072500.3430432505,841166615339.2964
Scale-adaptive OGD (M->inf),40201,1072499.8499488987,11214468470183.28
Scale-adaptive OGD (M->inf),40251,1072499.457063067,19844227665.657303
Scale-adaptive OGD (M->inf),40301,1072498.9714649094,1425578591997.4758
Scale-adaptive OGD (M->inf),40351,1072498.4227665442,4363936986565.175
Scale-adaptive OGD (M->inf),40401,1072497.8908634936,4672930734680.56
Scale-adaptive OGD (M->inf),40451,1072497.4797104402,2017052900515.903
Scale-adaptive OGD (M->inf),40501,1072497.0120535258,4953710367262.454
Scale-adaptive OGD (M->inf),40551,1072496.6016557938,214526292654.80203
Scale-adaptive OGD (M->inf),40601,1072496.1412431994,1890301133928.3777
Scale-adaptive OGD (M->inf),40651,1072495.6628999684,4165043321296.153
Scale-adaptive OGD (M->inf),40701,1072495.1785104254,4725049596558.112
Scale-adaptive OGD (M->inf),40751,1072494.6968702073,1122963538308.0532
Scale-adaptive OGD (M->inf),40801,1072494.2800069037,4224281765026.0786
Scale-adaptive OGD (M->inf),40851,1072493.9179245709,3763685459.227465
Scale-adaptive OGD (M->inf),40901,1072493.5612779513,3905044996413.7046
Scale-adaptive OGD (M->inf),40951,1072493.1934005627,50971498.57898951
Scale-adaptive OGD (M->inf),41001,1072492.3732061812,9103672619842.928
Scale-adaptive OGD (M->inf),41051,1072491.6785556355,3005060559853.131
Scale-adaptive OGD (M->inf),41101,1072491.057070907,7653163053931.618
Scale-adaptive OGD (M->inf),41151,1072490.501100353,1159741850704.3147
Scale-adaptive OGD (M->inf),41201,1072490.0196974308,14909949963014.768
Scale-adaptive OGD (M->inf),41251,1072489.5436015388,427120385489.68665
Scale-adaptive OGD (M->inf),41301,1072489.0963520783,5568908058566.594
Scale-adaptive OGD (M->inf),41351,1072488.6788931414,3191781437679.934
Scale-adaptive OGD (M->inf),41401,1072488.2269037648,13349078165223.475
Scale-adaptive OGD (M->inf),41451,1072487.784450834,642110487860.2266
Scale-adaptive OGD (M->inf),41501,1072487.3642288023,11854642271330.346
Scale-adaptive OGD (M->inf),41551,1072486.9052686333,1653798210495.5474
Scale-adaptive OGD (M->inf),41601,1072486.4665839346,2990664469139.7793
Scale-adaptive OGD (M->inf),41651,1072486.0747758944,2095405204250.5652
Scale-adaptive OGD (M->inf),41701,1072485.68340171,4230530674348.0713
Scale-adaptive OGD (M->inf),41751,1072485.3107476183,150440685869.62335
Scale-adaptive OGD (M->inf),41801,1072484.8902438073,7222474303429.077
Scale-adaptive OGD (M->inf),41851,1072484.4714955273,707951329469.111
Scale-adaptive OGD (M->inf),41901,1072484.0436666866,190785695710.60742
Scale-adaptive OGD (M->inf),41951,1072483.61320153,2679607791728.7793
Scale-adaptive OGD (M->inf),42001,1072483.189276938,10233175390546.17
Scale-adaptive OGD (M->inf),42051,1072482.7892086771,40742378191.564865
Scale-adaptive OGD (M->inf),42101,1072482.3575912202,7452444556699.32
Scale-adaptive OGD (M->inf),42151,1072481.9327318515,165128569472.78088
Scale-adaptive OGD (M->inf),42201,1072481.467587203,736828825711.1622
Scale-adaptive OGD (M->inf),42251,1072481.0978771236,1112556255591.7288
Scale-adaptive OGD (M->inf),42301,1072480.773010492,5987647421100.913
Scale-adaptive OGD (M->inf),42351,1072480.3621331062,37049310767.36912
Scale-adaptive OGD (M->inf),42401,1072479.9428909859,6727251722125.378
Scale-adaptive OGD (M->inf),42451,1072479.4004893817,5130228089577.968
Scale-adaptive OGD (M->inf),42501,1072479.0352602652,6217395579.478446
Scale-adaptive OGD (M->inf),42551,1072478.7043323088,3261000062373.408
Scale-adaptive OGD (M->inf),42601,1072478.4004753386,4584924521114.875
Scale-adaptive OGD (M->inf),42651,1072478.1129445017,149201471559.83994
Scale-adaptive OGD (M->inf),42701,1072477.8602965202,877738312048.2357
Scale-adaptive OGD (M->inf),42751,1072477.6075537277,12587639719.057188
Scale-adaptive OGD (M->inf),42801,1072477.3821885912,929880819085.14
Scale-adaptive OGD (M->inf),42851,1072477.1440677121,1452168032220.7422
Scale-adaptive OGD (M->inf),42901,1072476.82133062,2434900493876.4756
Scale-adaptive OGD (M->inf),42951,1072476.4626857946,42313915174.95173
Scale-adaptive OGD (M->inf),43001,1072476.0620350672,1945331720488.4104
Scale-adaptive OGD (M->inf),43051,1072475.7296944177,425568691233.52716
Scale-adaptive OGD (M->inf),43101,1072475.446417674,359985918659.3911
Scale-adaptive OGD (M->inf),43151,1072475.1146511326,1842623036325.8115
Scale-adaptive OGD (M->inf),43201,1072474.8107296305,3705771570270.6626
Scale-adaptive OGD (M->inf),43251,1072474.5017120887,294605249852.9676
Scale-adaptive OGD (M->inf),43301,1072474.1004465518,1023498368636.2153
Scale-adaptive OGD (M->inf),43351,1072473.680463149,184843652059.17743
Scale-adaptive OGD (M->inf),43401,1072473.314103593,1086316769336.6309
Scale-adaptive OGD (M->inf),43451,1072472.8916571403,2103554834608.769
Scale-adaptive OGD (M->inf),43501,1072472.5068405732,5574499276090.591
Scale-adaptive OGD (M->inf),43551,1072472.1092827825,13797831946.883657
Scale-adaptive OGD (M->inf),43601,1072471.7742677599,2479870003012.9204
Scale-adaptive OGD (M->inf),43651,1072471.439222724,801425251444.9071
Scale-adaptive OGD (M->inf),43701,1072471.121714621,9556872962309.23
Scale-adaptive OGD (M->inf),43751,1072470.676450321,2606669320730.616
Scale-adaptive OGD (M->inf),43801,1072470.2521007871,7830226613498.58
Scale-adaptive OGD (M->inf),43851,1072469.7902514762,954937642.1863564
Scale-adaptive OGD (M->inf),43901,1072469.4158404025,1963946977596.4602
Scale-adaptive OGD (M->inf),43951,1072469.0902216204,126697955149.30135
Scale-adaptive OGD (M->inf),44001,1072468.738071218,5680596298125.211
Scale-adaptive OGD (M->inf),44051,1072468.3277103992,2502990027852.045
Scale-adaptive OGD (M->inf),44101,1072467.950187151,7362216806141.481
Scale-adaptive OGD (M->inf),44151,1072467.5678425531,84622719140.98212
Scale-adaptive OGD (M->inf),44201,1072467.242077151,6196891376044.354
Scale-adaptive OGD (M->inf),44251,1072466.9061660357,140847104858.51984
Scale-adaptive OGD (M->inf),44301,1072466.4989311309,257579344517.7272
Scale-adaptive OGD (M->inf),44351,1072466.1003824687,4868529532560.788
Scale-adaptive OGD (M->inf),44401,1072465.760185443,5898581905521.102
Scale-adaptive OGD (M->inf),44451,1072465.373417836,3161199918918.7866
Scale-adaptive OGD (M->inf),44501,1072464.9662295904,6268182290569.132
Scale-adaptive OGD (M->inf),44551,1072464.5628976203,4841842793869.125
Scale-adaptive OGD (M->inf),44601,1072464.3232198653,1028783322985.9879
Scale-adaptive OGD (M->inf),44651,1072464.0300137075,2882641265796.443
Scale-adaptive OGD (M->inf),44701,1072463.688597264,5442487230733.98
Scale-adaptive OGD (M->inf),44751,1072463.3032745828,1347540469696.0156
Scale-adaptive OGD (M->inf),44801,1072463.0427624509,3059802748964.066
Scale-adaptive OGD (M->inf),44851,1072462.758255876,3521457498911.496
Scale-adaptive OGD (M->inf),44901,1072462.5162441756,1751759407172.6736
Scale-adaptive OGD (M->inf),44951,1072462.253072671,1468156223127.044
Scale-adaptive OGD (M->inf),45001,1072461.8661547943,2401964318410.6123
Scale-adaptive OGD (M->inf),45051,1072461.491826174,369395138794.3863
Scale-adaptive OGD (M->inf),45101,1072461.1471250218,872583043894.901
Scale-adaptive OGD (M->inf),45151,1072460.768291815,291758994901.38806
Scale-adaptive OGD (M->inf),45201,1072460.4892778837,3029145178713.321
Scale-adaptive OGD (M->inf),45251,1072460.235678244,2114650250941.5605
Scale-adaptive OGD (M->inf),45301,1072459.9237268514,3211920731114.3887
Scale-adaptive OGD (M->inf),45351,1072459.5515996343,5792391996096.734
Scale-adaptive OGD (M->inf),45401,1072459.2586655053,4770904809561.024
Scale-adaptive OGD (M->inf),45451,1072458.9042784905,2641826850800.1353
Scale-adaptive OGD (M->inf),45501,1072458.6216745449,95168537687.64528
Scale-adaptive OGD (M->inf),45551,1072458.3618385422,723911755394.8314
Scale-adaptive OGD (M->inf),45601,1072458.1105462846,4173475897709.425
Scale-adaptive OGD (M->inf),45651,1072457.841004673,2337981900113.2397
Scale-adaptive OGD (M->inf),45701,1072457.5984274638,782553525817.314
Scale-adaptive OGD (M->inf),45751,1072457.262521744,1092464747415.9688
Scale-adaptive OGD (M->inf),45801,1072456.9668575302,1014854732710.768
Scale-adaptive OGD (M->inf),45851,1072456.7188018642,2038904595464.0798
Scale-adaptive OGD (M->inf),45901,1072456.4164810053,5672810650552.607
Scale-adaptive OGD (M->inf),45951,1072456.0886108077,1926014767280.1033
Scale-adaptive OGD (M->inf),46001,1072455.698971912,5814522298148.276
Scale-adaptive OGD (M->inf),46051,1072455.4138971681,6752010527.273338
Scale-adaptive OGD (M->inf),46101,1072455.1163132403,407147609998.6985
Scale-adaptive OGD (M->inf),46151,1072454.8573937262,1728322495089.4307
Scale-adaptive OGD (M->inf),46201,1072454.573802883,7576215297131.744
Scale-adaptive OGD (M->inf),46251,1072454.3837226743,1064726920965.4407
Scale-adaptive OGD (M->inf),46301,1072454.1772641886,57967720690.86454
Scale-adaptive OGD (M->inf),46351,1072453.9794370178,51358870743.93545
Scale-adaptive OGD (M->inf),46401,1072453.717195521,911947341848.5331
Scale-adaptive OGD (M->inf),46451,1072453.431854067,1609016521606.3296
Scale-adaptive OGD (M->inf),46501,1072453.1407069848,3562505835772.832
Scale-adaptive OGD (M->inf),46551,1072452.8970279996,50482271031.53732
Scale-adaptive OGD (M->inf),46601,1072452.6816104352,384326096496.9901
Scale-adaptive OGD (M->inf),46651,1072452.4668631093,1651471087780.856
Scale-adaptive OGD (M->inf),46701,1072452.2349822,43905671191.255905
Scale-adaptive OGD (M->inf),46751,1072451.9983224487,429892778269.4378
Scale-adaptive OGD (M->inf),46801,1072451.762649671,132177705817.97412
Scale-adaptive OGD (M->inf),46851,1072451.545286437,274023635807.8306
Scale-adaptive OGD (M->inf),46901,1072451.3419172433,148334939573.2887
Scale-adaptive OGD (M->inf),46951,1072451.059197864,352976284948.62573
Scale-adaptive OGD (M->inf),47001,1072450.966710924,245573999513.48914
Scale-adaptive OGD (M->inf),47051,1072450.865226089,486992383266.8392
Scale-adaptive OGD (M->inf),47101,1072450.7450579712,511218683449.1554
Scale-adaptive OGD (M->inf),47151,1072450.4877314197,707092814130.9669
Scale-adaptive OGD (M->inf),47201,1072450.0520028458,7972198261300.987
Scale-adaptive OGD (M->inf),47251,1072449.7126393747,3678839965533.914
Scale-adaptive OGD (M->inf),47301,1072449.5125752923,12140281131.029463
Scale-adaptive OGD (M->inf),47351,1072449.2889735315,466382811.33088404
Scale-adaptive OGD (M->inf),47401,1072449.0538662998,432644321887.67395
Scale-adaptive OGD (M->inf),47451,1072448.7336912816,20200098565.99681
Scale-adaptive OGD (M->inf),47501,1072448.460798141,3841347926687.1997
Scale-adaptive OGD (M->inf),47551,1072448.0085812728,2706786670770.359
Scale-adaptive OGD (M->inf),47601,1072447.463553419,14757710984298.209
Scale-adaptive OGD (M->inf),47651,1072447.257650592,11861415725.837873
Scale-adaptive OGD (M->inf),47701,1072447.1075723716,1139222876690.1143
Scale-adaptive OGD (M->inf),47751,1072446.982337969,4097879046.0984626
Scale-adaptive OGD (M->inf),47801,1072446.608884066,1684835286220.149
Scale-adaptive OGD (M->inf),47851,1072446.2821795687,949130840211.084
Scale-adaptive OGD (M->inf),47901,1072445.8014902913,3813144208265.699
Scale-adaptive OGD (M->inf),47951,1072445.3594030284,3699118551871.7095
Scale-adaptive OGD (M->inf),48001,1072445.0908437045,1349759756158.8127
Scale-adaptive OGD (M->inf),48051,1072444.9118971853,5683095463168.04
Scale-adaptive OGD (M->inf),48101,1072444.7043507649,155348211805.25974
Scale-adaptive OGD (M->inf),48151,1072444.2931436284,5937583333040.735
Scale-adaptive OGD (M->inf),48201,1072444.031800814,5700706528.307374
Scale-adaptive OGD (M->inf),48251,1072443.8736432665,115420148982.12868
Scale-adaptive OGD (M->inf),48301,1072443.7226258777,398611604082.6416
Scale-adaptive OGD (M->inf),48351,1072443.555678038,120550857885.13167
Scale-adaptive OGD (M->inf),48401,1072443.261958214,1442066332939.3005
Scale-adaptive OGD (M->inf),48451,1072442.9465214282,2415619642685.636
Scale-adaptive OGD (M->inf),48501,1072442.6593366603,7285063648161.169
Scale-adaptive OGD (M->inf),48551,1072442.3693081979,2899999313332.097
Scale-adaptive OGD (M->inf),48601,1072442.1841004007,1595532568809.1006
Scale-adaptive OGD (M->inf),48651,1072441.9808375605,1934584768960.7314
Scale-adaptive OGD (M->inf),48701,1072441.7700455303,46799499115.94045
Scale-adaptive OGD (M->inf),48751,1072441.5301922264,318466586625.5427
Scale-adaptive OGD (M->inf),48801,1072441.2006546976,205521091895.96246
Scale-adaptive OGD (M->inf),48851,1072440.948768209,311710340897.80426
Scale-adaptive OGD (M->inf),48901,1072440.7477147651,25619062556.934174
Scale-adaptive OGD (M->inf),48951,1072440.5472385397,4254726091800.076
Scale-adaptive OGD (M->inf),49001,1072440.2447283017,3955928731487.2847
Scale-adaptive OGD (M->inf),49051,1072439.9494348085,163347320869.04938
Scale-adaptive OGD (M->inf),49101,1072439.6766261554,1219858089454.764
Scale-adaptive OGD (M->inf),49151,1072439.4417015542,360680382245.5592
Scale-adaptive OGD (M->inf),49201,1072439.2056263674,154723699104.45178
Scale-adaptive OGD (M->inf),49251,1072438.880178761,221117713734.49072
Scale-adaptive OGD (M->inf),49301,1072438.5789784382,1767734339426.1162
Scale-adaptive OGD (M->inf),49351,1072438.2318559403,40497319764.347855
Scale-adaptive OGD (M->inf),49401,1072437.983862247,3351538337648.714
Scale-adaptive OGD (M->inf),49451,1072437.6045745343,1348257100992.284
Scale-adaptive OGD (M->inf),49501,1072437.3112501418,1248411331267.297
Scale-adaptive OGD (M->inf),49551,1072437.0348718604,2703565126857.357
Scale-adaptive OGD (M->inf),49601,1072436.763533361,1462684796247.4456
Scale-adaptive OGD (M->inf),49651,1072436.3927468143,4063292903244.574
Scale-adaptive OGD (M->inf),49701,1072436.0200531518,2286454708419.7363
Scale-adaptive OGD (M->inf),49751,1072435.8281396832,79132185.44957568
Scale-adaptive OGD (M->inf),49801,1072435.6447028255,19805007060.784847
Scale-adaptive OGD (M->inf),49851,1072435.4971008159,186596675021.2275
Scale-adaptive OGD (M->inf),49901,1072435.2682912934,158354534761.6819
Scale-adaptive OGD (M->inf),49951,1072435.0748238945,86309214316.75523
Scale-adaptive OGD (M->inf),50001,1072434.9380057678,563826916452.0363
Scale-adaptive OGD (M->inf),50051,1072434.6419095169,98335540924.07487
Scale-adaptive OGD (M->inf),50101,1072434.278650076,173585772655.17117
Scale-adaptive OGD (M->inf),50151,1072433.9949981906,311469543936.31134
Scale-adaptive OGD (M->inf),50201,1072433.5085959723,1479045382095.004
Scale-adaptive OGD (M->inf),50251,1072432.8294491193,2229696230415.799
Scale-adaptive OGD (M->inf),50301,1072432.3554465056,6624937859771.6045
Scale-adaptive OGD (M->inf),50351,1072431.9708430776,10271709478455.625
Scale-adaptive OGD (M->inf),50401,1072431.394921791,266349319694.04538
Scale-adaptive OGD (M->inf),50451,1072430.8803424928,310887918804.8911
Scale-adaptive OGD (M->inf),50501,1072430.319074409,5953949994285.551
Scale-adaptive OGD (M->inf),50551,1072430.0205282986,346367667.30141824
Scale-adaptive OGD (M->inf),50601,1072429.7365361515,653282219348.3287
Scale-adaptive OGD (M->inf),50651,1072429.398801848,7803517668109.979
Scale-adaptive OGD (M->inf),50701,1072429.0247039618,5236909662968.218
Scale-adaptive OGD (M->inf),50751,1072428.544892875,7623511279090.546
Scale-adaptive OGD (M->inf),50801,1072428.1122953119,11186517602846.799
Scale-adaptive OGD (M->inf),50851,1072427.8283060326,661759397278.5245
Scale-adaptive OGD (M->inf),50901,1072427.5903330103,2133085028883.6702
Scale-adaptive OGD (M->inf),50951,1072427.2983110324,288139549967.2676
Scale-adaptive OGD (M->inf),51001,1072427.0732185894,162736311583.84998
Scale-adaptive OGD (M->inf),51051,1072426.8740279186,234246769546.51016
Scale-adaptive OGD (M->inf),51101,1072426.6485081082,5564153955.22165
Scale-adaptive OGD (M->inf),51151,1072426.2896363935,532199996867.27124
Scale-adaptive OGD (M->inf),51201,1072425.8921292876,6794922763779.1
Scale-adaptive OGD (M->inf),51251,1072425.564016454,425205246955.65497
Scale-adaptive OGD (M->inf),51301,1072425.227498672,2687940593159.86
Scale-adaptive OGD (M->inf),51351,1072424.9413001528,1489785919190.3892
Scale-adaptive OGD (M->inf),51401,1072424.608848756,57633180603.931786
Scale-adaptive OGD (M->inf),51451,1072424.3807542366,195453556646.94437
Scale-adaptive OGD (M->inf),51501,1072424.0494271836,71358903851.42126
Scale-adaptive OGD (M->inf),51551,1072423.6926673588,749686137998.1316
Scale-adaptive OGD (M->inf),51601,1072423.34463326,290563800014.2871
Scale-adaptive OGD (M->inf),51651,1072422.9959284735,5170850879922.185
Scale-adaptive OGD (M->inf),51701,1072422.5241764104,12791924851901.387
Scale-adaptive OGD (M->inf),51751,1072422.0979558227,459808851381.36035
Scale-adaptive OGD (M->inf),51801,1072421.8345581007,373163245667.01025
Scale-adaptive OGD (M->inf),51851,1072421.5775304732,201817370134.35303
Scale-adaptive OGD (M->inf),51901,1072421.2940006885,133591820537.97745
Scale-adaptive OGD (M->inf),51951,1072420.9196871952,32164035264.87645
Scale-adaptive OGD (M->inf),52001,1072420.560164685,9840236816506.19
Scale-adaptive OGD (M->inf),52051,1072420.175623024,158452042930.09476
Scale-adaptive OGD (M->inf),52101,1072419.6699010918,5227370434358.627
Scale-adaptive OGD (M->inf),52151,1072419.2792420133,30105370126.880974
Scale-adaptive OGD (M->inf),52201,1072418.9336385431,1787162073839.8489
Scale-adaptive OGD (M->inf),52251,1072418.5982699397,1515272473228.226
Scale-adaptive OGD (M->inf),52301,1072418.2530589136,797677938033.7766
Scale-adaptive OGD (M->inf),52351,1072417.9865617503,6712878603.134076
Scale-adaptive OGD (M->inf),52401,1072417.60364783,12284567565.409424
Scale-adaptive OGD (M->inf),52451,1072417.2265688847,7525125826663.032
Scale-adaptive OGD (M->inf),52501,1072416.7440043602,712791173539.5718
Scale-adaptive OGD (M->inf),52551,1072416.2937228808,9114629905372.61
Scale-adaptive OGD (M->inf),52601,1072415.8097430589,7947677354336.154
Scale-adaptive OGD (M->inf),52651,1072415.461518071,1056206107338.7369
Scale-adaptive OGD (M->inf),52701,1072415.0857919166,7644085640.773662
Scale-adaptive OGD (M->inf),52751,1072414.6481942076,1821257027250.1836
Scale-adaptive OGD (M->inf),52801,1072414.2308140714,250920346509.19617
Scale-adaptive OGD (M->inf),52851,1072413.919432066,2731069075767.5596
Scale-adaptive OGD (M->inf),52901,1072413.5321900109,3549345464412.402
Scale-adaptive OGD (M->inf),52951,1072413.1257278954,181287416311.61285
Scale-adaptive OGD (M->inf),53001,1072412.8141948006,5077838388585.032
Scale-adaptive OGD (M->inf),53051,1072412.6093625848,3644477055888.859
Scale-adaptive OGD (M->inf),53101,1072412.32855314,276996460045.4339
Scale-adaptive OGD (M->inf),53151,1072412.0516431683,20633114256.62445
Scale-adaptive OGD (M->inf),53201,1072411.7850611291,1141541230521.9604
Scale-adaptive OGD (M->inf),53251,1072411.4962007927,22777028401.578037
Scale-adaptive OGD (M->inf),53301,1072410.8110416774,799948521560.9785
Scale-adaptive OGD (M->inf),53351,1072410.4241918335,2921971223893.0044
Scale-adaptive OGD (M->inf),53401,1072410.1109287252,455384005083.42773
Scale-adaptive OGD (M->inf),53451,1072409.8075330849,7507755433209.885
Scale-adaptive OGD (M->inf),53501,1072409.4671800935,5646909711918.328
Scale-adaptive OGD (M->inf),53551,1072409.1430307801,7225874187070.461
Scale-adaptive OGD (M->inf),53601,1072408.8848702386,1671865816018.6162
Scale-adaptive OGD (M->inf),53651,1072408.604667469,176104716131.82462
Scale-adaptive OGD (M->inf),53701,1072408.3972294608,479364519468.074
Scale-adaptive OGD (M->inf),53751,1072408.1081588664,255878278589.41974
Scale-adaptive OGD (M->inf),53801,1072407.8219010641,5646235171026.412
Scale-adaptive OGD (M->inf),53851,1072407.4254365133,282210763647.79004
Scale-adaptive OGD (M->inf),53901,1072406.9740302027,6897825869310.834
Scale-adaptive OGD (M->inf),53951,1072406.636459348,515443206998.0422
Scale-adaptive OGD (M->inf),54001,1072406.3252919205,5544428575634.661
Scale-adaptive OGD (M->inf),54051,1072406.0478296909,184232500778.30524
Scale-adaptive OGD (M->inf),54101,1072405.707434364,2148533659667.3672
Scale-adaptive OGD (M->inf),54151,1072405.44106982,1143615608650.3782
Scale-adaptive OGD (M->inf),54201,1072405.0573104217,59005464449.92863
Scale-adaptive OGD (M->inf),54251,1072404.6654213306,11393158515827.39
Scale-adaptive OGD (M->inf),54301,1072404.3253401532,865599624302.842
Scale-adaptive OGD (M->inf),54351,1072404.0196849236,1460407304.331341
Scale-adaptive OGD (M->inf),54401,1072403.6558598215,10282494374766.377
Scale-adaptive OGD (M->inf),54451,1072403.192145519,1165230312805.445
Scale-adaptive OGD (M->inf),54501,1072402.7124092688,240339233024.8246
Scale-adaptive OGD (M->inf),54551,1072402.383287891,9722158147026.217
Scale-adaptive OGD (M->inf),54601,1072402.081966919,544685843360.69574
Scale-adaptive OGD (M->inf),54651,1072401.8713458036,4342778250915.0273
Scale-adaptive OGD (M->inf),54701,1072401.6181785301,62037366119.13577
Scale-adaptive OGD (M->inf),54751,1072401.43294487,316228699511.2442
Scale-adaptive OGD (M->inf),54801,1072401.221845167,188860329509.69675
Scale-adaptive OGD (M->inf),54851,1072401.007305541,11719872350.914373
Scale-adaptive OGD (M->inf),54901,1072400.6742593693,873028192078.4475
Scale-adaptive OGD (M->inf),54951,1072400.4136577928,1772844473226.9834
Scale-adaptive OGD (M->inf),55001,1072400.181670387,2043154567.4127686
Scale-adaptive OGD (M->inf),55051,1072399.9596873622,92748892187.6128
Scale-adaptive OGD (M->inf),55101,1072399.6268876672,30580885927.410843
Scale-adaptive OGD (M->inf),55151,1072399.2818294445,15478298723.266476
Scale-adaptive OGD (M->inf),55201,1072398.8881341298,234049288591.9683
Scale-adaptive OGD (M->inf),55251,1072398.6420402245,3901788136255.284
Scale-adaptive OGD (M->inf),55301,1072398.4052701325,126747684777.93837
Scale-adaptive OGD (M->inf),55351,1072398.183054966,761085053431.6179
Scale-adaptive OGD (M->inf),55401,1072397.9648354254,9401708069.672277
Scale-adaptive OGD (M->inf),55451,1072397.7191246764,1266751387724.9468
Scale-adaptive OGD (M->inf),55501,1072397.359024588,1066505449591.3954
Scale-adaptive OGD (M->inf),55551,1072396.9767542358,6757983971268.965
Scale-adaptive OGD (M->inf),55601,1072396.5360631177,1003563385670.0387
Scale-adaptive OGD (M->inf),55651,1072396.2217494843,2291080094635.4375
Scale-adaptive OGD (M->inf),55701,1072395.8470651004,310704483995.9048
Scale-adaptive OGD (M->inf),55751,1072395.5970552734,2879760545435.5034
Scale-adaptive OGD (M->inf),55801,1072395.3832108437,225255508841.1723
Scale-adaptive OGD (M->inf),55851,1072395.1139542588,6850566075315.079
Scale-adaptive OGD (M->inf),55901,1072394.9167747772,4877084881958.473
Scale-adaptive OGD (M->inf),55951,1072394.6712524714,566162222676.8744
Scale-adaptive OGD (M->inf),56001,1072394.3820104431,553842927676.0944
Scale-adaptive OGD (M->inf),56051,1072394.1005617615,141676829036.1544
Scale-adaptive OGD (M->inf),56101,1072393.7678433019,171305762937.66342
Scale-adaptive OGD (M->inf),56151,1072393.3942142525,7008512938813.114
Scale-adaptive OGD (M->inf),56201,1072393.0378453596,2724178276727.274
Scale-adaptive OGD (M->inf),56251,1072392.7349314385,2414303724877.097
Scale-adaptive OGD (M->inf),56301,1072392.3700411837,268724895273.5337
Scale-adaptive OGD (M->inf),56351,1072392.0207698168,49577579435.67416
Scale-adaptive OGD (M->inf),56401,1072391.6843076472,89766388629.87555
Scale-adaptive OGD (M->inf),56451,1072391.3666327691,8879172410242.701
Scale-adaptive OGD (M->inf),56501,1072391.1158752558,434746264793.82654
Scale-adaptive OGD (M->inf),56551,1072390.7740625392,791901354162.7832
Scale-adaptive OGD (M->inf),56601,1072390.3575091287,4018634560014.6553
Scale-adaptive OGD (M->inf),56651,1072389.812613043,2811184193238.961
Scale-adaptive OGD (M->inf),56701,1072389.3876753394,1948179934082.2236
Scale-adaptive OGD (M->inf),56751,1072388.997506782,2146213394092.2288
Scale-adaptive OGD (M->inf),56801,1072388.5018133584,21420991848108.523
Scale-adaptive OGD (M->inf),56851,1072388.2068106125,182979213163.41452
Scale-adaptive OGD (M->inf),56901,1072387.7934767853,15778223643722.531
Scale-adaptive OGD (M->inf),56951,1072387.3434734952,2956621793859.7134
Scale-adaptive OGD (M->inf),57001,1072387.0407908051,4122038895576.4805
Scale-adaptive OGD (M->inf),57051,1072386.7879793902,995800543833.0911
Scale-adaptive OGD (M->inf),57101,1072386.5498166187,4090499438408.4517
Scale-adaptive OGD (M->inf),57151,1072386.335533532,377066545062.5812
Scale-adaptive OGD (M->inf),57201,1072386.070033064,4836419368145.228
Scale-adaptive OGD (M->inf),57251,1072385.8448031072,672263233447.9948
Scale-adaptive OGD (M->inf),57301,1072385.6188029482,1118843098126.585
Scale-adaptive OGD (M->inf),57351,1072385.3783749999,3904408687174.0195
Scale-adaptive OGD (M->inf),57401,1072385.0982716868,6476173725714.932
Scale-adaptive OGD (M->inf),57451,1072384.8462383596,48010286427.0308
Scale-adaptive OGD (M->inf),57501,1072384.5991217492,1437574786165.803
Scale-adaptive OGD (M->inf),57551,1072384.43363255,142397629388.25854
Scale-adaptive OGD (M->inf),57601,1072384.202882968,235092994.692912
Scale-adaptive OGD (M->inf),57651,1072383.953796021,1348874607791.8455
Scale-adaptive OGD (M->inf),57701,1072383.6843726987,616986739798.1132
Scale-adaptive OGD (M->inf),57751,1072383.4868231923,8776605167.7753
Scale-adaptive OGD (M->inf),57801,1072383.2897243698,947531235057.831
Scale-adaptive OGD (M->inf),57851,1072383.0230001707,183561501051.57544
Scale-adaptive OGD (M->inf),57901,1072382.7990175164,416103399419.3202
Scale-adaptive OGD (M->inf),57951,1072382.5449775183,2257091036975.836
Scale-adaptive OGD (M->inf),58001,1072382.3423864848,79895263175.32997
Scale-adaptive OGD (M->inf),58051,1072382.1425257253,104843076495.47961
Scale-adaptive OGD (M->inf),58101,1072381.9302530128,3247645125882.708
Scale-adaptive OGD (M->inf),58151,1072381.678975318,20871490449.47004
Scale-adaptive OGD (M->inf),58201,1072381.4410183122,1327502014275.11
Scale-adaptive OGD (M->inf),58251,1072381.1878570283,6732446097047.247
Scale-adaptive OGD (M->inf),58301,1072380.91438108,1960964319117.0208
Scale-adaptive OGD (M->inf),58351,1072380.6758112859,1186138880972.2922
Scale-adaptive OGD (M->inf),58401,1072380.415467359,510076200903.9089
Scale-adaptive OGD (M->inf),58451,1072380.1381162026,21960015838.20217
Scale-adaptive OGD (M->inf),58501,1072379.9169814826,2272466759762.5903
Scale-adaptive OGD (M->inf),58551,1072379.6770157802,5214572554284.767
Scale-adaptive OGD (M->inf),58601,1072379.4281931173,234481534828.72833
Scale-adaptive OGD (M->inf),58651,1072379.1479535245,3160291136272.0464
Scale-adaptive OGD (M->inf),58701,1072378.8529814407,1930167779738.4531
Scale-adaptive OGD (M->inf),58751,1072378.5306416373,2003989737403.5828
Scale-adaptive OGD (M->inf),58801,1072378.107630934,302307716146.86914
Scale-adaptive OGD (M->inf),58851,1072377.4720251784,4985796071982.152
Scale-adaptive OGD (M->inf),58901,1072377.096327427,541773055143.7399
Scale-adaptive OGD (M->inf),58951,1072376.6555429804,14313897215015.67
Scale-adaptive OGD (M->inf),59001,1072376.3033045041,1695340021348.175
Scale-adaptive OGD (M->inf),59051,1072375.9370009415,2808383640441.0977
Scale-adaptive OGD (M->inf),59101,1072375.6071443309,149301597602.0842
Scale-adaptive OGD (M->inf),59151,1072375.2602455283,4099263519492.685
Scale-adaptive OGD (M->inf),59201,1072374.8013251596,16552352889.20229
Scale-adaptive OGD (M->inf),59251,1072374.5000067593,11415382931292.916
Scale-adaptive OGD (M->inf),59301,1072374.20875514,33507669501.810192
Scale-adaptive OGD (M->inf),59351,1072373.9301712757,3501194972327.497
Scale-adaptive OGD (M->inf),59401,1072373.6263499572,4742674258117.983
Scale-adaptive OGD (M->inf),59451,1072373.3085052886,2075441083690.4111
Scale-adaptive OGD (M->inf),59501,1072372.9666477097,1855489507433.2551
Scale-adaptive OGD (M->inf),59551,1072372.65111739,6575858401457.471
Scale-adaptive OGD (M->inf),59601,1072372.3924232812,1009705614211.6321
Scale-adaptive OGD (M->inf),59651,1072372.1876396863,2805680653993.06
Scale-adaptive OGD (M->inf),59701,1072371.95709998,5619600836.517603
Scale-adaptive OGD (M->inf),59751,1072371.715668539,3493661165114.1436
Scale-adaptive OGD (M->inf),59801,1072371.4324359354,5055526407212.358
Scale-adaptive OGD (M->inf),59851,1072371.100671582,2449772238668.148
Scale-adaptive OGD (M->inf),59901,1072370.8380852398,1399973426472.5515
Scale-adaptive OGD (M->inf),59951,1072370.5784530244,2687848933614.0967
Scale-adaptive OGD (M->inf),60001,1072370.3411828487,183761432149.3778
Scale-adaptive OGD (M->inf),60051,1072370.0938944563,3318425710942.63
Scale-adaptive OGD (M->inf),60101,1072369.648614578,10190345685525.314
Scale-adaptive OGD (M->inf),60151,1072369.238870422,1149935467302.7114
Scale-adaptive OGD (M->inf),60201,1072368.8555472011,1546932085573.4773
Scale-adaptive OGD (M->inf),60251,1072368.510986924,1369868732524.4873
Scale-adaptive OGD (M->inf),60301,1072368.098954567,23883991129252.44
Scale-adaptive OGD (M->inf),60351,1072367.6761702232,2436936031662.478
Scale-adaptive OGD (M->inf),60401,1072367.2084410863,14836350459280.658
Scale-adaptive OGD (M->inf),60451,1072366.8487791664,18228837208.587246
Scale-adaptive OGD (M->inf),60501,1072366.4520439527,3708063862859.4634
Scale-adaptive OGD (M->inf),60551,1072366.1396310213,345035851133.8461
Scale-adaptive OGD (M->inf),60601,1072365.787335773,38297591203684.22
Scale-adaptive OGD (M->inf),60651,1072365.065420274,830297227221.2336
Scale-adaptive OGD (M->inf),60701,1072364.6103774405,4631761176780.861
Scale-adaptive OGD (M->inf),60751,1072364.355721225,58286678147.34609
Scale-adaptive OGD (M->inf),60801,1072364.1146424194,89140511051.96767
Scale-adaptive OGD (M->inf),60851,1072363.8894502702,5951992954952.903
Scale-adaptive OGD (M->inf),60901,1072363.6329319377,20957647684987.258
Scale-adaptive OGD (M->inf),60951,1072363.1451123133,6543658456545.342
Scale-adaptive OGD (M->inf),61001,1072362.7779493134,9850224389511.055
Scale-adaptive OGD (M->inf),61051,1072362.4514209072,1252165335238.972
Scale-adaptive OGD (M->inf),61101,1072361.8686856704,3445358366231.5835
Scale-adaptive OGD (M->inf),61151,1072361.5169166399,4153588659599.115
Scale-adaptive OGD (M->inf),61201,1072361.160240465,18341493733943.95
Scale-adaptive OGD (M->inf),61251,1072360.7871776111,1628155460610.9377
Scale-adaptive OGD (M->inf),61301,1072360.4704786148,4741347701515.339
Scale-adaptive OGD (M->inf),61351,1072360.200272972,4540454066.766781
Scale-adaptive OGD (M->inf),61401,1072359.9382902924,481920729626.0008
Scale-adaptive OGD (M->inf),61451,1072359.597942253,1458340687096.6357
Scale-adaptive OGD (M->inf),61501,1072359.2718946685,11645781677168.547
Scale-adaptive OGD (M->inf),61551,1072358.8266708062,2387148387705.259
Scale-adaptive OGD (M->inf),61601,1072358.485026446,3736319256006.695
Scale-adaptive OGD (M->inf),61651,1072358.08032404,121017644777.82318
Scale-adaptive OGD (M->inf),61701,1072357.7119697456,275039818.5542883
Scale-adaptive OGD (M->inf),61751,1072357.4351781681,1885807615300.273
Scale-adaptive OGD (M->inf),61801,1072357.0626929316,11479329695916.453
Scale-adaptive OGD (M->inf),61851,1072356.7882951403,5107976859989.172
Scale-adaptive OGD (M->inf),61901,1072356.5067150856,4787359596880.508
Scale-adaptive OGD (M->inf),61951,1072356.238010089,249102974982.82147
Scale-adaptive OGD (M->inf),62001,1072355.97172331,523312076587.86426
Scale-adaptive OGD (M->inf),62051,1072355.6521247798,1372391219431.5178
Scale-adaptive OGD (M->inf),62101,1072355.4050622114,2606083928629.8677
Scale-adaptive OGD (M->inf),62151,1072355.1999334008,4596325811974.824
Scale-adaptive OGD (M->inf),62201,1072354.9793981283,3841335143024.1514
Scale-adaptive OGD (M->inf),62251,1072354.7429169442,1465688593077.7905
Scale-adaptive OGD (M->inf),62301,1072354.4503087169,808670849762.717
Scale-adaptive OGD (M->inf),62351,1072354.1688813674,2160505350589.2458
Scale-adaptive OGD (M->inf),62401,1072353.9242401428,2383909470400.0376
Scale-adaptive OGD (M->inf),62451,1072353.7061650553,1575216982688.631
Scale-adaptive OGD (M->inf),62501,1072353.383865887,3409020703295.5005
Scale-adaptive OGD (M->inf),62551,1072352.8973994358,738002902000.9669
Scale-adaptive OGD (M->inf),62601,1072352.5753415762,34714616720.83665
Scale-adaptive OGD (M->inf),62651,1072352.2584666302,1476901975993.9075
Scale-adaptive OGD (M->inf),62701,1072351.851043856,24525981720130.074
Scale-adaptive OGD (M->inf),62751,1072351.4318159858,1689339346458.0286
Scale-adaptive OGD (M->inf),62801,1072351.0088187768,459172720521.65643
Scale-adaptive OGD (M->inf),62851,1072350.6358973717,2077597015655.8303
Scale-adaptive OGD (M->inf),62901,1072350.1815537775,887781441261.6462
Scale-adaptive OGD (M->inf),62951,1072349.8033372608,1216561416332.0564
Scale-adaptive OGD (M->inf),63001,1072349.3624015024,20016993812768.63
Scale-adaptive OGD (M->inf),63051,1072349.040581546,1830744030044.1116
Scale-adaptive OGD (M->inf),63101,1072348.7816212974,88688349310.1589
Scale-adaptive OGD (M->inf),63151,1072348.5119872396,1658461877316.936
Scale-adaptive OGD (M->inf),63201,1072348.2170765286,144413727686.97382
Scale-adaptive OGD (M->inf),63251,1072347.903846034,1868108329535.7637
Scale-adaptive OGD (M->inf),63301,1072347.396817305,43445746575109.68
Scale-adaptive OGD (M->inf),63351,1072346.725705967,2525251242525.646
Scale-adaptive OGD (M->inf),63401,1072346.3007357342,3214509121260.242
Scale-adaptive OGD (M->inf),63451,1072345.9671973626,751044668951.9182
Scale-adaptive OGD (M->inf),63501,1072345.7072645829,354095759.78136295
Scale-adaptive OGD (M->inf),63551,1072345.417475443,1565509618098.7021
Scale-adaptive OGD (M->inf),63601,1072345.1076191103,14544643666269.012
Scale-adaptive OGD (M->inf),63651,1072344.8560001308,4563014360679.134
Scale-adaptive OGD (M->inf),63701,1072344.5681381386,1102445733850.0034
Scale-adaptive OGD (M->inf),63751,1072344.068676722,2734343647856.7993
Scale-adaptive OGD (M->inf),63801,1072343.7171039889,69242218993.6379
Scale-adaptive OGD (M->inf),63851,1072343.4073076795,141540630134.8842
Scale-adaptive OGD (M->inf),63901,1072343.0238538873,17040253803397.945
Scale-adaptive OGD (M->inf),63951,1072342.6669535774,4380613011966.7007
Scale-adaptive OGD (M->inf),64001,1072342.2829997726,2538028809752.8584
Scale-adaptive OGD (M->inf),64051,1072341.9351828513,4125298967825.0225
Scale-adaptive OGD (M->inf),64101,1072341.628859957,100252396393.71732
Scale-adaptive OGD (M->inf),64151,1072341.3288270622,1099799253939.9163
Scale-adaptive OGD (M->inf),64201,1072340.9308796977,40753931695731.82
Scale-adaptive OGD (M->inf),64251,1072340.4530426436,6168130635370.243
Scale-adaptive OGD (M->inf),64301,1072339.8898885555,4497483999557.526
Scale-adaptive OGD (M->inf),64351,1072339.250705481,3609304316934.097
Scale-adaptive OGD (M->inf),64401,1072338.6960524318,17041030386.456234
Scale-adaptive OGD (M->inf),64451,1072338.2623317023,1917853296521.733
Scale-adaptive OGD (M->inf),64501,1072337.8023249146,63124897129732.195
Scale-adaptive OGD (M->inf),64551,1072337.6362493753,1570456151335.5737
Scale-adaptive OGD (M->inf),64601,1072337.588617412,24880412899.758873
Scale-adaptive OGD (M->inf),64651,1072337.5065407606,1396807374173.4043
Scale-adaptive OGD (M->inf),64701,1072337.3869367382,2463321080051.791
Scale-adaptive OGD (M->inf),64751,1072337.2841724947,326994614904.4147
Scale-adaptive OGD (M->inf),64801,1072337.0453399492,190308369763.86182
Scale-adaptive OGD (M->inf),64851,1072336.5519586012,11548063107843.371
Scale-adaptive OGD (M->inf),64901,1072336.1951663967,25729091256201.527
Scale-adaptive OGD (M->inf),64951,1072335.655432625,6522234482275.589
Scale-adaptive OGD (M->inf),65001,1072335.431768183,1883253885097.778
Scale-adaptive OGD (M->inf),65051,1072335.222166113,5659946975064.488
Scale-adaptive OGD (M->inf),65101,1072335.1063289496,2227853464995.9414
Scale-adaptive OGD (M->inf),65151,1072334.8940507872,1352959484891.1318
Scale-adaptive OGD (M->inf),65201,1072334.6163969212,719589962171.5366
Scale-adaptive OGD (M->inf),65251,1072334.359005131,782559975125.9473
Scale-adaptive OGD (M->inf),65301,1072334.217137844,3850746977383.8726
Scale-adaptive OGD (M->inf),65351,1072334.031942856,54817071.45182345
Scale-adaptive OGD (M->inf),65401,1072333.8514943114,55728713471.00428
Scale-adaptive OGD (M->inf),65451,1072333.6537597207,479332076457.0518
Scale-adaptive OGD (M->inf),65501,1072333.4425632367,3484001842918.4175
Scale-adaptive OGD (M->inf),65551,1072333.2084707415,541954424973.06616
Scale-adaptive OGD (M->inf),65601,1072332.9927928392,600249624011.8064
Scale-adaptive OGD (M->inf),65651,1072332.7159168487,640682325116.3318
Scale-adaptive OGD (M->inf),65701,1072332.4818697863,4739807937013.421
Scale-adaptive OGD (M->inf),65751,1072332.2475380737,2537320620542.2163
Scale-adaptive OGD (M->inf),65801,1072332.0050291978,87383381733.66307
Scale-adaptive OGD (M->inf),65851,1072331.751431892,23326864377.47476
Scale-adaptive OGD (M->inf),65901,1072331.4459871973,5990863829174.2295
Scale-adaptive OGD (M->inf),65951,1072331.2105820293,374112760833.8234
Scale-adaptive OGD (M->inf),66001,1072330.954439689,59462530049.748886
Scale-adaptive OGD (M->inf),66051,1072330.7070886593,7573045459.986516
Scale-adaptive OGD (M->inf),66101,1072330.3506294652,9217822148917.078
Scale-adaptive OGD (M->inf),66151,1072330.053037983,1186824657808.8923
Scale-adaptive OGD (M->inf),66201,1072329.7841185343,58533190271.9512
Scale-adaptive OGD (M->inf),66251,1072329.4860139284,190679547586.37085
Scale-adaptive OGD (M->inf),66301,1072329.216497002,1821263333295.4453
Scale-adaptive OGD (M->inf),66351,1072328.9530834067,3161728885320.486
Scale-adaptive OGD (M->inf),66401,1072328.7351945387,3767218257.1376734
Scale-adaptive OGD (M->inf),66451,1072328.404239512,1400071123688.0503
Scale-adaptive OGD (M->inf),66501,1072328.173097905,2405837296340.1787
Scale-adaptive OGD (M->inf),66551,1072327.966484326,2072059507504.0635
Scale-adaptive OGD (M->inf),66601,1072327.679736199,1576183727.6076822
Scale-adaptive OGD (M->inf),66651,1072327.5070473407,33787222941.18921
Scale-adaptive OGD (M->inf),66701,1072327.3482380756,917310819035.5227
Scale-adaptive OGD (M->inf),66751,1072327.2159459742,592362297707.1
Scale-adaptive OGD (M->inf),66801,1072327.0512329,250747647943.74225
Scale-adaptive OGD (M->inf),66851,1072326.9261665142,7160165824.066863
Scale-adaptive OGD (M->inf),66901,1072326.7861036859,326849418863.68945
Scale-adaptive OGD (M->inf),66951,1072326.4810107262,2712967770.8110924
Scale-adaptive OGD (M->inf),67001,1072326.1962591903,23822928997.44908
Scale-adaptive OGD (M->inf),67051,1072325.9822811252,98881279.73141977
Scale-adaptive OGD (M->inf),67101,1072325.7678716122,365807636220.0499
Scale-adaptive OGD (M->inf),67151,1072325.552227601,338981399.99006516
Scale-adaptive OGD (M->inf),67201,1072325.2223349712,591793483726.497
Scale-adaptive OGD (M->inf),67251,1072324.8839690543,274434225965.8062
Scale-adaptive OGD (M->inf),67301,1072324.521459438,3843359208241.807
Scale-adaptive OGD (M->inf),67351,1072324.3069494513,65215729671.39326
Scale-adaptive OGD (M->inf),67401,1072324.0165780853,597676880631.6844
Scale-adaptive OGD (M->inf),67451,1072323.7138176525,219416344.63134253
Scale-adaptive OGD (M->inf),67501,1072323.4866097022,1636263568451.7622
Scale-adaptive OGD (M->inf),67551,1072323.1715084473,831804075430.8752
Scale-adaptive OGD (M->inf),67601,1072322.9820851402,1698649490156.6873
Scale-adaptive OGD (M->inf),67651,1072322.7235827472,945421697664.7483
Scale-adaptive OGD (M->inf),67701,1072322.455447797,1855404380416.0842
Scale-adaptive OGD (M->inf),67751,1072322.1913417384,2194282584311.518
Scale-adaptive OGD (M->inf),67801,1072321.8835253033,173778026608.85803
Scale-adaptive OGD (M->inf),67851,1072321.7029186108,762769494634.4911
Scale-adaptive OGD (M->inf),67901,1072321.5194676907,1212444600021.3953
Scale-adaptive OGD (M->inf),67951,1072321.3234435734,228553500719.06372
Scale-adaptive OGD (M->inf),68001,1072321.118180287,1458115751226.1458
Scale-adaptive OGD (M->inf),68051,1072320.9074120698,312425761322.6683
Scale-adaptive OGD (M->inf),68101,1072320.7608847755,1129138821067.9998
Scale-adaptive OGD (M->inf),68151,1072320.5190155087,14604291537.507122
Scale-adaptive OGD (M->inf),68201,1072320.2401205616,533036799613.3921
Scale-adaptive OGD (M->inf),68251,1072319.9525296541,69115583452.61855
Scale-adaptive OGD (M->inf),68301,1072319.684646171,1845175887785.4995
Scale-adaptive OGD (M->inf),68351,1072319.476278035,232116938910.43225
Scale-adaptive OGD (M->inf),68401,1072319.1280279416,1281978761616.0942
Scale-adaptive OGD (M->inf),68451,1072318.9420192728,222724393735.61887
Scale-adaptive OGD (M->inf),68501,1072318.719674188,793661189369.4506
Scale-adaptive OGD (M->inf),68551,1072318.2553788507,487298129314.2831
Scale-adaptive OGD (M->inf),68601,1072318.0040230155,2152781314987.7842
Scale-adaptive OGD (M->inf),68651,1072317.8141220512,659499668386.8989
Scale-adaptive OGD (M->inf),68701,1072317.7031815925,366825153047.83936
Scale-adaptive OGD (M->inf),68751,1072317.5877101915,342500803725.3788
Scale-adaptive OGD (M->inf),68801,1072317.3051964233,1881422558924.8674
Scale-adaptive OGD (M->inf),68851,1072317.162919548,367924287930.23694
Scale-adaptive OGD (M->inf),68901,1072316.9477140012,46584098800.07021
Scale-adaptive OGD (M->inf),68951,1072316.6665739114,674461749073.8821
Scale-adaptive OGD (M->inf),69001,1072316.3204439543,1234019858488.5845
Scale-adaptive OGD (M->inf),69051,1072316.0802520881,727996303751.3121
Scale-adaptive OGD (M->inf),69101,1072315.833465695,209556525957.06107
Scale-adaptive OGD (M->inf),69151,1072315.6630730093,2820154219843.7837
Scale-adaptive OGD (M->inf),69201,1072315.4645782767,693329543568.2494
Scale-adaptive OGD (M->inf),69251,1072315.26427992,1062578947609.5186
Scale-adaptive OGD (M->inf),69301,1072315.0298091485,2090367665753.8142
Scale-adaptive OGD (M->inf),69351,1072314.785653651,217947835678.74887
Scale-adaptive OGD (M->inf),69401,1072314.548329219,1891455419201.382
Scale-adaptive OGD (M->inf),69451,1072314.2420088656,4002953673904.159
Scale-adaptive OGD (M->inf),69501,1072313.9680885295,76852820862.43867
Scale-adaptive OGD (M->inf),69551,1072313.6416078007,636575996278.0114
Scale-adaptive OGD (M->inf),69601,1072313.2901465518,2678242827588.6885
Scale-adaptive OGD (M->inf),69651,1072313.154160668,220441088907.43808
Scale-adaptive OGD (M->inf),69701,1072312.9695011564,2916472831143.158
Scale-adaptive OGD (M->inf),69751,1072312.7927662274,52008537763.184685
Scale-adaptive OGD (M->inf),69801,1072312.577471003,4218501320045.8804
Scale-adaptive OGD (M->inf),69851,1072312.2952190314,4079957083386.8213
Scale-adaptive OGD (M->inf),69901,1072311.884576791,1599772221517.5852
Scale-adaptive OGD (M->inf),69951,1072311.5779936013,3050526429391.474
Scale-adaptive OGD (M->inf),70001,1072311.3427764664,2452855226530.6924
Scale-adaptive OGD (M->inf),70051,1072311.0594274295,1861426221836.6545
Scale-adaptive OGD (M->inf),70101,1072310.8952910844,848424674534.207
Scale-adaptive OGD (M->inf),70151,1072310.7374792446,90640804285.6837
Scale-adaptive OGD (M->inf),70201,1072310.4593455766,4505589434165.922
Scale-adaptive OGD (M->inf),70251,1072310.1683369891,545854824785.14954
Scale-adaptive OGD (M->inf),70301,1072309.9000832255,938269935744.9404
Scale-adaptive OGD (M->inf),70351,1072309.6491300857,5947744913070.384
Scale-adaptive OGD (M->inf),70401,1072309.4684413713,684621168979.2103
Scale-adaptive OGD (M->inf),70451,1072309.2788050128,1802270099772.9814
Scale-adaptive OGD (M->inf),70501,1072309.0489413585,1741341699001.0303
Scale-adaptive OGD (M->inf),70551,1072308.873655012,848073145169.8746
Scale-adaptive OGD (M->inf),70601,1072308.736148941,619078638932.4453
Scale-adaptive OGD (M->inf),70651,1072308.5768154105,42546416757.302124
Scale-adaptive OGD (M->inf),70701,1072308.3454316147,4883058218590.582
Scale-adaptive OGD (M->inf),70751,1072308.1315978996,5528576607240.532
Scale-adaptive OGD (M->inf),70801,1072307.909844525,1314370087636.6707
Scale-adaptive OGD (M->inf),70851,1072307.6447891262,807504681094.5062
Scale-adaptive OGD (M->inf),70901,1072307.424099828,6220956817179.886
Scale-adaptive OGD (M->inf),70951,1072307.1957515688,585601623919.1235
Scale-adaptive OGD (M->inf),71001,1072307.026165224,1394745633984.811
Scale-adaptive OGD (M->inf),71051,1072306.86955535,2198074673926.7634
Scale-adaptive OGD (M->inf),71101,1072306.625991988,7791458029987.835
Scale-adaptive OGD (M->inf),71151,1072306.4269648283,3810179554488.6113
Scale-adaptive OGD (M->inf),71201,1072306.2285768734,519502312822.2618
Scale-adaptive OGD (M->inf),71251,1072306.001761263,4804494518274.851
Scale-adaptive OGD (M->inf),71301,1072305.6967841845,14403834384412.207
Scale-adaptive OGD (M->inf),71351,1072305.1678475766,15811033045264.45
Scale-adaptive OGD (M->inf),71401,1072304.8458384895,5459953302450.596
Scale-adaptive OGD (M->inf),71451,1072304.482142533,7738013765092.837
Scale-adaptive OGD (M->inf),71501,1072304.04750299,8377508100273.318
Scale-adaptive OGD (M->inf),71551,1072303.7864490538,5660060383751.59
Scale-adaptive OGD (M->inf),71601,1072303.5742832872,3849359707963.0225
Scale-adaptive OGD (M->inf),71651,1072303.3870678665,5061113064312.86
Scale-adaptive OGD (M->inf),71701,1072303.1247236344,3296966495010.4634
Scale-adaptive OGD (M->inf),71751,1072302.6828061696,4595911649558.385
Scale-adaptive OGD (M->inf),71801,1072302.3455060709,3375397858418.8438
Scale-adaptive OGD (M->inf),71851,1072302.081335458,2593606874160.611
Scale-adaptive OGD (M->inf),71901,1072301.8471003938,4818455880306.609
Scale-adaptive OGD (M->inf),71951,1072301.592110466,2296671191173.3745
Scale-adaptive OGD (M->inf),72001,1072301.3837283677,2764765181369.3433
Scale-adaptive OGD (M->inf),72051,1072301.073459199,1513601099991.795
Scale-adaptive OGD (M->inf),72101,1072300.6305357798,2194364832951.3372
Scale-adaptive OGD (M->inf),72151,1072300.237910353,3350911957673.581
Scale-adaptive OGD (M->inf),72201,1072299.8777332914,5873909644596.091
Scale-adaptive OGD (M->inf),72251,1072299.48390997,3409521070312.5654
Scale-adaptive OGD (M->inf),72301,1072299.2212420332,4118926763385.622
Scale-adaptive OGD (M->inf),72351,1072299.0325404229,2838001586913.907
Scale-adaptive OGD (M->inf),72401,1072298.8195813945,5558465404153.597
Scale-adaptive OGD (M->inf),72451,1072298.4972494652,5263003383622.785
Scale-adaptive OGD (M->inf),72501,1072298.1617537444,1947000229370.3943
Scale-adaptive OGD (M->inf),72551,1072297.930720185,6023840961899.929
Scale-adaptive OGD (M->inf),72601,1072297.6872827986,4039599246650.5996
Scale-adaptive OGD (M->inf),72651,1072297.436185437,3226438938666.9795
Scale-adaptive OGD (M->inf),72701,1072297.2610162108,242170233888.71127
Scale-adaptive OGD (M->inf),72751,1072296.9992427235,6736995872145.992
Scale-adaptive OGD (M->inf),72801,1072296.632551287,415810603532.6677
Scale-adaptive OGD (M->inf),72851,1072296.3509440667,1926515509374.787
Scale-adaptive OGD (M->inf),72901,1072296.1548070174,903816766435.5886
Scale-adaptive OGD (M->inf),72951,1072296.0095812269,107746698974.54219
Scale-adaptive OGD (M->inf),73001,1072295.866179887,417678905624.12006
Scale-adaptive OGD (M->inf),73051,1072295.6706129026,893603447987.7708
Scale-adaptive OGD (M->inf),73101,1072295.4776941347,265054972550.6626
Scale-adaptive OGD (M->inf),73151,1072295.3135862716,1142899980145.232
Scale-adaptive OGD (M->inf),73201,1072295.127152404,563747313360.052
Scale-adaptive OGD (M->inf),73251,1072294.928569135,6975097628318.194
Scale-adaptive OGD (M->inf),73301,1072294.7712183993,731013847742.069
Scale-adaptive OGD (M->inf),73351,1072294.6279656948,2300367237361.685
Scale-adaptive OGD (M->inf),73401,1072294.4279246738,6783040620620.644
Scale-adaptive OGD (M->inf),73451,1072294.243241558,4097354652215.0703
Scale-adaptive OGD (M->inf),73501,1072294.1346345108,117891709055.8415
Scale-adaptive OGD (M->inf),73551,1072294.0080992696,869358384.8045458
Scale-adaptive OGD (M->inf),73601,1072293.9116002829,27811308610.185566
Scale-adaptive OGD (M->inf),73651,1072293.8017667711,71075488685.25543
Scale-adaptive OGD (M->inf),73701,1072293.6773668919,144406382306.03653
Scale-adaptive OGD (M->inf),73751,1072293.5061545356,207152832624.9683
Scale-adaptive OGD (M->inf),73801,1072293.3609717109,530655119721.6347
Scale-adaptive OGD (M->inf),73851,1072293.2237410087,334944702916.53564
Scale-adaptive OGD (M->inf),73901,1072293.0606840337,3544870889702.219
Scale-adaptive OGD (M->inf),73951,1072292.946654983,2072900823858.294
Scale-adaptive OGD (M->inf),74001,1072292.831184774,2415812673323.181
Scale-adaptive OGD (M->inf),74051,1072292.6924555087,2068832720960.8425
Scale-adaptive OGD (M->inf),74101,1072292.5330132253,5148791476674.387
Scale-adaptive OGD (M->inf),74151,1072292.316068677,4249933854327.258
Scale-adaptive OGD (M->inf),74201,1072292.0620257012,5111442426689.17
Scale-adaptive OGD (M->inf),74251,1072291.867997259,3820181720261.603
Scale-adaptive OGD (M->inf),74301,1072291.7300127938,2506032948300.767
Scale-adaptive OGD (M->inf),74351,1072291.5664322504,4413969755572.634
Scale-adaptive OGD (M->inf),74401,1072291.4536883568,4564510395310.052
Scale-adaptive OGD (M->inf),74451,1072291.3304315445,2441322083347.5874
Scale-adaptive OGD (M->inf),74501,1072291.188737544,1703912957529.04
Scale-adaptive OGD (M->inf),74551,1072291.0356759415,3476817717197.213
Scale-adaptive OGD (M->inf),74601,1072290.8763392048,2359655948358.575
Scale-adaptive OGD (M->inf),74651,1072290.718739518,3731344738056.966
Scale-adaptive OGD (M->inf),74701,1072290.5162158133,1311148536900.664
Scale-adaptive OGD (M->inf),74751,1072290.3884017367,3021307830171.331
Scale-adaptive OGD (M->inf),74801,1072290.2402392551,1124904681724.3147
Scale-adaptive OGD (M->inf),74851,1072290.035294287,1396535351359.526
Scale-adaptive OGD (M->inf),74901,1072289.8000521625,2291220761910.713
Scale-adaptive OGD (M->inf),74951,1072289.5993132617,722822251585.6334
Scale-adaptive OGD (M->inf),75001,1072289.2124544173,176005883624.8342
Scale-adaptive OGD (M->inf),75051,1072289.083275826,705919136507.9578
Scale-adaptive OGD (M->inf),75101,1072288.9379075533,6294514953.452832
Scale-adaptive OGD (M->inf),75151,1072288.7062359971,191195858220.3215
Scale-adaptive OGD (M->inf),75201,1072288.5033516744,33050159491.97227
Scale-adaptive OGD (M->inf),75251,1072288.3366330133,3457298488.190595
Scale-adaptive OGD (M->inf),75301,1072288.2127703112,2346394529562.651
Scale-adaptive OGD (M->inf),75351,1072288.0620040803,3782096810418.9746
Scale-adaptive OGD (M->inf),75401,1072287.9832779374,2106878330991.9517
Scale-adaptive OGD (M->inf),75451,1072287.8502429016,6233768797586.262
Scale-adaptive OGD (M->inf),75501,1072287.6011391087,3285841234582.733
Scale-adaptive OGD (M->inf),75551,1072287.427149892,4176373803584.471
Scale-adaptive OGD (M->inf),75601,1072287.2006401021,1949950736379.5605
Scale-adaptive OGD (M->inf),75651,1072286.9430567499,872584265737.9888
Scale-adaptive OGD (M->inf),75701,1072286.7687982188,1613026916316.1326
Scale-adaptive OGD (M->inf),75751,1072286.6349957222,893343737188.5112
Scale-adaptive OGD (M->inf),75801,1072286.454163773,3197239157690.38
Scale-adaptive OGD (M->inf),75851,1072286.112765564,5814918567229.816
Scale-adaptive OGD (M->inf),75901,1072285.9551905286,1710104050664.2324
Scale-adaptive OGD (M->inf),75951,1072285.8095030442,3772341128694.1724
Scale-adaptive OGD (M->inf),76001,1072285.6534506334,1970222492106.6345
Scale-adaptive OGD (M->inf),76051,1072285.5182568901,3230498567758.4565
Scale-adaptive OGD (M->inf),76101,1072285.3464040635,1806575687758.9526
Scale-adaptive OGD (M->inf),76151,1072285.1940964547,4942091288264.648
Scale-adaptive OGD (M->inf),76201,1072285.0676210376,4564853213629.051
Scale-adaptive OGD (M->inf),76251,1072284.9265354173,4629592852796.045
Scale-adaptive OGD (M->inf),76301,1072284.7836875203,2564593775169.687
Scale-adaptive OGD (M->inf),76351,1072284.651104735,3611811545547.9214
Scale-adaptive OGD (M->inf),76401,1072284.425940839,6812453814095.126
Scale-adaptive OGD (M->inf),76451,1072284.2286694807,8408457958623.848
Scale-adaptive OGD (M->inf),76501,1072283.9933443426,4643811902617.879
Scale-adaptive OGD (M->inf),76551,1072283.82673192,6932361773508.127
Scale-adaptive OGD (M->inf),76601,1072283.6116297597,5384387213022.004
Scale-adaptive OGD (M->inf),76651,1072283.4106797283,3522784926150.265
Scale-adaptive OGD (M->inf),76701,1072283.2694341633,4330920007779.758
Scale-adaptive OGD (M->inf),76751,1072283.0615398546,7236238877932.883
Scale-adaptive OGD (M->inf),76801,1072282.8406974748,4471843533758.939
Scale-adaptive OGD (M->inf),76851,1072282.6775451885,3117791884026.9155
Scale-adaptive OGD (M->inf),76901,1072282.5723463127,6183085924985.263
Scale-adaptive OGD (M->inf),76951,1072282.4267227424,6573789809310.272
Scale-adaptive OGD (M->inf),77001,1072282.2378817832,7388867399782.989
Scale-adaptive OGD (M->inf),77051,1072282.085981837,2516473891319.5835
Scale-adaptive OGD (M->inf),77101,1072281.8922646393,2060272291817.4314
Scale-adaptive OGD (M->inf),77151,1072281.692149695,4306380596892.5366
Scale-adaptive OGD (M->inf),77201,1072281.5399803007,5010178529905.935
Scale-adaptive OGD (M->inf),77251,1072281.3958185143,2995180247402.111
Scale-adaptive OGD (M->inf),77301,1072281.2416955505,4530519108535.543
Scale-adaptive OGD (M->inf),77351,1072280.9860703112,6860780004661.516
Scale-adaptive OGD (M->inf),77401,1072280.8376468138,4657727197295.97
Scale-adaptive OGD (M->inf),77451,1072280.6819287806,7765905570316.03
Scale-adaptive OGD (M->inf),77501,1072280.4645779745,7572774869020.198
Scale-adaptive OGD (M->inf),77551,1072280.2353762186,6430056205059.917
Scale-adaptive OGD (M->inf),77601,1072280.0709208,7372529154304.82
Scale-adaptive OGD (M->inf),77651,1072279.8860650605,8564157507083.871
Scale-adaptive OGD (M->inf),77701,1072279.6756485251,4749185399840.026
Scale-adaptive OGD (M->inf),77751,1072279.4745823194,6389964951884.121
Scale-adaptive OGD (M->inf),77801,1072279.2749392602,4381522158020.3975
Scale-adaptive OGD (M->inf),77851,1072279.1429302876,5702373510768.331
Scale-adaptive OGD (M->inf),77901,1072278.9602917908,4462696525151.869
Scale-adaptive OGD (M->inf),77951,1072278.7243314106,2874970354583.147
Scale-adaptive OGD (M->inf),78001,1072278.486266454,3739882863883.808
Scale-adaptive OGD (M->inf),78051,1072278.3117847657,3464048854303.3047
Scale-adaptive OGD (M->inf),78101,1072278.1727303567,2859610188161.942
Scale-adaptive OGD (M->inf),78151,1072278.0621872125,3759077457907.682
Scale-adaptive OGD (M->inf),78201,1072277.8991369733,6294352581817.136
Scale-adaptive OGD (M->inf),78251,1072277.769977491,2872977589355.803
Scale-adaptive OGD (M->inf),78301,1072277.6396027263,1353868328846.8943
Scale-adaptive OGD (M->inf),78351,1072277.5003353893,4784247448872.432
Scale-adaptive OGD (M->inf),78401,1072277.3742678843,2391638617026.602
Scale-adaptive OGD (M->inf),78451,1072277.223988555,1546845612505.18
Scale-adaptive OGD (M->inf),78501,1072277.101250183,1928988895461.8828
Scale-adaptive OGD (M->inf),78551,1072276.9568373086,2168325380712.19
Scale-adaptive OGD (M->inf),78601,1072276.7940932189,2077540000934.0835
Scale-adaptive OGD (M->inf),78651,1072276.6604278057,1838670578197.9568
Scale-adaptive OGD (M->inf),78701,1072276.5509215756,715356941582.7815
Scale-adaptive OGD (M->inf),78751,1072276.4577270804,2494618845543.7197
Scale-adaptive OGD (M->inf),78801,1072276.3549418198,2021107174037.8616
Scale-adaptive OGD (M->inf),78851,1072276.1480268084,4309865119316.1313
Scale-adaptive OGD (M->inf),78901,1072275.9296000043,3329806720877.4517
Scale-adaptive OGD (M->inf),78951,1072275.7429847594,785781226992.2054
Scale-adaptive OGD (M->inf),79001,1072275.5921440262,4233225157228.211
Scale-adaptive OGD (M->inf),79051,1072275.4313641365,1753268146723.714
Scale-adaptive OGD (M->inf),79101,1072275.2862099619,2165779953479.1868
Scale-adaptive OGD (M->inf),79151,1072275.1456791072,1912661193786.981
Scale-adaptive OGD (M->inf),79201,1072275.0019449594,1222720661030.117
Scale-adaptive OGD (M->inf),79251,1072274.8962468668,199583735.03764826
Scale-adaptive OGD (M->inf),79301,1072274.806988193,441763958504.1496
Scale-adaptive OGD (M->inf),79351,1072274.6667562467,5470463481876.591
Scale-adaptive OGD (M->inf),79401,1072274.494274316,9823316130471.516
Scale-adaptive OGD (M->inf),79451,1072274.2665588409,8932502208110.963
Scale-adaptive OGD (M->inf),79501,1072274.1059847886,6908035829853.315
Scale-adaptive OGD (M->inf),79551,1072273.9576162638,7228755908418.167
Scale-adaptive OGD (M->inf),79601,1072273.8268203195,3797050270905.2983
Scale-adaptive OGD (M->inf),79651,1072273.698958439,2330345287884.7803
Scale-adaptive OGD (M->inf),79701,1072273.5473055483,2528195245059.8154
Scale-adaptive OGD (M->inf),79751,1072273.3511475134,2925986252922.963
Scale-adaptive OGD (M->inf),79801,1072273.1730544553,4903983978779.589
Scale-adaptive OGD (M->inf),79851,1072272.7357565733,5687500499514.063
Scale-adaptive OGD (M->inf),79901,1072272.2799374792,9750509347780.463
Scale-adaptive OGD (M->inf),79951,1072272.0225758706,3374135889358.786
Scale-adaptive OGD (M->inf),80001,1072271.7977192823,4904217921712.292
Scale-adaptive OGD (M->inf),80051,1072271.6307287533,1816042786591.7273
Scale-adaptive OGD (M->inf),80101,1072271.5258842364,531052292523.44507
Scale-adaptive OGD (M->inf),80151,1072271.360496085,326964998510.96625
Scale-adaptive OGD (M->inf),80201,1072271.2141073744,91694092551.9996
Scale-adaptive OGD (M->inf),80251,1072271.0490399266,250699503.4033821
Scale-adaptive OGD (M->inf),80301,1072270.921512675,95362443121.66447
Scale-adaptive OGD (M->inf),80351,1072270.6236194142,191997799785.31287
Scale-adaptive OGD (M->inf),80401,1072270.3591067109,625028837215.2572
Scale-adaptive OGD (M->inf),80451,1072270.1781268534,453069491097.8916
Scale-adaptive OGD (M->inf),80501,1072269.7938526438,1284443379091.1594
Scale-adaptive OGD (M->inf),80551,1072269.425578196,479333498196.14453
Scale-adaptive OGD (M->inf),80601,1072269.2244041085,137233123674.99841
Scale-adaptive OGD (M->inf),80651,1072269.0463444197,205361385900.18298
Scale-adaptive OGD (M->inf),80701,1072268.8530071082,304672771913.9441
Scale-adaptive OGD (M->inf),80751,1072268.6673537784,348743097724.20734
Scale-adaptive OGD (M->inf),80801,1072268.4380652255,367356502165.4536
Scale-adaptive OGD (M->inf),80851,1072268.259706018,1432715800990.7583
Scale-adaptive OGD (M->inf),80901,1072268.1195798216,1623975090083.2957
Scale-adaptive OGD (M->inf),80951,1072267.9074132924,2501740301698.6
Scale-adaptive OGD (M->inf),81001,1072267.6786588372,2320193984687.76
Scale-adaptive OGD (M->inf),81051,1072267.549731728,345785572344.80084
Scale-adaptive OGD (M->inf),81101,1072267.3659274806,6319809190146.079
Scale-adaptive OGD (M->inf),81151,1072266.9959504926,10960842167845.094
Scale-adaptive OGD (M->inf),81201,1072266.7142730304,2282616062428.521
Scale-adaptive OGD (M->inf),81251,1072266.5538612392,3419644094940.7173
Scale-adaptive OGD (M->inf),81301,1072266.3660543545,83000985277.39139
Scale-adaptive OGD (M->inf),81351,1072266.1641420599,4625377638347.164
Scale-adaptive OGD (M->inf),81401,1072265.9477129646,328779218183.2016
Scale-adaptive OGD (M->inf),81451,1072265.714307301,382764508437.42017
Scale-adaptive OGD (M->inf),81501,1072265.478280987,41839576068.2042
Scale-adaptive OGD (M->inf),81551,1072265.264119387,411270935833.79626
Scale-adaptive OGD (M->inf),81601,1072265.0345810214,43998535627.3534
Scale-adaptive OGD (M->inf),81651,1072264.8165691828,70500649182.64578
Scale-adaptive OGD (M->inf),81701,1072264.5997545195,242140131856.7879
Scale-adaptive OGD (M->inf),81751,1072264.3286656002,917191194517.5554
Scale-adaptive OGD (M->inf),81801,1072264.0240104245,385101541553.04834
Scale-adaptive OGD (M->inf),81851,1072263.726525639,2125841864982.9668
Scale-adaptive OGD (M->inf),81901,1072263.5103720955,1655150386637.5532
Scale-adaptive OGD (M->inf),81951,1072263.296876479,2953771089635.1733
Scale-adaptive OGD (M->inf),82001,1072263.0602613492,1098148161972.0244
Scale-adaptive OGD (M->inf),82051,1072262.7828011815,941541897689.8391
Scale-adaptive OGD (M->inf),82101,1072262.4903506627,823273527664.0883
Scale-adaptive OGD (M->inf),82151,1072262.246014884,1535680397437.6667
Scale-adaptive OGD (M->inf),82201,1072261.957711488,230224768310.06985
Scale-adaptive OGD (M->inf),82251,1072261.6689159728,843414946002.6289
Scale-adaptive OGD (M->inf),82301,1072261.355153491,1063706581132.9088
Scale-adaptive OGD (M->inf),82351,1072260.9408834623,1855821842165.3245
Scale-adaptive OGD (M->inf),82401,1072260.6230169707,193028482431.38376
Scale-adaptive OGD (M->inf),82451,1072260.2477764038,2033278235036.3318
Scale-adaptive OGD (M->inf),82501,1072259.9196802906,700410714619.8425
Scale-adaptive OGD (M->inf),82551,1072259.5915212592,1553889386034.376
Scale-adaptive OGD (M->inf),82601,1072259.359353475,947257592543.0778
Scale-adaptive OGD (M->inf),82651,1072259.1680389892,14374040898.111523
Scale-adaptive OGD (M->inf),82701,1072258.8924802488,90916267584.65839
Scale-adaptive OGD (M->inf),82751,1072258.5626643952,273271056225.97232
Scale-adaptive OGD (M->inf),82801,1072258.2905383322,235067603822.8864
Scale-adaptive OGD (M->inf),82851,1072257.9796631574,87562961790.20485
Scale-adaptive OGD (M->inf),82901,1072257.7254465092,2165789951543.842
Scale-adaptive OGD (M->inf),82951,1072257.4772476405,6924867170658.587
Scale-adaptive OGD (M->inf),83001,1072257.1705487934,7773685060161.469
Scale-adaptive OGD (M->inf),83051,1072256.873978398,7608127500852.266
Scale-adaptive OGD (M->inf),83101,1072256.579315496,6232201816590.839
Scale-adaptive OGD (M->inf),83151,1072256.3068683026,3351358841517.367
Scale-adaptive OGD (M->inf),83201,1072255.9622984598,7372227403593.478
Scale-adaptive OGD (M->inf),83251,1072255.6743981694,4669633473057.906
Scale-adaptive OGD (M->inf),83301,1072255.4226547827,290162555530.08685
Scale-adaptive OGD (M->inf),83351,1072255.1568752686,627194578714.57
Scale-adaptive OGD (M->inf),83401,1072254.8156493218,2438464825807.049
Scale-adaptive OGD (M->inf),83451,1072254.498655609,3342571489377.0747
Scale-adaptive OGD (M->inf),83501,1072254.2882619,56054740514.88757
Scale-adaptive OGD (M->inf),83551,1072253.9687922427,205970455904.9325
Scale-adaptive OGD (M->inf),83601,1072253.5299583278,2632729682243.5596
Scale-adaptive OGD (M->inf),83651,1072253.1840724526,900247149251.7112
Scale-adaptive OGD (M->inf),83701,1072252.9027807824,387708626746.1737
Scale-adaptive OGD (M->inf),83751,1072252.6305856826,3748838006269.811
Scale-adaptive OGD (M->inf),83801,1072252.3595642205,5797927705551.881
Scale-adaptive OGD (M->inf),83851,1072252.069277348,9397784254999.25
Scale-adaptive OGD (M->inf),83901,1072251.8973650492,916994253897.5577
Scale-adaptive OGD (M->inf),83951,1072251.7322248542,2613764186153.9033
Scale-adaptive OGD (M->inf),84001,1072251.5956263193,354232445501.7
Scale-adaptive OGD (M->inf),84051,1072251.4239146016,1834924251939.81
Scale-adaptive OGD (M->inf),84101,1072251.2551973874,584954836805.2975
Scale-adaptive OGD (M->inf),84151,1072251.0215340678,225352052887.60132
Scale-adaptive OGD (M->inf),84201,1072250.8098771549,1480204450964.5664
Scale-adaptive OGD (M->inf),84251,1072250.5695094892,1045929088337.2296
Scale-adaptive OGD (M->inf),84301,1072250.33917689,1259970911979.0244
Scale-adaptive OGD (M->inf),84351,1072250.166809973,5428438640977.053
Scale-adaptive OGD (M->inf),84401,1072249.9847637825,10336135292544.137
Scale-adaptive OGD (M->inf),84451,1072249.6927190763,5654915328608.89
Scale-adaptive OGD (M->inf),84501,1072249.4381480312,2380194330944.808
Scale-adaptive OGD (M->inf),84551,1072249.2303368438,911254924627.8184
Scale-adaptive OGD (M->inf),84601,1072249.0717113952,1005886776099.6112
Scale-adaptive OGD (M->inf),84651,1072248.8803815655,2372749571937.551
Scale-adaptive OGD (M->inf),84701,1072248.6873980465,1289475960450.7493
Scale-adaptive OGD (M->inf),84751,1072248.4896143423,3225508794525.258
Scale-adaptive OGD (M->inf),84801,1072248.2867141622,3043177275698.0435
Scale-adaptive OGD (M->inf),84851,1072248.0637960448,614711211591.6509
Scale-adaptive OGD (M->inf),84901,1072247.8661813461,1194470496061.5632
Scale-adaptive OGD (M->inf),84951,1072247.6489897857,1658179663578.8674
Scale-adaptive OGD (M->inf),85001,1072247.4880464796,546409244662.1605
Scale-adaptive OGD (M->inf),85051,1072247.3116900402,396237680382.0261
Scale-adaptive OGD (M->inf),85101,1072247.0877385193,3209440275642.7144
Scale-adaptive OGD (M->inf),85151,1072246.9060147076,2137429034521.73
Scale-adaptive OGD (M->inf),85201,1072246.585518976,508226285959.37823
Scale-adaptive OGD (M->inf),85251,1072246.326813131,3481319476244.0093
Scale-adaptive OGD (M->inf),85301,1072246.041695629,1256419822128.4395
Scale-adaptive OGD (M->inf),85351,1072245.8353160052,978754539077.2133
Scale-adaptive OGD (M->inf),85401,1072245.6204716635,661442104333.4424
Scale-adaptive OGD (M->inf),85451,1072245.4074369636,1562266841468.795
Scale-adaptive OGD (M->inf),85501,1072245.2004454287,140474787071.00452
Scale-adaptive OGD (M->inf),85551,1072244.9410349575,2272414319325.7334
Scale-adaptive OGD (M->inf),85601,1072244.6803957757,196559669044.41763
Scale-adaptive OGD (M->inf),85651,1072244.3939173655,265533882244.23123
Scale-adaptive OGD (M->inf),85701,1072244.1658082975,453281894921.5589
Scale-adaptive OGD (M->inf),85751,1072243.927377465,1434002978895.1545
Scale-adaptive OGD (M->inf),85801,1072243.6383407253,1542515925926.8818
Scale-adaptive OGD (M->inf),85851,1072243.4075744327,1544128197200.3613
Scale-adaptive OGD (M->inf),85901,1072243.2279505406,1570663579538.5156
Scale-adaptive OGD (M->inf),85951,1072243.019917006,1941223265398.4377
Scale-adaptive OGD (M->inf),86001,1072242.8143065586,6539739973159.058
Scale-adaptive OGD (M->inf),86051,1072242.4986462668,8523185239627.266
Scale-adaptive OGD (M->inf),86101,1072242.248840913,1492634033223.354
Scale-adaptive OGD (M->inf),86151,1072242.0668324204,5460176062961.534
Scale-adaptive OGD (M->inf),86201,1072241.8799973154,2937463086301.089
Scale-adaptive OGD (M->inf),86251,1072241.6934478146,819219857864.3938
Scale-adaptive OGD (M->inf),86301,1072241.4902969308,3499041355146.0547
Scale-adaptive OGD (M->inf),86351,1072241.2986691066,849151823479.1833
Scale-adaptive OGD (M->inf),86401,1072241.095899037,3712498096991.144
Scale-adaptive OGD (M->inf),86451,1072240.8401978663,3335296593568.1626
Scale-adaptive OGD (M->inf),86501,1072240.6086634323,2635180932066.621
Scale-adaptive OGD (M->inf),86551,1072240.409552409,3750836174580.494
Scale-adaptive OGD (M->inf),86601,1072240.1773881116,1107568738935.0144
Scale-adaptive OGD (M->inf),86651,1072239.984522424,3421551132456.6753
Scale-adaptive OGD (M->inf),86701,1072239.772491376,5838189122603.617
Scale-adaptive OGD (M->inf),86751,1072239.494498789,5132511733838.93
Scale-adaptive OGD (M->inf),86801,1072239.1946831972,5226768406119.777
Scale-adaptive OGD (M->inf),86851,1072238.9352210758,3092113914296.6294
Scale-adaptive OGD (M->inf),86901,1072238.5353810017,360956936195.9702
Scale-adaptive OGD (M->inf),86951,1072238.2879180904,1976051027088.3108
Scale-adaptive OGD (M->inf),87001,1072238.0295345301,2040982256726.7722
Scale-adaptive OGD (M->inf),87051,1072237.816058493,35716375017.945015
Scale-adaptive OGD (M->inf),87101,1072237.6350210716,4944072462321.49
Scale-adaptive OGD (M->inf),87151,1072237.4635801418,5946946680397.175
Scale-adaptive OGD (M->inf),87201,1072237.329308123,1266021781885.771
Scale-adaptive OGD (M->inf),87251,1072237.1574053045,4506868735965.309
Scale-adaptive OGD (M->inf),87301,1072237.0033722254,2049853220446.2595
Scale-adaptive OGD (M->inf),87351,1072236.7726947248,1929975540626.6736
Scale-adaptive OGD (M->inf),87401,1072236.6065309737,1404034631377.294
Scale-adaptive OGD (M->inf),87451,1072236.3140544293,2252107138359.517
Scale-adaptive OGD (M->inf),87501,1072236.005528638,320303577378.9616
Scale-adaptive OGD (M->inf),87551,1072235.64596597,1652774310755.094
Scale-adaptive OGD (M->inf),87601,1072235.355672758,4420319496511.71
Scale-adaptive OGD (M->inf),87651,1072235.1466287377,1519438043439.6147
Scale-adaptive OGD (M->inf),87701,1072234.924136876,432321777560.8452
Scale-adaptive OGD (M->inf),87751,1072234.7276824412,991371359457.2584
Scale-adaptive OGD (M->inf),87801,1072234.4519926666,1336278910899.2039
Scale-adaptive OGD (M->inf),87851,1072234.207457468,1541563838336.093
Scale-adaptive OGD (M->inf),87901,1072234.01714944,3186709081138.878
Scale-adaptive OGD (M->inf),87951,1072233.857724203,756918535360.6687
Scale-adaptive OGD (M->inf),88001,1072233.6283149614,930247800967.0233
Scale-adaptive OGD (M->inf),88051,1072233.3547875378,501485453168.53436
Scale-adaptive OGD (M->inf),88101,1072233.1272138993,725422537249.9097
Scale-adaptive OGD (M->inf),88151,1072232.9547798303,2453415446395.1143
Scale-adaptive OGD (M->inf),88201,1072232.7772178415,1440408874136.1487
Scale-adaptive OGD (M->inf),88251,1072232.532970025,29914114282.008026
Scale-adaptive OGD (M->inf),88301,1072232.3052128626,622549597800.484
Scale-adaptive OGD (M->inf),88351,1072232.116212836,6189189052956.36
Scale-adaptive OGD (M->inf),88401,1072231.90475212,1445736278809.0208
Scale-adaptive OGD (M->inf),88451,1072231.7035273977,3916644375167.79
Scale-adaptive OGD (M->inf),88501,1072231.6166480393,68071695671.881676
Scale-adaptive OGD (M->inf),88551,1072231.5548865774,152636158348.3291
Scale-adaptive OGD (M->inf),88601,1072231.432593912,734670626969.1953
Scale-adaptive OGD (M->inf),88651,1072231.3335796257,241576671466.47864
Scale-adaptive OGD (M->inf),88701,1072231.209142723,349003238582.47455
Scale-adaptive OGD (M->inf),88751,1072231.1323272246,41683241428.13269
Scale-adaptive OGD (M->inf),88801,1072230.9326452182,752379798680.6294
Scale-adaptive OGD (M->inf),88851,1072230.785485391,101594212239.03568
Scale-adaptive OGD (M->inf),88901,1072230.6802853714,449120538436.3996
Scale-adaptive OGD (M->inf),88951,1072230.5486925885,174658042812.29495
Scale-adaptive OGD (M->inf),89001,1072230.3782327948,3232029749847.9536
Scale-adaptive OGD (M->inf),89051,1072230.1585904108,11694711977.076511
Scale-adaptive OGD (M->inf),89101,1072229.947806224,716502113609.8739
Scale-adaptive OGD (M->inf),89151,1072229.8009780762,2070018137797.8562
Scale-adaptive OGD (M->inf),89201,1072229.5844807017,174954294440.49756
Scale-adaptive OGD (M->inf),89251,1072229.420384197,2027841897775.838
Scale-adaptive OGD (M->inf),89301,1072229.2418153204,432945202238.3711
Scale-adaptive OGD (M->inf),89351,1072228.9178577957,4719255320652.091
Scale-adaptive OGD (M->inf),89401,1072228.4240447525,2049518546692.604
Scale-adaptive OGD (M->inf),89451,1072228.2023442471,1719599503614.8386
Scale-adaptive OGD (M->inf),89501,1072227.9635896396,13944645697395.521
Scale-adaptive OGD (M->inf),89551,1072227.720264617,6103827773375.555
Scale-adaptive OGD (M->inf),89601,1072227.4712880815,7185599019386.277
Scale-adaptive OGD (M->inf),89651,1072227.3644378863,113466195293.70648
Scale-adaptive OGD (M->inf),89701,1072227.2187953645,14005182453442.291
Scale-adaptive OGD (M->inf),89751,1072227.0818178938,3742812019.741462
Scale-adaptive OGD (M->inf),89801,1072226.9627134348,3340307450613.6396
Scale-adaptive OGD (M->inf),89851,1072226.8583369497,28528155103.809483
Scale-adaptive OGD (M->inf),89901,1072226.7206663564,1426221217442.3591
Scale-adaptive OGD (M->inf),89951,1072226.5999432888,628817851936.3624
Scale-adaptive OGD (M->inf),90001,1072226.253196821,8028445240198.718
Scale-adaptive OGD (M->inf),90051,1072226.0378947707,716938199349.1752
Scale-adaptive OGD (M->inf),90101,1072225.8926693534,7401001911.298542
Scale-adaptive OGD (M->inf),90151,1072225.7514949618,376103636403.0569
Scale-adaptive OGD (M->inf),90201,1072225.6032146763,1187254976754.1765
Scale-adaptive OGD (M->inf),90251,1072225.4918083248,1211731204357.4897
Scale-adaptive OGD (M->inf),90301,1072225.3414762917,42013223540.51658
Scale-adaptive OGD (M->inf),90351,1072225.1714387045,426045083936.921
Scale-adaptive OGD (M->inf),90401,1072225.0298362344,1771655630022.4478
Scale-adaptive OGD (M->inf),90451,1072224.9035141366,121416969255.45752
Scale-adaptive OGD (M->inf),90501,1072224.7225514457,1969875966800.4944
Scale-adaptive OGD (M->inf),90551,1072224.254605934,1273710259675.9744
Scale-adaptive OGD (M->inf),90601,1072223.9500297203,3801691670259.2637
Scale-adaptive OGD (M->inf),90651,1072223.685418205,3260541409255.5547
Scale-adaptive OGD (M->inf),90701,1072223.3104451713,8686804865590.963
Scale-adaptive OGD (M->inf),90751,1072223.1581079122,41518266513.92587
Scale-adaptive OGD (M->inf),90801,1072222.974472408,117446408125.92027
Scale-adaptive OGD (M->inf),90851,1072222.8062498842,1061918675890.8231
Scale-adaptive OGD (M->inf),90901,1072222.683721487,349937127169.3398
Scale-adaptive OGD (M->inf),90951,1072222.5620413984,1961546743874.1426
Scale-adaptive OGD (M->inf),91001,1072222.4169885218,125713784954.01935
Scale-adaptive OGD (M->inf),91051,1072222.2182659272,482922591779.1191
Scale-adaptive OGD (M->inf),91101,1072222.0327850236,5034755405702.888
Scale-adaptive OGD (M->inf),91151,1072221.8906188495,1809227226547.7053
Scale-adaptive OGD (M->inf),91201,1072221.743365181,260607956590.37286
Scale-adaptive OGD (M->inf),91251,1072221.521256309,409866537026.2714
Scale-adaptive OGD (M->inf),91301,1072221.342760176,878815922.0087254
Scale-adaptive OGD (M->inf),91351,1072221.068794175,3464064859954.041
Scale-adaptive OGD (M->inf),91401,1072220.7994257826,508569710595.0144
Scale-adaptive OGD (M->inf),91451,1072220.539458865,878220448614.1561
Scale-adaptive OGD (M->inf),91501,1072220.3839720467,297114521929.1235
Scale-adaptive OGD (M->inf),91551,1072220.2074973357,1613962399835.781
Scale-adaptive OGD (M->inf),91601,1072220.0362780117,5254080524259.93
Scale-adaptive OGD (M->inf),91651,1072219.8463057356,269937259529.82233
Scale-adaptive OGD (M->inf),91701,1072219.6833317722,4262189515816.8774
Scale-adaptive OGD (M->inf),91751,1072219.5533368227,504338197136.6258
Scale-adaptive OGD (M->inf),91801,1072219.3645983778,2269611024372.155
Scale-adaptive OGD (M->inf),91851,1072219.1802676104,1025036620473.187
Scale-adaptive OGD (M->inf),91901,1072219.0039626462,2525710300017.0615
Scale-adaptive OGD (M->inf),91951,1072218.7496265871,67224052271.10078
Scale-adaptive OGD (M->inf),92001,1072218.5361986686,3750673670643.435
Scale-adaptive OGD (M->inf),92051,1072218.3998433198,613909433758.7344
Scale-adaptive OGD (M->inf),92101,1072218.2703956417,153426391462.6021
Scale-adaptive OGD (M->inf),92151,1072218.0657465528,5501658529048.658
Scale-adaptive OGD (M->inf),92201,1072217.8430609743,2678304064123.4087
Scale-adaptive OGD (M->inf),92251,1072217.6917024362,34116674809.749004
Scale-adaptive OGD (M->inf),92301,1072217.497074085,1373026736135.8064
Scale-adaptive OGD (M->inf),92351,1072217.283257911,3495265563219.1973
Scale-adaptive OGD (M->inf),92401,1072217.097850327,1765976336864.7476
Scale-adaptive OGD (M->inf),92451,1072216.9186859776,1467261671339.7456
Scale-adaptive OGD (M->inf),92501,1072216.7760774756,11804893254.90231
Scale-adaptive OGD (M->inf),92551,1072216.5703307106,20985796920.54063
Scale-adaptive OGD (M->inf),92601,1072216.3939264906,4496067572857.66
Scale-adaptive OGD (M->inf),92651,1072216.2388713162,475787019176.04517
Scale-adaptive OGD (M->inf),92701,1072216.0911661303,3147721136652.418
Scale-adaptive OGD (M->inf),92751,1072215.9278151991,1147941469352.5237
Scale-adaptive OGD (M->inf),92801,1072215.7484148494,644900432258.4485
Scale-adaptive OGD (M->inf),92851,1072215.6018799203,921500042579.6663
Scale-adaptive OGD (M->inf),92901,1072215.4755893522,354052710202.2613
Scale-adaptive OGD (M->inf),92951,1072215.3719260644,45654357940.23366
Scale-adaptive OGD (M->inf),93001,1072215.2567523837,870328257151.2244
Scale-adaptive OGD (M->inf),93051,1072215.1523444867,660547016960.8163
Scale-adaptive OGD (M->inf),93101,1072215.03714507,40177489048.43612
Scale-adaptive OGD (M->inf),93151,1072214.8594301234,413589101.26761055
Scale-adaptive OGD (M->inf),93201,1072214.6161814472,5657355547884.312
Scale-adaptive OGD (M->inf),93251,1072214.3742987057,185122200524.19913
Scale-adaptive OGD (M->inf),93301,1072214.2161341982,1455794884744.8052
Scale-adaptive OGD (M->inf),93351,1072214.0752725853,202340651938.70615
Scale-adaptive OGD (M->inf),93401,1072213.9389226567,2927383506247.369
Scale-adaptive OGD (M->inf),93451,1072213.7669430315,827310405283.0106
Scale-adaptive OGD (M->inf),93501,1072213.4906360975,35645397348.36363
Scale-adaptive OGD (M->inf),93551,1072213.274676397,1536105858185.1626
Scale-adaptive OGD (M->inf),93601,1072213.0879391066,564250693010.7341
Scale-adaptive OGD (M->inf),93651,1072212.9319880859,2173658505853.08
Scale-adaptive OGD (M->inf),93701,1072212.652256905,1913366107984.1228
Scale-adaptive OGD (M->inf),93751,1072212.47902563,24466300.89832709
Scale-adaptive OGD (M->inf),93801,1072212.3257413916,1689577992191.791
Scale-adaptive OGD (M->inf),93851,1072212.187337654,1187604942311.2861
Scale-adaptive OGD (M->inf),93901,1072212.047588827,1070159543404.0984
Scale-adaptive OGD (M->inf),93951,1072211.9081129874,1128615749268.055
Scale-adaptive OGD (M->inf),94001,1072211.72356027,1211537424525.231
Scale-adaptive OGD (M->inf),94051,1072211.4868390644,424798426207.7114
Scale-adaptive OGD (M->inf),94101,1072211.1094759433,1486306215017.163
Scale-adaptive OGD (M->inf),94151,1072210.882854901,175863431694.8923
Scale-adaptive OGD (M->inf),94201,1072210.763213094,4192487199198.2207
Scale-adaptive OGD (M->inf),94251,1072210.5620029592,517202846189.0889
Scale-adaptive OGD (M->inf),94301,1072210.3884341891,2050958035848.1594
Scale-adaptive OGD (M->inf),94351,1072210.2188594278,1983047203158.865
Scale-adaptive OGD (M->inf),94401,1072209.9947398691,1845564809027.2979
Scale-adaptive OGD (M->inf),94451,1072209.8166497578,806751200238.5715
Scale-adaptive OGD (M->inf),94501,1072209.6643727357,996537531736.3973
Scale-adaptive OGD (M->inf),94551,1072209.485166541,1416273574202.9692
Scale-adaptive OGD (M->inf),94601,1072209.3109692163,1185483543021.398
Scale-adaptive OGD (M->inf),94651,1072209.106487479,1250395208997.473
Scale-adaptive OGD (M->inf),94701,1072208.8995577467,1915218545389.509
Scale-adaptive OGD (M->inf),94751,1072208.6678100561,1483999342499.2952
Scale-adaptive OGD (M->inf),94801,1072208.4945074166,478597329496.13104
Scale-adaptive OGD (M->inf),94851,1072208.2704988807,1051628922951.2996
Scale-adaptive OGD (M->inf),94901,1072208.0704152628,178467.93718330434
Scale-adaptive OGD (M->inf),94951,1072207.4999082473,17813867960.175526
Scale-adaptive OGD (M->inf),95001,1072207.112800365,3545749277078.402
Scale-adaptive OGD (M->inf),95051,1072206.7695303117,49089391497.386024
Scale-adaptive OGD (M->inf),95101,1072206.327882397,30149126096937.61
Scale-adaptive OGD (M->inf),95151,1072205.908704959,4771693453563.471
Scale-adaptive OGD (M->inf),95201,1072205.6988908926,4846294132310.738
Scale-adaptive OGD (M->inf),95251,1072205.5324985094,3829570743523.491
Scale-adaptive OGD (M->inf),95301,1072205.398816995,1065640912484.4504
Scale-adaptive OGD (M->inf),95351,1072205.2357454312,2304612921381.8945
Scale-adaptive OGD (M->inf),95401,1072205.121295156,1929959919661.297
Scale-adaptive OGD (M->inf),95451,1072204.922509996,4631432454679.913
Scale-adaptive OGD (M->inf),95501,1072204.8013994598,1155407733615.1555
Scale-adaptive OGD (M->inf),95551,1072204.7489475557,751484171541.1969
Scale-adaptive OGD (M->inf),95601,1072204.6169560428,4936648796053.762
Scale-adaptive OGD (M->inf),95651,1072204.473584857,135472281759.38034
Scale-adaptive OGD (M->inf),95701,1072204.360478112,3620333855039.9683
Scale-adaptive OGD (M->inf),95751,1072204.216597797,619773229399.7539
Scale-adaptive OGD (M->inf),95801,1072204.1166834238,2236091700992.3975
Scale-adaptive OGD (M->inf),95851,1072203.9178456655,97893465.16320066
Scale-adaptive OGD (M->inf),95901,1072203.7843449784,1906697507916.0544
Scale-adaptive OGD (M->inf),95951,1072203.648698847,1926240013318.1553
Scale-adaptive OGD (M->inf),96001,1072203.506567894,1620755040139.592
Scale-adaptive OGD (M->inf),96051,1072203.3202814886,1744013928178.8699
Scale-adaptive OGD (M->inf),96101,1072203.1166181595,1466814018215.4402
Scale-adaptive OGD (M->inf),96151,1072203.013548099,3364594188.357758
Scale-adaptive OGD (M->inf),96201,1072202.890805471,168495589230.95807
Scale-adaptive OGD (M->inf),96251,1072202.731119061,853572230056.1597
Scale-adaptive OGD (M->inf),96301,1072202.5778235642,663935081.7503107
Scale-adaptive OGD (M->inf),96351,1072202.3808142948,79105398169.26085
Scale-adaptive OGD (M->inf),96401,1072202.184631061,670414317154.273
Scale-adaptive OGD (M->inf),96451,1072202.0567911786,785372626785.4668
Scale-adaptive OGD (M->inf),96501,1072201.8359995212,3047928939314.8584
Scale-adaptive OGD (M->inf),96551,1072201.6124733523,867083846220.1527
Scale-adaptive OGD (M->inf),96601,1072201.3741689713,2300847138958.522
Scale-adaptive OGD (M->inf),96651,1072201.1601533114,5058440037821.736
Scale-adaptive OGD (M->inf),96701,1072201.0201361051,768044979635.1675
Scale-adaptive OGD (M->inf),96751,1072200.8347669516,320290311144.3341
Scale-adaptive OGD (M->inf),96801,1072200.512297441,2793292733571.373
Scale-adaptive OGD (M->inf),96851,1072200.3518046464,1532212569556.5083
Scale-adaptive OGD (M->inf),96901,1072200.1957822703,278405681648.472
Scale-adaptive OGD (M->inf),96951,1072200.0863879044,1476356809829.7957
Scale-adaptive OGD (M->inf),97001,1072199.9830892747,993638966493.9979
Scale-adaptive OGD (M->inf),97051,1072199.7993031805,717342406302.067
Scale-adaptive OGD (M->inf),97101,1072199.644505158,936405414150.8821
Scale-adaptive OGD (M->inf),97151,1072199.5165684111,373704137255.1063
Scale-adaptive OGD (M->inf),97201,1072199.4695112547,49620562937.72561
Scale-adaptive OGD (M->inf),97251,1072199.2988217769,207477393948.1792
Scale-adaptive OGD (M->inf),97301,1072199.1373761783,575308178786.4962
Scale-adaptive OGD (M->inf),97351,1072198.991890658,7711798447916.064
Scale-adaptive OGD (M->inf),97401,1072198.856576021,1144903850039.061
Scale-adaptive OGD (M->inf),97451,1072198.6882906235,533900905852.8154
Scale-adaptive OGD (M->inf),97501,1072198.4404309683,47733536923.09699
Scale-adaptive OGD (M->inf),97551,1072198.2232034425,1345559264892.2686
Scale-adaptive OGD (M->inf),97601,1072197.988686934,203459450496.99008
Scale-adaptive OGD (M->inf),97651,1072197.83619797,511253995474.54285
Scale-adaptive OGD (M->inf),97701,1072197.6365258908,336125399187.72845
Scale-adaptive OGD (M->inf),97751,1072197.3818386262,2401267538374.0854
Scale-adaptive OGD (M->inf),97801,1072197.1685110398,4664219972170.672
Scale-adaptive OGD (M->inf),97851,1072196.962603224,852656402822.531
Scale-adaptive OGD (M->inf),97901,1072196.7187264937,391598071046.5872
Scale-adaptive OGD (M->inf),97951,1072196.4623683803,1663446958921.5278
Scale-adaptive OGD (M->inf),98001,1072196.1450984133,3471563157599.99
Scale-adaptive OGD (M->inf),98051,1072195.8727499058,442877884112.0305
Scale-adaptive OGD (M->inf),98101,1072195.707190073,3838381781962.6665
Scale-adaptive OGD (M->inf),98151,1072195.490476231,7054889474489.286
Scale-adaptive OGD (M->inf),98201,1072195.2987365294,2153421608696.5505
Scale-adaptive OGD (M->inf),98251,1072195.1067964695,2488572228246.8433
Scale-adaptive OGD (M->inf),98301,1072194.8933532229,1955171808576.4282
Scale-adaptive OGD (M->inf),98351,1072194.7283767222,373882165722.087
Scale-adaptive OGD (M->inf),98401,1072194.563399769,45272772895.53716
Scale-adaptive OGD (M->inf),98451,1072194.4571644764,7751455769.720089
Scale-adaptive OGD (M->inf),98501,1072194.3439715987,9578438976.449081
Scale-adaptive OGD (M->inf),98551,1072194.196312636,2020772087730.8467
Scale-adaptive OGD (M->inf),98601,1072194.0460600802,2704903346688.001
Scale-adaptive OGD (M->inf),98651,1072193.9113937875,1813376864594.733
Scale-adaptive OGD (M->inf),98701,1072193.822913721,1482505780328.7842
Scale-adaptive OGD (M->inf),98751,1072193.6986008682,2789700596271.771
Scale-adaptive OGD (M->inf),98801,1072193.5906516379,747779998274.2853
Scale-adaptive OGD (M->inf),98851,1072193.465146249,932477420971.9628
Scale-adaptive OGD (M->inf),98901,1072193.1844958551,4646368592465.086
Scale-adaptive OGD (M->inf),98951,1072192.986526264,60007704570.58273
Scale-adaptive OGD (M->inf),99001,1072192.739839576,968383942969.9336
Scale-adaptive OGD (M->inf),99051,1072192.503156025,5124749402328.118
Scale-adaptive OGD (M->inf),99101,1072192.3193980355,2382348819263.8286
Scale-adaptive OGD (M->inf),99151,1072192.1391155869,1229038166556.9976
Scale-adaptive OGD (M->inf),99201,1072191.9201418657,3018637113370.4736
Scale-adaptive OGD (M->inf),99251,1072191.7434673384,2868629365157.285
Scale-adaptive OGD (M->inf),99301,1072191.6506894429,941701817254.5411
Scale-adaptive OGD (M->inf),99351,1072191.5131837889,22357014658.7765
Scale-adaptive OGD (M->inf),99401,1072191.3641198461,606424202521.7917
Scale-adaptive OGD (M->inf),99451,1072191.2160980334,5686086790546.357
Scale-adaptive OGD (M->inf),99501,1072191.0867111746,5853833318665.566
Scale-adaptive OGD (M->inf),99551,1072190.8117216732,10594836338985.594
Scale-adaptive OGD (M->inf),99601,1072190.6664153356,938686895714.52
Scale-adaptive OGD (M->inf),99651,1072190.5099364058,2663434158953.497
Scale-adaptive OGD (M->inf),99701,1072190.3233606152,220976695149.4331
Scale-adaptive OGD (M->inf),99751,1072190.2062734875,2171141529913.313
Scale-adaptive OGD (M->inf),99801,1072190.1014615665,1275735896815.0796
Scale-adaptive OGD (M->inf),99851,1072189.9836786175,1445011993.1191974
Scale-adaptive OGD (M->inf),99901,1072189.8314381388,6528385345343.856
Scale-adaptive OGD (M->inf),99951,1072189.697403595,340036458085.6702
Scale-adaptive OGD (M->inf),100001,1072189.5977919155,129515502333.89722
Scale-adaptive OGD (M->inf),100051,1072189.4644199864,72653162855.69347
Scale-adaptive OGD (M->inf),100101,1072189.253060719,688994268117.2484
Scale-adaptive OGD (M->inf),100151,1072189.0989974272,5937277021340.1045
Scale-adaptive OGD (M->inf),100201,1072188.9332847563,1219655098476.3572
Scale-adaptive OGD (M->inf),100251,1072188.7320479818,3794486472767.2407
Scale-adaptive OGD (M->inf),100301,1072188.4296987986,10244972601232.133
Scale-adaptive OGD (M->inf),100351,1072188.1484181352,79138396232.34462
Scale-adaptive OGD (M->inf),100401,1072187.9956660853,293494928319.63226
Scale-adaptive OGD (M->inf),100451,1072187.8488564386,4204751017546.2554
Scale-adaptive OGD (M->inf),100501,1072187.581783956,2370869923345.983
Scale-adaptive OGD (M->inf),100551,1072187.461397626,1126929204266.9092
Scale-adaptive OGD (M->inf),100601,1072187.3682802874,65976355551.91748
Scale-adaptive OGD (M->inf),100651,1072187.2578663577,303368125507.0213
Scale-adaptive OGD (M->inf),100701,1072187.1206898114,111560078134.90315
Scale-adaptive OGD (M->inf),100751,1072186.8993520846,1411621752116.523
Scale-adaptive OGD (M->inf),100801,1072186.739166557,2446982292748.6157
Scale-adaptive OGD (M->inf),100851,1072186.6123215759,3535061755677.653
Scale-adaptive OGD (M->inf),100901,1072186.4505535185,60718307865.81126
Scale-adaptive OGD (M->inf),100951,1072186.2255137626,3160241972916.3047
Scale-adaptive OGD (M->inf),101001,1072186.1031415642,2490035211600.8843
Scale-adaptive OGD (M->inf),101051,1072185.618069244,18752717131503.72
Scale-adaptive OGD (M->inf),101101,1072185.286079271,1248784207701.1516
Scale-adaptive OGD (M->inf),101151,1072184.9636607673,19306503027109.895
Scale-adaptive OGD (M->inf),101201,1072184.6503659228,2958683839943.981
Scale-adaptive OGD (M->inf),101251,1072184.4967144185,1349442367088.9766
Scale-adaptive OGD (M->inf),101301,1072184.4077047275,606118786732.1885
Scale-adaptive OGD (M->inf),101351,1072184.3490081725,1491090058309.6326
Scale-adaptive OGD (M->inf),101401,1072184.2414626265,1389509986237.0164
Scale-adaptive OGD (M->inf),101451,1072184.1076260135,2323032839283.619
Scale-adaptive OGD (M->inf),101501,1072184.0027215495,229217303701.1631
Scale-adaptive OGD (M->inf),101551,1072183.9044770158,728372993822.5641
Scale-adaptive OGD (M->inf),101601,1072183.8251156993,131273296.59623192
Scale-adaptive OGD (M->inf),101651,1072183.7582806568,81583355.0067123
Scale-adaptive OGD (M->inf),101701,1072183.6174123457,2473650010436.635
Scale-adaptive OGD (M->inf),101751,1072183.4316986084,1263410313589.9075
Scale-adaptive OGD (M->inf),101801,1072183.2607370743,365058093906.7715
Scale-adaptive OGD (M->inf),101851,1072183.1088334674,1242314543949.3777
Scale-adaptive OGD (M->inf),101901,1072183.0031437743,489240925194.7744
Scale-adaptive OGD (M->inf),101951,1072182.8373567848,1615809237827.103
Scale-adaptive OGD (M->inf),102001,1072182.7004988398,1888565728239.199
Scale-adaptive OGD (M->inf),102051,1072182.5009056758,2576771957795.6035
Scale-adaptive OGD (M->inf),102101,1072182.3192379237,2738773435896.64
Scale-adaptive OGD (M->inf),102151,1072182.1565850005,594164564462.4547
Scale-adaptive OGD (M->inf),102201,1072182.0343800746,1429802433042.725
Scale-adaptive OGD (M->inf),102251,1072181.9449704215,1768242923504.8674
Scale-adaptive OGD (M->inf),102301,1072181.6993470648,5200466003853.987
Scale-adaptive OGD (M->inf),102351,1072181.5683316754,420710577029.5375
Scale-adaptive OGD (M->inf),102401,1072181.3662405452,4311852667631.251
Scale-adaptive OGD (M->inf),102451,1072181.1595377596,1901040343858.2805
Scale-adaptive OGD (M->inf),102501,1072180.977931466,1208984720332.4314
Scale-adaptive OGD (M->inf),102551,1072180.8147585157,2450388677884.036
Scale-adaptive OGD (M->inf),102601,1072180.6632114083,2340842032948.25
Scale-adaptive OGD (M->inf),102651,1072180.5404408146,727939275381.89
Scale-adaptive OGD (M->inf),102701,1072180.3791980369,1788238667070.6655
Scale-adaptive OGD (M->inf),102751,1072180.2137866286,2390027536768.011
Scale-adaptive OGD (M->inf),102801,1072180.0920849277,1895829753161.5386
Scale-adaptive OGD (M->inf),102851,1072179.9328088374,2328113354157.0513
Scale-adaptive OGD (M->inf),102901,1072179.795462463,2266000221520.8643
Scale-adaptive OGD (M->inf),102951,1072179.6768063223,75257890066.1725
Scale-adaptive OGD (M->inf),103001,1072179.551543137,1066633648009.1681
Scale-adaptive OGD (M->inf),103051,1072179.3604990696,983082821030.3435
Scale-adaptive OGD (M->inf),103101,1072179.2223909774,478688770908.3033
Scale-adaptive OGD (M->inf),103151,1072178.9994553088,153573003824.82428
Scale-adaptive OGD (M->inf),103201,1072178.7725054964,260650355300.365
Scale-adaptive OGD (M->inf),103251,1072178.623054122,190257617207.48914
Scale-adaptive OGD (M->inf),103301,1072178.4994836503,1762860492222.5813
Scale-adaptive OGD (M->inf),103351,1072178.3685008958,1435063588615.8796
Scale-adaptive OGD (M->inf),103401,1072178.1677288914,6830204046142.892
Scale-adaptive OGD (M->inf),103451,1072177.9967669528,2492943425097.47
Scale-adaptive OGD (M->inf),103501,1072177.7990665827,2395370878.5875244
Scale-adaptive OGD (M->inf),103551,1072177.6562250636,738744096655.0201
Scale-adaptive OGD (M->inf),103601,1072177.463673651,3840984689569.8726
Scale-adaptive OGD (M->inf),103651,1072177.2372500186,1775875526910.557
Scale-adaptive OGD (M->inf),103701,1072177.0331839882,1724231619907.0256
Scale-adaptive OGD (M->inf),103751,1072176.8788337102,413930508897.1282
Scale-adaptive OGD (M->inf),103801,1072176.7311293615,4386775212955.265
Scale-adaptive OGD (M->inf),103851,1072176.5437461573,1562413846188.6433
Scale-adaptive OGD (M->inf),103901,1072176.2946914877,2297047229867.4224
Scale-adaptive OGD (M->inf),103951,1072176.1111307768,379456974298.37256
Scale-adaptive OGD (M->inf),104001,1072175.886465013,5018597010431.98
Scale-adaptive OGD (M->inf),104051,1072175.7738420865,98778064433.29308
Scale-adaptive OGD (M->inf),104101,1072175.6427838888,163754946541.0138
Scale-adaptive OGD (M->inf),104151,1072175.4966700948,545196020058.5078
Scale-adaptive OGD (M->inf),104201,1072175.3015918776,1043134952516.7219
Scale-adaptive OGD (M->inf),104251,1072175.1975703102,320870685475.0586
Scale-adaptive OGD (M->inf),104301,1072175.0731290395,544168868134.73627
Scale-adaptive OGD (M->inf),104351,1072174.8945920228,727369471881.7515
Scale-adaptive OGD (M->inf),104401,1072174.7019293348,6886097928212.528
Scale-adaptive OGD (M->inf),104451,1072174.5599985346,195672449312.35886
Scale-adaptive OGD (M->inf),104501,1072174.40399831,3288708302913.565
Scale-adaptive OGD (M->inf),104551,1072174.2554795367,1574187677212.351
Scale-adaptive OGD (M->inf),104601,1072174.0559702618,3034356942576.4736
Scale-adaptive OGD (M->inf),104651,1072173.8665612887,1671093740451.8938
Scale-adaptive OGD (M->inf),104701,1072173.6682952987,6806625564982.645
Scale-adaptive OGD (M->inf),104751,1072173.4088413562,1016654003101.2224
Scale-adaptive OGD (M->inf),104801,1072173.231512308,663564872680.648
Scale-adaptive OGD (M->inf),104851,1072173.1041680272,3092394469224.259
Scale-adaptive OGD (M->inf),104901,1072172.8819393227,617755975953.2278
Scale-adaptive OGD (M->inf),104951,1072172.6978781482,327040632504.184
Scale-adaptive OGD (M->inf),105001,1072172.5349953836,568063721815.7207
Scale-adaptive OGD (M->inf),105051,1072172.4278868742,112076934056.45047
Scale-adaptive OGD (M->inf),105101,1072172.2851552924,918896999038.9327
Scale-adaptive OGD (M->inf),105151,1072172.070107821,676521446524.3257
Scale-adaptive OGD (M->inf),105201,1072171.9325317189,3496396924673.545
Scale-adaptive OGD (M->inf),105251,1072171.7768115776,391069107900.0675
Scale-adaptive OGD (M->inf),105301,1072171.689568931,2272563352082.5625
Scale-adaptive OGD (M->inf),105351,1072171.5690229363,1706600217679.2913
Scale-adaptive OGD (M->inf),105401,1072171.4053324305,92338907074.4606
Scale-adaptive OGD (M->inf),105451,1072171.1842304326,448137622908.80084
Scale-adaptive OGD (M->inf),105501,1072171.0335318744,6674480233774.213
Scale-adaptive OGD (M->inf),105551,1072170.8438880392,257864407911.8284
Scale-adaptive OGD (M->inf),105601,1072170.6854358788,2935109471575.076
Scale-adaptive OGD (M->inf),105651,1072170.4955793077,5691200380289.32
Scale-adaptive OGD (M->inf),105701,1072170.3437695056,5693836421985.261
Scale-adaptive OGD (M->inf),105751,1072170.223931294,137578819978.43365
Scale-adaptive OGD (M->inf),105801,1072170.0818226484,326585554.116824
Scale-adaptive OGD (M->inf),105851,1072169.9054235907,11580937547.398817
Scale-adaptive OGD (M->inf),105901,1072169.7861983299,3106352914025.9365
Scale-adaptive OGD (M->inf),105951,1072169.5079100793,3989614562342.706
Scale-adaptive OGD (M->inf),106001,1072169.2712938858,2179611008140.822
Scale-adaptive OGD (M->inf),106051,1072169.0093426201,136001020736.32535
Scale-adaptive OGD (M->inf),106101,1072168.7989885134,105044082168.00041
Scale-adaptive OGD (M->inf),106151,1072168.636251077,1848112460252.0967
Scale-adaptive OGD (M->inf),106201,1072168.5002934968,3475378212298.3286
Scale-adaptive OGD (M->inf),106251,1072168.42329668,3246560246266.311
Scale-adaptive OGD (M->inf),106301,1072168.3427113886,522377833625.4402
Scale-adaptive OGD (M->inf),106351,1072168.21088763,218506081609.6038
Scale-adaptive OGD (M->inf),106401,1072168.008375189,2912424064462.508
Scale-adaptive OGD (M->inf),106451,1072167.9063667187,195150070164.2833
Scale-adaptive OGD (M->inf),106501,1072167.8135011008,112231941895.983
Scale-adaptive OGD (M->inf),106551,1072167.7133029767,377852668116.5125
Scale-adaptive OGD (M->inf),106601,1072167.592902883,434041951033.6034
Scale-adaptive OGD (M->inf),106651,1072167.4514614036,11033090852273.836
Scale-adaptive OGD (M->inf),106701,1072167.3445084156,424813016575.2352
Scale-adaptive OGD (M->inf),106751,1072167.2266799244,921605325924.3986
Scale-adaptive OGD (M->inf),106801,1072167.149631911,195365543031.17987
Scale-adaptive OGD (M->inf),106851,1072166.9398188416,34163267203.82897
Scale-adaptive OGD (M->inf),106901,1072166.7331120016,1827059710029.6016
Scale-adaptive OGD (M->inf),106951,1072166.5404815036,3069941451996.5767
Scale-adaptive OGD (M->inf),107001,1072166.367612675,2542801383641.3203
Scale-adaptive OGD (M->inf),107051,1072166.0799122716,9151148831266.29
Scale-adaptive OGD (M->inf),107101,1072165.8369237736,3154138572085.535
Scale-adaptive OGD (M->inf),107151,1072165.6340818964,5437192810895.487
Scale-adaptive OGD (M->inf),107201,1072165.4954059934,4718414085253.048
Scale-adaptive OGD (M->inf),107251,1072165.3715235402,301363134374.32874
Scale-adaptive OGD (M->inf),107301,1072165.2213974171,573470462389.0885
Scale-adaptive OGD (M->inf),107351,1072165.1198656291,3109627444307.247
Scale-adaptive OGD (M->inf),107401,1072165.0098736135,3818077172834.1294
Scale-adaptive OGD (M->inf),107451,1072164.8631853908,1051579118995.9874
Scale-adaptive OGD (M->inf),107501,1072164.6688099934,4297171034269.845
Scale-adaptive OGD (M->inf),107551,1072164.5294315878,177577539243.27637
Scale-adaptive OGD (M->inf),107601,1072164.4270005983,1541412829628.4734
Scale-adaptive OGD (M->inf),107651,1072164.3328566917,64563964307.40025
Scale-adaptive OGD (M->inf),107701,1072164.1675040345,673129714484.9227
Scale-adaptive OGD (M->inf),107751,1072163.9957731676,143995737227.19168
Scale-adaptive OGD (M->inf),107801,1072163.770136032,8749903714050.155
Scale-adaptive OGD (M->inf),107851,1072163.3441596727,4587838228528.031
Scale-adaptive OGD (M->inf),107901,1072162.8688964841,11295760493384.922
Scale-adaptive OGD (M->inf),107951,1072162.5877851192,11551839450631.473
Scale-adaptive OGD (M->inf),108001,1072162.3152548089,1307724730124.2544
Scale-adaptive OGD (M->inf),108051,1072162.023538852,8205450925588.338
Scale-adaptive OGD (M->inf),108101,1072161.77058978,1864581918412.233
Scale-adaptive OGD (M->inf),108151,1072161.5821651379,3428804156973.0137
Scale-adaptive OGD (M->inf),108201,1072161.405925235,3000953025728.225
Scale-adaptive OGD (M->inf),108251,1072161.1143429785,19748664542171.273
Scale-adaptive OGD (M->inf),108301,1072160.8163119054,84675064746.47829
Scale-adaptive OGD (M->inf),108351,1072160.464992293,1448154660281.842
Scale-adaptive OGD (M->inf),108401,1072160.2060915031,2494356406351.536
Scale-adaptive OGD (M->inf),108451,1072159.9629690517,1909371620978.341
Scale-adaptive OGD (M->inf),108501,1072159.6956923336,5319606487693.255
Scale-adaptive OGD (M->inf),108551,1072159.505248761,5387643104743.76
Scale-adaptive OGD (M->inf),108601,1072159.350571178,193344646930.22983
Scale-adaptive OGD (M->inf),108651,1072159.2164770833,26719855600.78696
Scale-adaptive OGD (M->inf),108701,1072159.0789011861,4373267298525.78
Scale-adaptive OGD (M->inf),108751,1072158.9524445005,316224575494.6938
Scale-adaptive OGD (M->inf),108801,1072158.7656140781,1277827651005.6133
Scale-adaptive OGD (M->inf),108851,1072158.5988482526,594918635178.6512
Scale-adaptive OGD (M->inf),108901,1072158.4368754511,17167686656.944574
Scale-adaptive OGD (M->inf),108951,1072158.2087144873,292053078713.0004
Scale-adaptive OGD (M->inf),109001,1072157.9300464576,48560985695.14378
Scale-adaptive OGD (M->inf),109051,1072157.6346471638,4862596199297.508
Scale-adaptive OGD (M->inf),109101,1072157.3458455673,2676003946007.597
Scale-adaptive OGD (M->inf),109151,1072157.0821719975,9676909682193.99
Scale-adaptive OGD (M->inf),109201,1072156.8489139832,8326135320.703541
Scale-adaptive OGD (M->inf),109251,1072156.602742208,6134525080872.264
Scale-adaptive OGD (M->inf),109301,1072156.4511705677,508886822700.45593
Scale-adaptive OGD (M->inf),109351,1072156.2286825764,2351389923073.102
Scale-adaptive OGD (M->inf),109401,1072156.1128536172,1929325631191.0696
Scale-adaptive OGD (M->inf),109451,1072155.9646785292,43956156711.839264
Scale-adaptive OGD (M->inf),109501,1072155.7693794477,8327018143252.854
Scale-adaptive OGD (M->inf),109551,1072155.5899831017,8683057265735.796
Scale-adaptive OGD (M->inf),109601,1072155.416171249,1264357218866.8958
Scale-adaptive OGD (M->inf),109651,1072155.240867522,86685678211.63763
Scale-adaptive OGD (M->inf),109701,1072155.0817145742,447754327937.0357
Scale-adaptive OGD (M->inf),109751,1072154.859227487,1841014080482.7732
Scale-adaptive OGD (M->inf),109801,1072154.7641673917,2174376278410.9897
Scale-adaptive OGD (M->inf),109851,1072154.6533397643,50021942125.76276
Scale-adaptive OGD (M->inf),109901,1072154.5361190166,74469414826.987
Scale-adaptive OGD (M->inf),109951,1072154.4047386318,2184211325843.6729
Scale-adaptive OGD (M->inf),110001,1072154.2912184203,218287792669.17007
Scale-adaptive OGD (M->inf),110051,1072154.1427976033,2757330420896.4287
Scale-adaptive OGD (M->inf),110101,1072154.001048325,464752061734.8242
Scale-adaptive OGD (M->inf),110151,1072153.808015898,173260211411.20096
Scale-adaptive OGD (M->inf),110201,1072153.6629718812,2622655754083.721
Scale-adaptive OGD (M->inf),110251,1072153.4926248458,932017199129.2643
Scale-adaptive OGD (M->inf),110301,1072153.3294831263,573838994708.1519
Scale-adaptive OGD (M->inf),110351,1072153.1664372454,3013226857904.4966
Scale-adaptive OGD (M->inf),110401,1072152.9784754466,919671313568.3986
Scale-adaptive OGD (M->inf),110451,1072152.7917743642,2045062755041.1567
Scale-adaptive OGD (M->inf),110501,1072152.6585196136,101005124473.98624
Scale-adaptive OGD (M->inf),110551,1072152.514329629,417779847124.84753
Scale-adaptive OGD (M->inf),110601,1072152.3147584219,1414899145534.2031
Scale-adaptive OGD (M->inf),110651,1072152.0683463337,136662253262.44968
Scale-adaptive OGD (M->inf),110701,1072151.9558307487,3513980297919.396
Scale-adaptive OGD (M->inf),110751,1072151.8168096275,12645510674.870403
Scale-adaptive OGD (M->inf),110801,1072151.688693906,106683775064.80402
Scale-adaptive OGD (M->inf),110851,1072151.5796480759,1787567960894.9565
Scale-adaptive OGD (M->inf),110901,1072151.3935060843,855921338519.0435
Scale-adaptive OGD (M->inf),110951,1072151.2380097797,12259789.854633573
Scale-adaptive OGD (M->inf),111001,1072151.0439986885,792025305894.5004
Scale-adaptive OGD (M->inf),111051,1072150.8008559279,4508178099741.481
Scale-adaptive OGD (M->inf),111101,1072150.5822723338,1262535597412.5186
Scale-adaptive OGD (M->inf),111151,1072150.4097446636,28114217674.811684
Scale-adaptive OGD (M->inf),111201,1072150.2013967622,3472930582.0828876
Scale-adaptive OGD (M->inf),111251,1072150.0198748584,1208391157401.1501
Scale-adaptive OGD (M->inf),111301,1072149.7655500008,181827033748.5706
Scale-adaptive OGD (M->inf),111351,1072149.53121714,2975498059759.2407
Scale-adaptive OGD (M->inf),111401,1072149.2699168415,22759194245219.48
Scale-adaptive OGD (M->inf),111451,1072149.1018924841,2408370351224.256
Scale-adaptive OGD (M->inf),111501,1072148.8720873662,6565319922.370306
Scale-adaptive OGD (M->inf),111551,1072148.5947492095,781800993176.9747
Scale-adaptive OGD (M->inf),111601,1072148.3224825915,48064178695.54096
Scale-adaptive OGD (M->inf),111651,1072148.0922678888,1626909817917.8894
Scale-adaptive OGD (M->inf),111701,1072147.8779796772,6045492810061.028
Scale-adaptive OGD (M->inf),111751,1072147.670051122,5499089645710.792
Scale-adaptive OGD (M->inf),111801,1072147.4551182315,1135999005577.8928
Scale-adaptive OGD (M->inf),111851,1072147.2565954453,12833000223.286299
Scale-adaptive OGD (M->inf),111901,1072147.0429353684,406347584389.7431
Scale-adaptive OGD (M->inf),111951,1072146.7855087975,282324030824.61584
Scale-adaptive OGD (M->inf),112001,1072146.5488123065,6774042654459.192
Scale-adaptive OGD (M->inf),112051,1072146.2902461048,19067790262196.69
Scale-adaptive OGD (M->inf),112101,1072146.1318373524,145244722.99185607
Scale-adaptive OGD (M->inf),112151,1072145.9222452312,158859058320.0311
Scale-adaptive OGD (M->inf),112201,1072145.702852629,1980941456322.4644
Scale-adaptive OGD (M->inf),112251,1072145.5186015249,49451803767.88671
Scale-adaptive OGD (M->inf),112301,1072145.2864661973,131471728842.14961
Scale-adaptive OGD (M->inf),112351,1072145.0401586778,3195425546565.8867
Scale-adaptive OGD (M->inf),112401,1072144.8588102034,4900307087783.072
Scale-adaptive OGD (M->inf),112451,1072144.6567349068,1217354048514.4653
Scale-adaptive OGD (M->inf),112501,1072144.4719067104,335315405118.3895
Scale-adaptive OGD (M->inf),112551,1072144.2808557632,4249303834813.7295
Scale-adaptive OGD (M->inf),112601,1072144.0822537036,44783442.921985894
Scale-adaptive OGD (M->inf),112651,1072143.84022129,8506017949938.74
Scale-adaptive OGD (M->inf),112701,1072143.5273003383,92524387196.40637
Scale-adaptive OGD (M->inf),112751,1072143.3360100188,566674670086.5198
Scale-adaptive OGD (M->inf),112801,1072143.1566124817,4310385663279.3228
Scale-adaptive OGD (M->inf),112851,1072143.0047089425,386301852403.28674
Scale-adaptive OGD (M->inf),112901,1072142.8584845916,1556104257580.7708
Scale-adaptive OGD (M->inf),112951,1072142.6934248284,1241332268550.4832
Scale-adaptive OGD (M->inf),113001,1072142.5214568905,724699880739.9658
Scale-adaptive OGD (M->inf),113051,1072142.2728194848,7105311041641.594
Scale-adaptive OGD (M->inf),113101,1072142.1065913183,1330264874167.0408
Scale-adaptive OGD (M->inf),113151,1072141.9820978479,647375977928.4755
Scale-adaptive OGD (M->inf),113201,1072141.8592182125,1102951161334.3523
Scale-adaptive OGD (M->inf),113251,1072141.73174849,324331552309.85077
Scale-adaptive OGD (M->inf),113301,1072141.5806747095,9345764797250.03
Scale-adaptive OGD (M->inf),113351,1072141.4281175043,1128543001210.5603
Scale-adaptive OGD (M->inf),113401,1072141.2809595908,249157262231.21667
Scale-adaptive OGD (M->inf),113451,1072141.0953624626,1325176705681.589
Scale-adaptive OGD (M->inf),113501,1072140.8785289496,3622986383506.38
Scale-adaptive OGD (M->inf),113551,1072140.7172780158,385212572295.87756
Scale-adaptive OGD (M->inf),113601,1072140.5752745247,33948982170.59963
Scale-adaptive OGD (M->inf),113651,1072140.3821339281,15166659640.575714
Scale-adaptive OGD (M->inf),113701,1072140.0582672164,13757481820038.266
Scale-adaptive OGD (M->inf),113751,1072139.7969727297,2887363329506.3223
Scale-adaptive OGD (M->inf),113801,1072139.5640807904,130224798897.43582
Scale-adaptive OGD (M->inf),113851,1072139.2890701087,502012955579.5291
Scale-adaptive OGD (M->inf),113901,1072139.03776637,1591422791352.045
Scale-adaptive OGD (M->inf),113951,1072138.8285642883,2019476663451.028
Scale-adaptive OGD (M->inf),114001,1072138.6380474428,1953368259588.845
Scale-adaptive OGD (M->inf),114051,1072138.4783713974,4074972511748.3735
Scale-adaptive OGD (M->inf),114101,1072138.3129409817,751603535814.5812
Scale-adaptive OGD (M->inf),114151,1072138.1252733858,1663505815122.0464
Scale-adaptive OGD (M->inf),114201,1072137.931655575,866349374067.6921
Scale-adaptive OGD (M->inf),114251,1072137.6930874726,696727730523.2772
Scale-adaptive OGD (M->inf),114301,1072137.494575542,7327854802379.807
Scale-adaptive OGD (M->inf),114351,1072137.204462158,9428004792327.287
Scale-adaptive OGD (M->inf),114401,1072136.9975121457,5111133340606.269
Scale-adaptive OGD (M->inf),114451,1072136.6604238437,15603617299343.842
Scale-adaptive OGD (M->inf),114501,1072136.3770383832,1710299375174.4368
Scale-adaptive OGD (M->inf),114551,1072136.1532057307,211524845321.8141
Scale-adaptive OGD (M->inf),114601,1072135.9606063848,2188697197717.5515
Scale-adaptive OGD (M->inf),114651,1072135.7381938933,10742625797.294027
Scale-adaptive OGD (M->inf),114701,1072135.5592009958,8185705799532.078
Scale-adaptive OGD (M->inf),114751,1072135.372704086,8273874996579.856
Scale-adaptive OGD (M->inf),114801,1072135.2064757675,159753098686.71774
Scale-adaptive OGD (M->inf),114851,1072134.9574050433,265444865929.18973
Scale-adaptive OGD (M->inf),114901,1072134.7489359141,151064897517.97897
Scale-adaptive OGD (M->inf),114951,1072134.5793358376,4521200613865.231
Scale-adaptive OGD (M->inf),115001,1072134.3542864588,10295634235219.295
Scale-adaptive OGD (M->inf),115051,1072134.1394490388,7611805637964.771
Scale-adaptive OGD (M->inf),115101,1072133.851187045,2803266063160.108
Scale-adaptive OGD (M->inf),115151,1072133.5524211011,133059783784.221
Scale-adaptive OGD (M->inf),115201,1072133.2895654114,972731648735.487
Scale-adaptive OGD (M->inf),115251,1072133.024145947,10722145494236.477
Scale-adaptive OGD (M->inf),115301,1072132.7748821923,473114388210.14777
Scale-adaptive OGD (M->inf),115351,1072132.5782974684,5262600855881.795
Scale-adaptive OGD (M->inf),115401,1072132.3739473396,4740627763069.985
Scale-adaptive OGD (M->inf),115451,1072132.2190418448,8645113959.049986
Scale-adaptive OGD (M->inf),115501,1072132.0059075952,1414216514146.4067
Scale-adaptive OGD (M->inf),115551,1072131.720415814,187526778448.70547
Scale-adaptive OGD (M->inf),115601,1072131.4502162212,8909982585303.77
Scale-adaptive OGD (M->inf),115651,1072131.1542277446,4581141050360.75
Scale-adaptive OGD (M->inf),115701,1072130.9837190504,1551572950543.988
Scale-adaptive OGD (M->inf),115751,1072130.8329843776,6797998373582.321
Scale-adaptive OGD (M->inf),115801,1072130.6609702148,331402700477.0863
Scale-adaptive OGD (M->inf),115851,1072130.4908150856,266373469457.17972
Scale-adaptive OGD (M->inf),115901,1072130.3166047551,1348131417500.2043
Scale-adaptive OGD (M->inf),115951,1072130.1701996843,125777046905.44281
Scale-adaptive OGD (M->inf),116001,1072129.9525781856,9895798847023.238
Scale-adaptive OGD (M->inf),116051,1072129.775663441,1871071701764.0254
Scale-adaptive OGD (M->inf),116101,1072129.5559909453,2019339321695.9585
Scale-adaptive OGD (M->inf),116151,1072129.324396978,1002147829874.5444
Scale-adaptive OGD (M->inf),116201,1072129.1183678408,985556681168.2189
Scale-adaptive OGD (M->inf),116251,1072128.931764319,5569882386046.6045
Scale-adaptive OGD (M->inf),116301,1072128.7459560107,42123026988.70838
Scale-adaptive OGD (M->inf),116351,1072128.5677218335,2040143133781.2983
Scale-adaptive OGD (M->inf),116401,1072128.3642001247,560284717525.1078
Scale-adaptive OGD (M->inf),116451,1072128.198269344,46329794285.576256
Scale-adaptive OGD (M->inf),116501,1072127.9987808818,105700742708.71036
Scale-adaptive OGD (M->inf),116551,1072127.7799521664,214610422103.52686
Scale-adaptive OGD (M->inf),116601,1072127.5801057124,87483589891.46404
Scale-adaptive OGD (M->inf),116651,1072127.2701048413,14527047827152.648
Scale-adaptive OGD (M->inf),116701,1072126.922664218,9211730139626.03
Scale-adaptive OGD (M->inf),116751,1072126.6822107274,17785613479.359825
Scale-adaptive OGD (M->inf),116801,1072126.4389576467,1478392920975.3826
Scale-adaptive OGD (M->inf),116851,1072126.2253969882,73627920599.90819
Scale-adaptive OGD (M->inf),116901,1072126.0523073645,5535618603447.725
Scale-adaptive OGD (M->inf),116951,1072125.8716859517,9163595002828.975
Scale-adaptive OGD (M->inf),117001,1072125.6936442612,2927430321710.0015
Scale-adaptive OGD (M->inf),117051,1072125.5242480512,660677082179.963
Scale-adaptive OGD (M->inf),117101,1072125.2991087458,10352126752.746426
Scale-adaptive OGD (M->inf),117151,1072125.0561141695,3104333263.201529
Scale-adaptive OGD (M->inf),117201,1072124.8992977072,1202017383070.1487
Scale-adaptive OGD (M->inf),117251,1072124.7181974673,18047726004.69751
Scale-adaptive OGD (M->inf),117301,1072124.546589027,5446084412165.109
Scale-adaptive OGD (M->inf),117351,1072124.3571027352,369092749175.3412
Scale-adaptive OGD (M->inf),117401,1072124.135637474,7481430439453.576
Scale-adaptive OGD (M->inf),117451,1072123.9859728962,720312886010.2532
Scale-adaptive OGD (M->inf),117501,1072123.8561114005,75880935307.11069
Scale-adaptive OGD (M->inf),117551,1072123.664809304,2338029417633.1094
Scale-adaptive OGD (M->inf),117601,1072123.4632892534,5768597666364.085
Scale-adaptive OGD (M->inf),117651,1072123.2625762867,5875973918150.618
Scale-adaptive OGD (M->inf),117701,1072123.0416764875,114940361165.85088
Scale-adaptive OGD (M->inf),117751,1072122.7632104496,2243772402531.071
Scale-adaptive OGD (M->inf),117801,1072122.625795493,2861766320.8158875
Scale-adaptive OGD (M->inf),117851,1072122.3999195902,2570768253825.0815
Scale-adaptive OGD (M->inf),117901,1072122.1570894856,263446328552.91034
Scale-adaptive OGD (M->inf),117951,1072121.9191552515,12775396432885.406
Scale-adaptive OGD (M->inf),118001,1072121.729970332,1788528839776.9106
Scale-adaptive OGD (M->inf),118051,1072121.546155361,16177983843.26827
Scale-adaptive OGD (M->inf),118101,1072121.3131839645,2837790579475.561
Scale-adaptive OGD (M->inf),118151,1072121.0902640454,188258689451.99072
Scale-adaptive OGD (M->inf),118201,1072120.8703726702,12863677165458.527
Scale-adaptive OGD (M->inf),118251,1072120.6406599625,4539787944131.1045
Scale-adaptive OGD (M->inf),118301,1072120.441285884,4140992297697.1587
Scale-adaptive OGD (M->inf),118351,1072120.228032402,1646758020220.0745
Scale-adaptive OGD (M->inf),118401,1072120.0446069723,31264953459.172573
Scale-adaptive OGD (M->inf),118451,1072119.8158151007,1946254599048.623
Scale-adaptive OGD (M->inf),118501,1072119.5819597414,3764041362852.8774
Scale-adaptive OGD (M->inf),118551,1072119.355489734,22070280085.38213
Scale-adaptive OGD (M->inf),118601,1072119.126343268,12563488063045.047
Scale-adaptive OGD (M->inf),118651,1072118.8998543362,8164714861188.366
Scale-adaptive OGD (M->inf),118701,1072118.6751549884,50004538052.13247
Scale-adaptive OGD (M->inf),118751,1072118.410873351,4624525956505.62
Scale-adaptive OGD (M->inf),118801,1072118.0442656956,3351157029398.07
Scale-adaptive OGD (M->inf),118851,1072117.7686959663,9688541687894.785
Scale-adaptive OGD (M->inf),118901,1072117.5163699496,378058232306.72327
Scale-adaptive OGD (M->inf),118951,1072117.2860798868,1868199354111.6099
Scale-adaptive OGD (M->inf),119001,1072117.0300809047,11933039018184.04
Scale-adaptive OGD (M->inf),119051,1072116.7566490353,472356193.8339441
Scale-adaptive OGD (M->inf),119101,1072116.5808332912,3706485097723.534
Scale-adaptive OGD (M->inf),119151,1072116.4044136594,601770819562.9987
Scale-adaptive OGD (M->inf),119201,1072116.267454902,7723732920422.34
Scale-adaptive OGD (M->inf),119251,1072116.1047578,3671295934074.6313
Scale-adaptive OGD (M->inf),119301,1072115.8967002945,1161555099080.0771
Scale-adaptive OGD (M->inf),119351,1072115.757820038,58015211596.49107
Scale-adaptive OGD (M->inf),119401,1072115.6177225544,3256630918831.817
Scale-adaptive OGD (M->inf),119451,1072115.4222427716,3866561237658.5513
Scale-adaptive OGD (M->inf),119501,1072115.2836333064,1420372523924.2644
Scale-adaptive OGD (M->inf),119551,1072115.1080737438,4373210659906.445
Scale-adaptive OGD (M->inf),119601,1072114.9432249756,2180119055845.9885
Scale-adaptive OGD (M->inf),119651,1072114.8061048682,4965489263780.143
Scale-adaptive OGD (M->inf),119701,1072114.6723239894,2106708016003.7617
Scale-adaptive OGD (M->inf),119751,1072114.3909204695,25118288794320.457
Scale-adaptive OGD (M->inf),119801,1072114.1808938873,2819950650923.078
Scale-adaptive OGD (M->inf),119851,1072113.983234249,164574080211.1302
Scale-adaptive OGD (M->inf),119901,1072113.7666971844,1876176314119.3792
Scale-adaptive OGD (M->inf),119951,1072113.54979563,24620317112990.72
Scale-adaptive OGD (M->inf),120001,1072113.36181219,2189800436387.7185
Scale-adaptive OGD (M->inf),120051,1072113.1269558035,22269253884.167934
Scale-adaptive OGD (M->inf),120101,1072112.9266527768,714154269333.4211
Scale-adaptive OGD (M->inf),120151,1072112.7419841948,7059174575027.327
Scale-adaptive OGD (M->inf),120201,1072112.6080071367,400663338259.72766
Scale-adaptive OGD (M->inf),120251,1072112.455089067,304968368821.11005
Scale-adaptive OGD (M->inf),120301,1072112.2923593349,223348325870.5932
Scale-adaptive OGD (M->inf),120351,1072112.1188992686,3632423352830.111
Scale-adaptive OGD (M->inf),120401,1072111.9781161856,195025009666.77887
Scale-adaptive OGD (M->inf),120451,1072111.8180920046,1807035295758.6123
Scale-adaptive OGD (M->inf),120501,1072111.6500097343,384687831222.6289
Scale-adaptive OGD (M->inf),120551,1072111.428968115,10263300519506.092
Scale-adaptive OGD (M->inf),120601,1072111.203223473,7386213860354.967
Scale-adaptive OGD (M->inf),120651,1072111.0197436358,677498901461.0256
Scale-adaptive OGD (M->inf),120701,1072110.8530998908,120751640147.01729
Scale-adaptive OGD (M->inf),120751,1072110.695009736,5787087985630.384
Scale-adaptive OGD (M->inf),120801,1072110.5596815238,235505631215.64673
Scale-adaptive OGD (M->inf),120851,1072110.4267394436,1136449819689.7375
Scale-adaptive OGD (M->inf),120901,1072110.2804485154,1485877981772.413
Scale-adaptive OGD (M->inf),120951,1072110.1610341615,1645791608148.472
Scale-adaptive OGD (M->inf),121001,1072110.0235016346,396131434274.15607
Scale-adaptive OGD (M->inf),121051,1072109.816983681,4413015638879.667
Scale-adaptive OGD (M->inf),121101,1072109.6254917528,2011733830953.3428
Scale-adaptive OGD (M->inf),121151,1072109.476090761,4964355840557.103
Scale-adaptive OGD (M->inf),121201,1072109.3348860554,5176690050.066555
Scale-adaptive OGD (M->inf),121251,1072109.1591514768,3463916711597.2104
Scale-adaptive OGD (M->inf),121301,1072108.9479441706,111548128767.07181
Scale-adaptive OGD (M->inf),121351,1072108.7509035366,3658379129601.066
Scale-adaptive OGD (M->inf),121401,1072108.5574048345,3601699095159.467
Scale-adaptive OGD (M->inf),121451,1072108.3901749772,1444865508516.8005
Scale-adaptive OGD (M->inf),121501,1072108.269117825,1254672485113.7224
Scale-adaptive OGD (M->inf),121551,1072108.1508093954,4009262381616.6577
Scale-adaptive OGD (M->inf),121601,1072108.013142473,122755481030.73499
Scale-adaptive OGD (M->inf),121651,1072107.876872291,7509989599136.18
Scale-adaptive OGD (M->inf),121701,1072107.7197897972,2251812810501.7554
Scale-adaptive OGD (M->inf),121751,1072107.6083777286,313726482900.2502
Scale-adaptive OGD (M->inf),121801,1072107.4932395252,308811965175.4717
Scale-adaptive OGD (M->inf),121851,1072107.3445455544,51441969193.98593
Scale-adaptive OGD (M->inf),121901,1072107.2079991738,862018708602.7468
Scale-adaptive OGD (M->inf),121951,1072107.0765013432,2234406703530.5107
Scale-adaptive OGD (M->inf),122001,1072106.9313908268,203825706949.55713
Scale-adaptive OGD (M->inf),122051,1072106.6183587636,177836694831.11267
Scale-adaptive OGD (M->inf),122101,1072106.2818825764,144036648998.6388
Scale-adaptive OGD (M->inf),122151,1072105.8415119431,3479888191418.425
Scale-adaptive OGD (M->inf),122201,1072105.5565143144,1847550808218.3826
Scale-adaptive OGD (M->inf),122251,1072105.324698265,5394581996044.542
Scale-adaptive OGD (M->inf),122301,1072105.1095676997,505576301569.1957
Scale-adaptive OGD (M->inf),122351,1072104.8824023257,2411993433787.215
Scale-adaptive OGD (M->inf),122401,1072104.633776709,1405680260091.9204
Scale-adaptive OGD (M->inf),122451,1072104.380745128,5629060414598.023
Scale-adaptive OGD (M->inf),122501,1072104.1240401175,215487708808.6916
Scale-adaptive OGD (M->inf),122551,1072103.872578674,2129150237532.8557
Scale-adaptive OGD (M->inf),122601,1072103.6923465075,1157747399166.5776
Scale-adaptive OGD (M->inf),122651,1072103.4949205413,813282499955.3447
Scale-adaptive OGD (M->inf),122701,1072103.2044032267,39788918624.6765
Scale-adaptive OGD (M->inf),122751,1072102.9522361616,1960523518323.3713
Scale-adaptive OGD (M->inf),122801,1072102.6874262549,779663199786.5603
Scale-adaptive OGD (M->inf),122851,1072102.409291471,170072779262.67
Scale-adaptive OGD (M->inf),122901,1072102.199240591,7808298293195.436
Scale-adaptive OGD (M->inf),122951,1072101.935645703,1384369513366.173
Scale-adaptive OGD (M->inf),123001,1072101.5735005366,5704995740932.28
Scale-adaptive OGD (M->inf),123051,1072101.3094903203,536054730005.135
Scale-adaptive OGD (M->inf),123101,1072101.126065371,9973382498481.785
Scale-adaptive OGD (M->inf),123151,1072100.9434344247,1212001489477.5312
Scale-adaptive OGD (M->inf),123201,1072100.7311874544,610675752121.0117
Scale-adaptive OGD (M->inf),123251,1072100.5517767014,219727297886.83524
Scale-adaptive OGD (M->inf),123301,1072100.3496260026,3634082299173.142
Scale-adaptive OGD (M->inf),123351,1072100.1505218341,2376689866337.7925
Scale-adaptive OGD (M->inf),123401,1072099.8794448397,7042881257524.693
Scale-adaptive OGD (M->inf),123451,1072099.5634488137,1554147542137.2012
Scale-adaptive OGD (M->inf),123501,1072099.261646086,4717883831235.624
Scale-adaptive OGD (M->inf),123551,1072098.988257083,1549082322873.841
Scale-adaptive OGD (M->inf),123601,1072098.724467678,1111874109843.771
Scale-adaptive OGD (M->inf),123651,1072098.5284432746,3986641605778.209
Scale-adaptive OGD (M->inf),123701,1072098.3343847382,7727935565749.098
Scale-adaptive OGD (M->inf),123751,1072098.2122347848,675345888074.0702
Scale-adaptive OGD (M->inf),123801,1072098.0009436556,7777129177908.186
Scale-adaptive OGD (M->inf),123851,1072097.851496623,672313473121.3988
Scale-adaptive OGD (M->inf),123901,1072097.7259573084,5179858084450.203
Scale-adaptive OGD (M->inf),123951,1072097.538565857,704725516558.2285
Scale-adaptive OGD (M->inf),124001,1072097.3492558743,4143358475279.686
Scale-adaptive OGD (M->inf),124051,1072097.185405652,684964646946.684
Scale-adaptive OGD (M->inf),124101,1072097.0137211918,6867257004251.793
Scale-adaptive OGD (M->inf),124151,1072096.8735174956,174899909240.6461
Scale-adaptive OGD (M->inf),124201,1072096.711529667,3852846837165.898
Scale-adaptive OGD (M->inf),124251,1072096.5491635317,327075944388.64246
Scale-adaptive OGD (M->inf),124301,1072096.3335892793,6826781979071.408
Scale-adaptive OGD (M->inf),124351,1072096.1288945298,1321574930431.7607
Scale-adaptive OGD (M->inf),124401,1072095.9477983676,2632394749844.602
Scale-adaptive OGD (M->inf),124451,1072095.7568114193,112570935642.66113
Scale-adaptive OGD (M->inf),124501,1072095.2749135632,8386453851743.381
Scale-adaptive OGD (M->inf),124551,1072094.8771483174,493432738148.32117
Scale-adaptive OGD (M->inf),124601,1072094.618483753,4043226283487.7354
Scale-adaptive OGD (M->inf),124651,1072094.4128000094,11999547183012.342
Scale-adaptive OGD (M->inf),124701,1072094.1526444904,13943748471460.838
Scale-adaptive OGD (M->inf),124751,1072093.9064177868,1663386624935.804
Scale-adaptive OGD (M->inf),124801,1072093.735945142,1093290894403.2753
Scale-adaptive OGD (M->inf),124851,1072093.5555079563,14952601470157.129
Scale-adaptive OGD (M->inf),124901,1072093.2979345417,13330261584843.81
Scale-adaptive OGD (M->inf),124951,1072093.0576060645,352606725481.28827
Scale-adaptive OGD (M->inf),125001,1072092.81111317,4520334012976.122
Scale-adaptive OGD (M->inf),125051,1072092.5170149098,6435912848708.154
Scale-adaptive OGD (M->inf),125101,1072092.2561942576,22466031471118.023
Scale-adaptive OGD (M->inf),125151,1072092.020511211,4808564725051.774
Scale-adaptive OGD (M->inf),125201,1072091.8409140024,1132883613469.0293
Scale-adaptive OGD (M->inf),125251,1072091.6231127745,5131253967013.898
Scale-adaptive OGD (M->inf),125301,1072091.4437507843,4957170735199.338
Scale-adaptive OGD (M->inf),125351,1072091.3423783989,438842725496.63043
Scale-adaptive OGD (M->inf),125401,1072091.222984898,1037572673868.6653
Scale-adaptive OGD (M->inf),125451,1072091.0331905177,889200000072.8737
Scale-adaptive OGD (M->inf),125501,1072090.8956511982,3551075339158.6216
Scale-adaptive OGD (M->inf),125551,1072090.7071860223,6012553605366.444
Scale-adaptive OGD (M->inf),125601,1072090.5284910062,6537542541396.216
Scale-adaptive OGD (M->inf),125651,1072090.3189020855,882660541599.6373
Scale-adaptive OGD (M->inf),125701,1072090.0006308816,8646694676149.532
Scale-adaptive OGD (M->inf),125751,1072089.8295207936,3063757743812.4434
Scale-adaptive OGD (M->inf),125801,1072089.632125336,4021396013242.2583
Scale-adaptive OGD (M->inf),125851,1072089.46969785,2034746092421.0208
Scale-adaptive OGD (M->inf),125901,1072089.2922515385,11599895142527.52
Scale-adaptive OGD (M->inf),125951,1072089.1359480105,1705431250097.5046
Scale-adaptive OGD (M->inf),126001,1072089.0426313463,1608139847279.8892
Scale-adaptive OGD (M->inf),126051,1072088.9622310936,51815102242.75255
Scale-adaptive OGD (M->inf),126101,1072088.8181236945,198327428260.98004
Scale-adaptive OGD (M->inf),126151,1072088.6690592072,4666860212731.383
Scale-adaptive OGD (M->inf),126201,1072088.5308840824,190227384.42372984
Scale-adaptive OGD (M->inf),126251,1072088.4019497195,3315667111432.6797
Scale-adaptive OGD (M->inf),126301,1072088.2424784082,1951484000485.926
Scale-adaptive OGD (M->inf),126351,1072088.0819497113,336880371321.1679
Scale-adaptive OGD (M->inf),126401,1072087.9457779836,10145013592999.096
Scale-adaptive OGD (M->inf),126451,1072087.7963642809,954335780952.7727
Scale-adaptive OGD (M->inf),126501,1072087.6118271502,1793797882259.2056
Scale-adaptive OGD (M->inf),126551,1072087.4291926117,1377060125978.3838
Scale-adaptive OGD (M->inf),126601,1072087.2802932123,950053609315.984
Scale-adaptive OGD (M->inf),126651,1072087.0698398135,1073229266.2293586
Scale-adaptive OGD (M->inf),126701,1072086.8575566085,2743194017345.468
Scale-adaptive OGD (M->inf),126751,1072086.7546795483,2263945250649.7153
Scale-adaptive OGD (M->inf),126801,1072086.5401230825,9702611578283.234
Scale-adaptive OGD (M->inf),126851,1072086.184866617,14668819750808.383
Scale-adaptive OGD (M->inf),126901,1072086.0279776505,11704118788551.23
Scale-adaptive OGD (M->inf),126951,1072085.888678628,3556574551983.761
Scale-adaptive OGD (M->inf),127001,1072085.7573775633,413063000877.611
Scale-adaptive OGD (M->inf),127051,1072085.6306906561,2650984776748.2427
Scale-adaptive OGD (M->inf),127101,1072085.4943967308,3506597408637.447
Scale-adaptive OGD (M->inf),127151,1072085.3563142733,348377384124.6579
Scale-adaptive OGD (M->inf),127201,1072085.2701250133,11856074023905.64
Scale-adaptive OGD (M->inf),127251,1072085.1314344537,5249068995.336243
Scale-adaptive OGD (M->inf),127301,1072085.0261337135,456973670411.1207
Scale-adaptive OGD (M->inf),127351,1072084.9301333067,150604817942.70633
Scale-adaptive OGD (M->inf),127401,1072084.7543108135,991280920593.1348
Scale-adaptive OGD (M->inf),127451,1072084.5933687652,5118423133449.225
Scale-adaptive OGD (M->inf),127501,1072084.3517411838,6241208869622.536
Scale-adaptive OGD (M->inf),127551,1072084.0417928472,6100564616082.94
Scale-adaptive OGD (M->inf),127601,1072083.951970514,83558666229.2411
Scale-adaptive OGD (M->inf),127651,1072083.7926342199,2189172683199.9722
Scale-adaptive OGD (M->inf),127701,1072083.6370315887,579860462649.3175
Scale-adaptive OGD (M->inf),127751,1072083.5088159181,19474833339.13171
Scale-adaptive OGD (M->inf),127801,1072083.38343389,5078648568087.375
Scale-adaptive OGD (M->inf),127851,1072083.2783492976,504241026390.4703
Scale-adaptive OGD (M->inf),127901,1072083.1877263486,10194823005.897085
Scale-adaptive OGD (M->inf),127951,1072083.0531866967,55926278908.2755
Scale-adaptive OGD (M->inf),128001,1072082.9565700556,1265644182070.4192
Scale-adaptive OGD (M->inf),128051,1072082.85255959,85839695543.99083
Scale-adaptive OGD (M->inf),128101,1072082.7146949726,1834000670721.3652
Scale-adaptive OGD (M->inf),128151,1072082.5682919486,5192787440269.341
Scale-adaptive OGD (M->inf),128201,1072082.462852668,5603543790.165298
Scale-adaptive OGD (M->inf),128251,1072082.330967122,5252485673749.957
Scale-adaptive OGD (M->inf),128301,1072082.211701463,96071192685.44994
Scale-adaptive OGD (M->inf),128351,1072082.0924258607,39818052821.210304
Scale-adaptive OGD (M->inf),128401,1072081.9398094646,26445168742.203083
Scale-adaptive OGD (M->inf),128451,1072081.7592606687,4574071116890.815
Scale-adaptive OGD (M->inf),128501,1072081.5685179422,7653410755831.221
Scale-adaptive OGD (M->inf),128551,1072081.3341111648,4632063805470.282
Scale-adaptive OGD (M->inf),128601,1072081.1014329926,264449421704.47073
Scale-adaptive OGD (M->inf),128651,1072080.935932486,36609555544.6461
Scale-adaptive OGD (M->inf),128701,1072080.778182741,5358.6282157639225
Scale-adaptive OGD (M->inf),128751,1072080.6332391398,683728410944.9646
Scale-adaptive OGD (M->inf),128801,1072080.5038406549,1513669560087.018
Scale-adaptive OGD (M->inf),128851,1072080.3715089879,2537314520369.208
Scale-adaptive OGD (M->inf),128901,1072080.24037015,34034719100.379894
Scale-adaptive OGD (M->inf),128951,1072080.1331768944,73438459836.59888
Scale-adaptive OGD (M->inf),129001,1072080.0026536009,1144050872.440129
Scale-adaptive OGD (M->inf),129051,1072079.7498262788,10079256069.938354
Scale-adaptive OGD (M->inf),129101,1072079.6522402475,2708191432578.1094
Scale-adaptive OGD (M->inf),129151,1072079.506738421,1315450121232.5525
Scale-adaptive OGD (M->inf),129201,1072079.3616270768,376563699280.2578
Scale-adaptive OGD (M->inf),129251,1072079.1754577814,22702521353.49531
Scale-adaptive OGD (M->inf),129301,1072079.0325119782,715180253704.0442
Scale-adaptive OGD (M->inf),129351,1072078.95770099,1624312626700.7302
Scale-adaptive OGD (M->inf),129401,1072078.890503167,1378774973475.7715
Scale-adaptive OGD (M->inf),129451,1072078.806867643,7944149227.904526
Scale-adaptive OGD (M->inf),129501,1072078.6569987743,262416494540.52753
Scale-adaptive OGD (M->inf),129551,1072078.5313750103,817321816377.6189
Scale-adaptive OGD (M->inf),129601,1072078.397743295,564726033.5700496
Scale-adaptive OGD (M->inf),129651,1072078.20407545,721898685837.006
Scale-adaptive OGD (M->inf),129701,1072077.9463675215,377310072582.9587
Scale-adaptive OGD (M->inf),129751,1072077.7824600702,208777108011.28256
Scale-adaptive OGD (M->inf),129801,1072077.6403913097,352104976732.0429
Scale-adaptive OGD (M->inf),129851,1072077.504381986,326107146894.0886
Scale-adaptive OGD (M->inf),129901,1072077.3637331794,1662501285910.1704
Scale-adaptive OGD (M->inf),129951,1072077.2127699337,1504046251883.2747
Scale-adaptive OGD (M->inf),130001,1072077.0659539145,281686947655.9652
Scale-adaptive OGD (M->inf),130051,1072076.911238341,1306655592325.5696
Scale-adaptive OGD (M->inf),130101,1072076.7680013545,847162755511.7635
Scale-adaptive OGD (M->inf),130151,1072076.5908102116,269178629280.96194
Scale-adaptive OGD (M->inf),130201,1072076.398132082,1205371126711.7424
Scale-adaptive OGD (M->inf),130251,1072076.2764261297,272672272111.4166
Scale-adaptive OGD (M->inf),130301,1072076.0952102095,246340248158.27393
Scale-adaptive OGD (M->inf),130351,1072075.863924279,275682837217.3051
Scale-adaptive OGD (M->inf),130401,1072075.7616789544,1385368279240.8352
Scale-adaptive OGD (M->inf),130451,1072075.6388837814,418657571198.71173
Scale-adaptive OGD (M->inf),130501,1072075.4817554837,584774158701.3351
Scale-adaptive OGD (M->inf),130551,1072075.2590144514,969544705069.3468
Scale-adaptive OGD (M->inf),130601,1072075.112389495,7223614872937.825
Scale-adaptive OGD (M->inf),130651,1072075.0010335764,1464172863476.6738
Scale-adaptive OGD (M->inf),130701,1072074.8984284885,1135447977923.1228
Scale-adaptive OGD (M->inf),130751,1072074.6989568444,1776601638125.158
Scale-adaptive OGD (M->inf),130801,1072074.5776648906,47503293797.68536
Scale-adaptive OGD (M->inf),130851,1072074.4702925647,416212946544.5201
Scale-adaptive OGD (M->inf),130901,1072074.3438403292,1537614542504.785
Scale-adaptive OGD (M->inf),130951,1072074.1886118904,383436038985.9555
Scale-adaptive OGD (M->inf),131001,1072073.9890215185,881584029911.5692
Scale-adaptive OGD (M->inf),131051,1072073.64677877,378404812073.0551
Scale-adaptive OGD (M->inf),131101,1072073.4616847807,5577528594189.23
Scale-adaptive OGD (M->inf),131151,1072073.2222672817,725647211251.313
Scale-adaptive OGD (M->inf),131201,1072072.9874089758,843786703727.5697
Scale-adaptive OGD (M->inf),131251,1072072.77254568,10719498293.51797
Scale-adaptive OGD (M->inf),131301,1072072.5369931695,5890715863027.924
Scale-adaptive OGD (M->inf),131351,1072072.2939004735,2399239412203.62
Scale-adaptive OGD (M->inf),131401,1072071.9900209827,16257398079116.662
Scale-adaptive OGD (M->inf),131451,1072071.7034479822,11605714681413.527
Scale-adaptive OGD (M->inf),131501,1072071.5133406445,3630636009556.8687
Scale-adaptive OGD (M->inf),131551,1072071.2716476568,2585107516580.4043
Scale-adaptive OGD (M->inf),131601,1072071.0551986017,2666740371756.8726
Scale-adaptive OGD (M->inf),131651,1072070.781677941,6144697768408.479
Scale-adaptive OGD (M->inf),131701,1072070.6431721542,1273689809351.197
Scale-adaptive OGD (M->inf),131751,1072070.4693999018,16033069408.830011
Scale-adaptive OGD (M->inf),131801,1072070.269930697,1209097260481.0579
Scale-adaptive OGD (M->inf),131851,1072070.088243649,134688735727.0296
Scale-adaptive OGD (M->inf),131901,1072069.9423781105,1543799425607.479
Scale-adaptive OGD (M->inf),131951,1072069.7750184343,3589236502684.6445
Scale-adaptive OGD (M->inf),132001,1072069.5364979613,238078858538.95435
Scale-adaptive OGD (M->inf),132051,1072069.3724091914,97597059206.63013
Scale-adaptive OGD (M->inf),132101,1072069.2217020844,9032936471044.736
Scale-adaptive OGD (M->inf),132151,1072069.0867520843,243134006496.83414
Scale-adaptive OGD (M->inf),132201,1072068.935480824,306537284066.3916
Scale-adaptive OGD (M->inf),132251,1072068.776291885,2122262202992.3733
Scale-adaptive OGD (M->inf),132301,1072068.6394720282,252696154645.6482
Scale-adaptive OGD (M->inf),132351,1072068.508373356,1564088915293.0586
Scale-adaptive OGD (M->inf),132401,1072068.3169877212,2003488875515.3809
Scale-adaptive OGD (M->inf),132451,1072068.1873783218,544983128.9921305
Scale-adaptive OGD (M->inf),132501,1072068.0380800779,67248764717.59122
Scale-adaptive OGD (M->inf),132551,1072067.8794854707,1876124549686.2317
Scale-adaptive OGD (M->inf),132601,1072067.7025808215,165695945137.6568
Scale-adaptive OGD (M->inf),132651,1072067.5332561692,5645874698350.936
Scale-adaptive OGD (M->inf),132701,1072067.390109368,448525439582.0437
Scale-adaptive OGD (M->inf),132751,1072067.2173900746,129337564359.4027
Scale-adaptive OGD (M->inf),132801,1072067.0555738797,568302092815.6055
Scale-adaptive OGD (M->inf),132851,1072066.9445657136,207053632533.2016
Scale-adaptive OGD (M->inf),132901,1072066.8515375743,4240079323857.4507
Scale-adaptive OGD (M->inf),132951,1072066.6696320449,1729350039877.6187
Scale-adaptive OGD (M->inf),133001,1072066.5191644626,180566175154.74237
Scale-adaptive OGD (M->inf),133051,1072066.3363126484,1112979459.595322
Scale-adaptive OGD (M->inf),133101,1072066.1708424224,142206889094.1837
Scale-adaptive OGD (M->inf),133151,1072065.9961422125,1536241559306.2937
Scale-adaptive OGD (M->inf),133201,1072065.8232326317,1216675027247.2742
Scale-adaptive OGD (M->inf),133251,1072065.717880963,58778.55190769181
Scale-adaptive OGD (M->inf),133301,1072065.5930274166,223457649635.36652
Scale-adaptive OGD (M->inf),133351,1072065.4196179996,848658571665.15
Scale-adaptive OGD (M->inf),133401,1072065.3022440423,68203007913.834
Scale-adaptive OGD (M->inf),133451,1072065.1516577252,271083432110.5895
Scale-adaptive OGD (M->inf),133501,1072065.0030827303,385713367204.6071
Scale-adaptive OGD (M->inf),133551,1072064.8044321996,1186384518679.7524
Scale-adaptive OGD (M->inf),133601,1072064.6776812412,362447195718.37006
Scale-adaptive OGD (M->inf),133651,1072064.5117240374,1938566275848.8335
Scale-adaptive OGD (M->inf),133701,1072064.2900519862,846579785766.9058
Scale-adaptive OGD (M->inf),133751,1072064.0665949716,2258539683294.1475
Scale-adaptive OGD (M->inf),133801,1072063.8630451807,1631967503362.1506
Scale-adaptive OGD (M->inf),133851,1072063.6340346406,6355017003115.45
Scale-adaptive OGD (M->inf),133901,1072063.4551677923,436255157.4895178
Scale-adaptive OGD (M->inf),133951,1072063.2586103256,9904080168372.922
Scale-adaptive OGD (M->inf),134001,1072063.0868168965,247068600402.0062
Scale-adaptive OGD (M->inf),134051,1072062.9042272198,7323367638790.594
Scale-adaptive OGD (M->inf),134101,1072062.700703797,1115709900979.9062
Scale-adaptive OGD (M->inf),134151,1072062.4863861478,4728670708663.76
Scale-adaptive OGD (M->inf),134201,1072062.280270416,119184816982.98717
Scale-adaptive OGD (M->inf),134251,1072062.0941764517,10041764074766.342
Scale-adaptive OGD (M->inf),134301,1072061.8786163358,9039604308692.654
Scale-adaptive OGD (M->inf),134351,1072061.6138584886,6921780987347.518
Scale-adaptive OGD (M->inf),134401,1072061.3514583253,63714231597.66556
Scale-adaptive OGD (M->inf),134451,1072061.153782594,5259802623243.869
Scale-adaptive OGD (M->inf),134501,1072060.9130960454,10826043734964.46
Scale-adaptive OGD (M->inf),134551,1072060.7274699532,1461082310440.4119
Scale-adaptive OGD (M->inf),134601,1072060.4918174632,1443356509699.3494
Scale-adaptive OGD (M->inf),134651,1072060.3883341146,674782260500.155
Scale-adaptive OGD (M->inf),134701,1072060.261679225,16343263808240.158
Scale-adaptive OGD (M->inf),134751,1072060.0604441173,692889349500.8086
Scale-adaptive OGD (M->inf),134801,1072059.9716676597,28612719870.426155
Scale-adaptive OGD (M->inf),134851,1072059.868330407,16641345015709.092
Scale-adaptive OGD (M->inf),134901,1072059.734532825,1321848779663.4004
Scale-adaptive OGD (M->inf),134951,1072059.6605629225,3377289.003908385
Scale-adaptive OGD (M->inf),135001,1072059.604247761,25283867940.425365
Scale-adaptive OGD (M->inf),135051,1072059.3592091298,32610454533571.004
Scale-adaptive OGD (M->inf),135101,1072059.2453042294,3533305973281.335
Scale-adaptive OGD (M->inf),135151,1072059.1392686046,94342128213.5594
Scale-adaptive OGD (M->inf),135201,1072058.9044823304,1160180653619.7212
Scale-adaptive OGD (M->inf),135251,1072058.7698282583,409066864748.4454
Scale-adaptive OGD (M->inf),135301,1072058.6578308214,683872494570.9983
Scale-adaptive OGD (M->inf),135351,1072058.5306453377,3174304792.414592
Scale-adaptive OGD (M->inf),135401,1072058.3832899106,1770705081709.965
Scale-adaptive OGD (M->inf),135451,1072058.151332473,21084804333838.965
Scale-adaptive OGD (M->inf),135501,1072057.972133205,1489378823085.4585
Scale-adaptive OGD (M->inf),135551,1072057.7985217213,171119426803.94833
Scale-adaptive OGD (M->inf),135601,1072057.6177053754,360528760669.00104
Scale-adaptive OGD (M->inf),135651,1072057.4679318005,11465702173947.355
Scale-adaptive OGD (M->inf),135701,1072057.3202923143,320553262721.8598
Scale-adaptive OGD (M->inf),135751,1072057.1215438878,450741328146.7728
Scale-adaptive OGD (M->inf),135801,1072056.8770075592,1430294151121.2263
Scale-adaptive OGD (M->inf),135851,1072056.6553318119,13430824860170.71
Scale-adaptive OGD (M->inf),135901,1072056.392905337,6403814679030.84
Scale-adaptive OGD (M->inf),135951,1072056.2841492284,1111350314324.531
Scale-adaptive OGD (M->inf),136001,1072056.1367148296,8375297051666.071
Scale-adaptive OGD (M->inf),136051,1072055.9810803013,74714337509.61453
Scale-adaptive OGD (M->inf),136101,1072055.8448279763,5031953088478.215
Scale-adaptive OGD (M->inf),136151,1072055.7111592868,2278943989677.694
Scale-adaptive OGD (M->inf),136201,1072055.5720078843,5481175884625.185
Scale-adaptive OGD (M->inf),136251,1072055.440021077,542483001843.5493
Scale-adaptive OGD (M->inf),136301,1072055.3223634223,1815398275326.371
Scale-adaptive OGD (M->inf),136351,1072055.248900567,149025757256.0379
Scale-adaptive OGD (M->inf),136401,1072055.1626543105,3476880689186.1606
Scale-adaptive OGD (M->inf),136451,1072054.9876877193,159219765632.7727
Scale-adaptive OGD (M->inf),136501,1072054.814408081,552353103203.2391
Scale-adaptive OGD (M->inf),136551,1072054.5402712508,1967195869062.2195
Scale-adaptive OGD (M->inf),136601,1072054.3672647078,13967180541625.592
Scale-adaptive OGD (M->inf),136651,1072054.2656160414,520755375976.7836
Scale-adaptive OGD (M->inf),136701,1072054.1363866595,66631824900.52235
Scale-adaptive OGD (M->inf),136751,1072054.013694322,3802027753.608072
Scale-adaptive OGD (M->inf),136801,1072053.8301422852,10582358284745.6
Scale-adaptive OGD (M->inf),136851,1072053.7194756102,298169347340.51825
Scale-adaptive OGD (M->inf),136901,1072053.5895594321,2115023802796.3748
Scale-adaptive OGD (M->inf),136951,1072053.4322666961,211647411735.87506
Scale-adaptive OGD (M->inf),137001,1072053.2790012734,4719127183477.716
Scale-adaptive OGD (M->inf),137051,1072053.1616010785,2306789163681.4805
Scale-adaptive OGD (M->inf),137101,1072053.0171323596,3958516005076.612
Scale-adaptive OGD (M->inf),137151,1072052.8060528133,195485227853.68396
Scale-adaptive OGD (M->inf),137201,1072052.5547757293,11240729556878.564
Scale-adaptive OGD (M->inf),137251,1072052.3334525963,1603525800.0245845
Scale-adaptive OGD (M->inf),137301,1072052.043107706,271854572403.82767
Scale-adaptive OGD (M->inf),137351,1072051.8541421155,1917536130468.6917
Scale-adaptive OGD (M->inf),137401,1072051.7118334053,4950643790073.907
Scale-adaptive OGD (M->inf),137451,1072051.5313806995,3104068641156.16
Scale-adaptive OGD (M->inf),137501,1072051.326642499,8344998381362.634
Scale-adaptive OGD (M->inf),137551,1072051.1349788504,118338147689.97035
Scale-adaptive OGD (M->inf),137601,1072051.0932620256,19086243246.64702
Scale-adaptive OGD (M->inf),137651,1072050.9738885013,3428939681696.5664
Scale-adaptive OGD (M->inf),137701,1072050.8750927153,6067158407017.846
Scale-adaptive OGD (M->inf),137751,1072050.7732233058,791862594586.2266
Scale-adaptive OGD (M->inf),137801,1072050.6729608492,695965067405.8778
Scale-adaptive OGD (M->inf),137851,1072050.5774246466,5003309262352.984
Scale-adaptive OGD (M->inf),137901,1072050.4762309256,113020054148.5997
Scale-adaptive OGD (M->inf),137951,1072050.3366877632,166637135927.78104
Scale-adaptive OGD (M->inf),138001,1072050.262543499,1000124928500.0027
Scale-adaptive OGD (M->inf),138051,1072050.1097614118,3175092341296.9478
Scale-adaptive OGD (M->inf),138101,1072049.9336230506,1174842053460.3005
Scale-adaptive OGD (M->inf),138151,1072049.7919574461,37993969407.69883
Scale-adaptive OGD (M->inf),138201,1072049.6216839596,496554382844.5336
Scale-adaptive OGD (M->inf),138251,1072049.4854162957,5802417768041.992
Scale-adaptive OGD (M->inf),138301,1072049.3479941136,3950528826589.9473
Scale-adaptive OGD (M->inf),138351,1072049.237910711,199781318067.50052
Scale-adaptive OGD (M->inf),138401,1072049.049120032,1432565914395.2092
Scale-adaptive OGD (M->inf),138451,1072048.810285995,95662813443.62344
Scale-adaptive OGD (M->inf),138501,1072048.4936960996,18881093097864.484
Scale-adaptive OGD (M->inf),138551,1072048.2348403845,636746981443.6221
Scale-adaptive OGD (M->inf),138601,1072048.0979358277,36855897774.365204
Scale-adaptive OGD (M->inf),138651,1072048.0554887604,1816916617409.5613
Scale-adaptive OGD (M->inf),138701,1072047.9742213865,3975868055335.452
Scale-adaptive OGD (M->inf),138751,1072047.8723492504,405291939758.0548
Scale-adaptive OGD (M->inf),138801,1072047.6948358768,19262983277248.105
Scale-adaptive OGD (M->inf),138851,1072047.5442907729,1099403707118.5237
Scale-adaptive OGD (M->inf),138901,1072047.4393175251,6690663681146.05
Scale-adaptive OGD (M->inf),138951,1072047.3048532528,4377297600568.2856
Scale-adaptive OGD (M->inf),139001,1072047.1842494502,5345117491653.033
Scale-adaptive OGD (M->inf),139051,1072047.0463104004,1236401092988.6833
Scale-adaptive OGD (M->inf),139101,1072046.8952713439,2128830372014.5835
Scale-adaptive OGD (M->inf),139151,1072046.7660278727,536403281542.88574
Scale-adaptive OGD (M->inf),139201,1072046.5698225754,5079623672879.601
Scale-adaptive OGD (M->inf),139251,1072046.4040012779,894472865563.6897
Scale-adaptive OGD (M->inf),139301,1072046.239467568,1075894845895.86
Scale-adaptive OGD (M->inf),139351,1072046.101025993,2196612962879.935
Scale-adaptive OGD (M->inf),139401,1072045.9687526785,3559665511820.9272
Scale-adaptive OGD (M->inf),139451,1072045.7157283006,3157281178708.3486
Scale-adaptive OGD (M->inf),139501,1072045.4430740892,1446851049195.2383
Scale-adaptive OGD (M->inf),139551,1072045.2065640755,2742974789.2730947
Scale-adaptive OGD (M->inf),139601,1072045.0765844993,1144394996765.967
Scale-adaptive OGD (M->inf),139651,1072044.930197842,164644592100.2013
Scale-adaptive OGD (M->inf),139701,1072044.8635601625,3378265304.015412
Scale-adaptive OGD (M->inf),139751,1072044.761609826,2321861511962.5767
Scale-adaptive OGD (M->inf),139801,1072044.5942278318,8745570943520.233
Scale-adaptive OGD (M->inf),139851,1072044.4229620614,4735537013177.653
Scale-adaptive OGD (M->inf),139901,1072044.2395791775,39337534940.10749
Scale-adaptive OGD (M->inf),139951,1072044.1150968026,1548711830341.95
Scale-adaptive OGD (M->inf),140001,1072043.9690074879,353672495371.357
Scale-adaptive OGD (M->inf),140051,1072043.811165906,1660066678002.477
Scale-adaptive OGD (M->inf),140101,1072043.654452655,373784987192.11035
Scale-adaptive OGD (M->inf),140151,1072043.4984197807,294875176890.30096
Scale-adaptive OGD (M->inf),140201,1072043.2032752295,3370000974554.2485
Scale-adaptive OGD (M->inf),140251,1072043.059845141,124639992216.61789
Scale-adaptive OGD (M->inf),140301,1072042.9355837386,83987173391.63554
Scale-adaptive OGD (M->inf),140351,1072042.8166156923,2338669579726.957
Scale-adaptive OGD (M->inf),140401,1072042.6457505848,375382358377.727
Scale-adaptive OGD (M->inf),140451,1072042.4859225135,453203190015.2747
Scale-adaptive OGD (M->inf),140501,1072042.3984153094,1887579138415.0078
Scale-adaptive OGD (M->inf),140551,1072042.3147274258,2015113977082.2712
Scale-adaptive OGD (M->inf),140601,1072042.173152821,129021286853.69017
Scale-adaptive OGD (M->inf),140651,1072042.0562071947,1509585261221.198
Scale-adaptive OGD (M->inf),140701,1072041.9373158652,1345606675194.034
Scale-adaptive OGD (M->inf),140751,1072041.8235090366,258253012367.18158
Scale-adaptive OGD (M->inf),140801,1072041.7423341624,3405105659385.9126
Scale-adaptive OGD (M->inf),140851,1072041.624214002,3301801967.465779
Scale-adaptive OGD (M->inf),140901,1072041.5177261431,1251852594431.8064
Scale-adaptive OGD (M->inf),140951,1072041.3998742364,12304094592.008629
Scale-adaptive OGD (M->inf),141001,1072041.2560682902,489631634539.8365
Scale-adaptive OGD (M->inf),141051,1072041.130407697,77461023665.82845
Scale-adaptive OGD (M->inf),141101,1072040.9917039257,1325092402698.7844
Scale-adaptive OGD (M->inf),141151,1072040.8496947428,599157712.9455074
Scale-adaptive OGD (M->inf),141201,1072040.700206272,3963729859739.87
Scale-adaptive OGD (M->inf),141251,1072040.5187597666,31066362288.932903
Scale-adaptive OGD (M->inf),141301,1072040.3545677324,5143476417137.3955
Scale-adaptive OGD (M->inf),141351,1072040.2080398754,1870382290083.568
Scale-adaptive OGD (M->inf),141401,1072039.9105682212,2603097593469.251
Scale-adaptive OGD (M->inf),141451,1072039.7284000549,49436827710.70365
Scale-adaptive OGD (M->inf),141501,1072039.5673348934,9105184510233.125
Scale-adaptive OGD (M->inf),141551,1072039.2625470152,1543445420024.6755
Scale-adaptive OGD (M->inf),141601,1072039.024634008,3646284740762.468
Scale-adaptive OGD (M->inf),141651,1072038.8815519148,186601800606.7866
Scale-adaptive OGD (M->inf),141701,1072038.7643087744,15198909892761.465
Scale-adaptive OGD (M->inf),141751,1072038.6354381104,211129749400.45444
Scale-adaptive OGD (M->inf),141801,1072038.4952520335,223353647280.53488
Scale-adaptive OGD (M->inf),141851,1072038.3926248432,357444262560.5668
Scale-adaptive OGD (M->inf),141901,1072038.1959734322,6129618653097.379
Scale-adaptive OGD (M->inf),141951,1072038.0673077838,3153529178525.417
Scale-adaptive OGD (M->inf),142001,1072037.9360336917,4560780595522.591
Scale-adaptive OGD (M->inf),142051,1072037.795665646,2300333974814.004
Scale-adaptive OGD (M->inf),142101,1072037.6518311307,1431214227877.9155
Scale-adaptive OGD (M->inf),142151,1072037.4721119772,116619939322.85355
Scale-adaptive OGD (M->inf),142201,1072037.234604087,2433178379014.6064
Scale-adaptive OGD (M->inf),142251,1072037.0814565145,1396711535028.7117
Scale-adaptive OGD (M->inf),142301,1072036.9095401964,6669372082660.422
Scale-adaptive OGD (M->inf),142351,1072036.775364138,81757186563.67337
Scale-adaptive OGD (M->inf),142401,1072036.5934866455,1755007022408.863
Scale-adaptive OGD (M->inf),142451,1072036.424041583,4667629707159.68
Scale-adaptive OGD (M->inf),142501,1072036.2602369622,110271929935.6144
Scale-adaptive OGD (M->inf),142551,1072036.0924670103,223967222049.30368
Scale-adaptive OGD (M->inf),142601,1072035.94097007,1025812760512.4442
Scale-adaptive OGD (M->inf),142651,1072035.8123824256,3083422957597.881
Scale-adaptive OGD (M->inf),142701,1072035.6469943242,82360644987.58034
Scale-adaptive OGD (M->inf),142751,1072035.4990166505,78250075308.77577
Scale-adaptive OGD (M->inf),142801,1072035.344729838,53619525494.25473
Scale-adaptive OGD (M->inf),142851,1072035.191585898,2922810983386.0864
Scale-adaptive OGD (M->inf),142901,1072035.0341051638,1665204589738.1423
Scale-adaptive OGD (M->inf),142951,1072034.8993686226,2290197569651.996
Scale-adaptive OGD (M->inf),143001,1072034.763166903,50002789158.64596
Scale-adaptive OGD (M->inf),143051,1072034.6141652528,2532518052695.381
Scale-adaptive OGD (M->inf),143101,1072034.468138098,1480206470369.6208
Scale-adaptive OGD (M->inf),143151,1072034.363436705,55710836791.6597
Scale-adaptive OGD (M->inf),143201,1072034.2130473477,3242203215.3970685
Scale-adaptive OGD (M->inf),143251,1072034.0920672496,3262410829055.685
Scale-adaptive OGD (M->inf),143301,1072033.9628921677,4089133665340.379
Scale-adaptive OGD (M->inf),143351,1072033.8376838514,271566833673.5929
Scale-adaptive OGD (M->inf),143401,1072033.6818434943,101511069050.38644
Scale-adaptive OGD (M->inf),143451,1072033.5772359204,1820579262437.466
Scale-adaptive OGD (M->inf),143501,1072033.3543586696,20664010468276.93
Scale-adaptive OGD (M->inf),143551,1072033.0445186975,971803228024.2003
Scale-adaptive OGD (M->inf),143601,1072032.8448843258,1403024237519.3875
Scale-adaptive OGD (M->inf),143651,1072032.6692752498,413531524543.3632
Scale-adaptive OGD (M->inf),143701,1072032.3907804957,19341906979953.68
Scale-adaptive OGD (M->inf),143751,1072032.0191283715,13015566134.924099
Scale-adaptive OGD (M->inf),143801,1072031.811740508,4198002476595.7524
Scale-adaptive OGD (M->inf),143851,1072031.6022084772,4744615315210.665
Scale-adaptive OGD (M->inf),143901,1072031.426803192,12928780850863.025
Scale-adaptive OGD (M->inf),143951,1072031.198915982,5581887687069.828
Scale-adaptive OGD (M->inf),144001,1072030.8414631018,964971465004.8455
Scale-adaptive OGD (M->inf),144051,1072030.7125197153,5485838473183.642
Scale-adaptive OGD (M->inf),144101,1072030.5868355986,3710088878732.6665
Scale-adaptive OGD (M->inf),144151,1072030.437266332,1642708578307.13
Scale-adaptive OGD (M->inf),144201,1072030.2515238323,27187405294.098072
Scale-adaptive OGD (M->inf),144251,1072029.9606019985,10338321902968.93
Scale-adaptive OGD (M->inf),144301,1072029.619129355,14063903945795.748
Scale-adaptive OGD (M->inf),144351,1072029.3347961674,8707378189858.8955
Scale-adaptive OGD (M->inf),144401,1072029.1308763307,562007926903.6642
Scale-adaptive OGD (M->inf),144451,1072028.9396260704,490192503512.83075
Scale-adaptive OGD (M->inf),144501,1072028.7182423663,23933453435973.977
Scale-adaptive OGD (M->inf),144551,1072028.5041655505,10224311730340.05
Scale-adaptive OGD (M->inf),144601,1072028.237595359,2042346380608.7773
Scale-adaptive OGD (M->inf),144651,1072028.0274802432,5203317755740.669
Scale-adaptive OGD (M->inf),144701,1072027.7729320384,13819700667043.135
Scale-adaptive OGD (M->inf),144751,1072027.5937201194,4904968642118.272
Scale-adaptive OGD (M->inf),144801,1072027.4285306623,1573017148667.0337
Scale-adaptive OGD (M->inf),144851,1072027.2230818209,6277258765032.428
Scale-adaptive OGD (M->inf),144901,1072026.9310374372,17087032892506.244
Scale-adaptive OGD (M->inf),144951,1072026.6974205312,5482931398781.116
Scale-adaptive OGD (M->inf),145001,1072026.5912316502,864973857194.0057
Scale-adaptive OGD (M->inf),145051,1072026.4819507364,6738078891150.782
Scale-adaptive OGD (M->inf),145101,1072026.351040533,4488427884608.525
Scale-adaptive OGD (M->inf),145151,1072026.2038635374,125729521564.45985
Scale-adaptive OGD (M->inf),145201,1072025.99357001,8481549267534.08
Scale-adaptive OGD (M->inf),145251,1072025.7271933928,2592102903021.7275
Scale-adaptive OGD (M->inf),145301,1072025.5884077752,1932545242099.834
Scale-adaptive OGD (M->inf),145351,1072025.5222510954,56698073988.41016
Scale-adaptive OGD (M->inf),145401,1072025.4510720824,1444371124430.0974
Scale-adaptive OGD (M->inf),145451,1072025.3683523352,1333224296378.1016
Scale-adaptive OGD (M->inf),145501,1072025.2684342382,267099365740.81866
Scale-adaptive OGD (M->inf),145551,1072025.016764977,11538429974330.809
Scale-adaptive OGD (M->inf),145601,1072024.7525645716,6790014739346.645
Scale-adaptive OGD (M->inf),145651,1072024.5502232278,14843688551093.668
Scale-adaptive OGD (M->inf),145701,1072024.4325336134,2484785573743.9014
Scale-adaptive OGD (M->inf),145751,1072024.3118432602,7843070454402.628
Scale-adaptive OGD (M->inf),145801,1072024.202102146,257876920099.42874
Scale-adaptive OGD (M->inf),145851,1072024.0176195267,11103889766496.7
Scale-adaptive OGD (M->inf),145901,1072023.9060632177,2742154341242.8887
Scale-adaptive OGD (M->inf),145951,1072023.7521085795,1418718444861.5051
Scale-adaptive OGD (M->inf),146001,1072023.5777005204,380151798879.3657
Scale-adaptive OGD (M->inf),146051,1072023.352381964,4614698830321.921
Scale-adaptive OGD (M->inf),146101,1072023.1336779164,123203611997.18451
Scale-adaptive OGD (M->inf),146151,1072022.9814689315,1313190627552.0508
Scale-adaptive OGD (M->inf),146201,1072022.7949931542,302890107836.832
Scale-adaptive OGD (M->inf),146251,1072022.6004390437,3810431440362.5874
Scale-adaptive OGD (M->inf),146301,1072022.4500016638,115595450862.10051
Scale-adaptive OGD (M->inf),146351,1072022.293382528,7856318539.7516985
Scale-adaptive OGD (M->inf),146401,1072022.2091283628,2232325235330.444
Scale-adaptive OGD (M->inf),146451,1072022.0977469317,2501238561678.9346
Scale-adaptive OGD (M->inf),146501,1072021.9388631915,830559258028.3022
Scale-adaptive OGD (M->inf),146551,1072021.679929941,110268967396.3646
Scale-adaptive OGD (M->inf),146601,1072021.4266086796,823674851939.7239
Scale-adaptive OGD (M->inf),146651,1072021.128509618,1179196769349.7058
Scale-adaptive OGD (M->inf),146701,1072020.9414851174,4356320476535.679
Scale-adaptive OGD (M->inf),146751,1072020.6633769341,7377756392291.96
Scale-adaptive OGD (M->inf),146801,1072020.4043828575,4254695505025.5713
Scale-adaptive OGD (M->inf),146851,1072020.2143436153,7078529714958.592
Scale-adaptive OGD (M->inf),146901,1072020.003630694,3632528824641.1846
Scale-adaptive OGD (M->inf),146951,1072019.802289232,19440735097.793484
Scale-adaptive OGD (M->inf),147001,1072019.680981109,875862606107.5812
Scale-adaptive OGD (M->inf),147051,1072019.615273509,1043325027131.0536
Scale-adaptive OGD (M->inf),147101,1072019.5373968678,252688154266.06238
Scale-adaptive OGD (M->inf),147151,1072019.4612196984,2819378985505.8213
Scale-adaptive OGD (M->inf),147201,1072019.3604102344,25639902959.727997
Scale-adaptive OGD (M->inf),147251,1072019.269260677,1118722836240.3425
Scale-adaptive OGD (M->inf),147301,1072019.1803375657,226100509203.8146
Scale-adaptive OGD (M->inf),147351,1072018.9991589526,583606078500.5609
Scale-adaptive OGD (M->inf),147401,1072018.7361949622,1394879991270.2124
Scale-adaptive OGD (M->inf),147451,1072018.5405916388,4970982225355.965
Scale-adaptive OGD (M->inf),147501,1072018.38864045,970285965896.8906
Scale-adaptive OGD (M->inf),147551,1072018.2259261138,8105542841513.366
Scale-adaptive OGD (M->inf),147601,1072018.1581818627,819989130507.1469
Scale-adaptive OGD (M->inf),147651,1072018.108593247,1671626397888.0386
Scale-adaptive OGD (M->inf),147701,1072018.01964586,828155943569.7704
Scale-adaptive OGD (M->inf),147751,1072017.9242159885,648572388138.9984
Scale-adaptive OGD (M->inf),147801,1072017.695980125,4103836111767.758
Scale-adaptive OGD (M->inf),147851,1072017.4966428734,368597449190.6335
Scale-adaptive OGD (M->inf),147901,1072017.2877442632,8294451729581.106
Scale-adaptive OGD (M->inf),147951,1072017.116168443,41037327252.455284
Scale-adaptive OGD (M->inf),148001,1072016.9463936083,7620542318779.045
Scale-adaptive OGD (M->inf),148051,1072016.7322118578,135868793728.75475
Scale-adaptive OGD (M->inf),148101,1072016.4215749702,10406350950173.428
Scale-adaptive OGD (M->inf),148151,1072016.2180982833,499726110816.2418
Scale-adaptive OGD (M->inf),148201,1072015.9643347082,10377755049407.148
Scale-adaptive OGD (M->inf),148251,1072015.7398147322,4023451225178.858
Scale-adaptive OGD (M->inf),148301,1072015.545766085,15366141587114.197
Scale-adaptive OGD (M->inf),148351,1072015.3468733325,3501677460362.207
Scale-adaptive OGD (M->inf),148401,1072015.2522111298,641266764482.3381
Scale-adaptive OGD (M->inf),148451,1072015.1544736817,374129906256.43646
Scale-adaptive OGD (M->inf),148501,1072015.0038848515,7830538001741.333
Scale-adaptive OGD (M->inf),148551,1072014.7637920778,15281802037159.242
Scale-adaptive OGD (M->inf),148601,1072014.6316942316,7223840106454.864
Scale-adaptive OGD (M->inf),148651,1072014.4982737275,1437974938079.9656
Scale-adaptive OGD (M->inf),148701,1072014.3137689924,3809084164978.734
Scale-adaptive OGD (M->inf),148751,1072014.1287953444,2427401280774.9595
Scale-adaptive OGD (M->inf),148801,1072014.053160276,1420207104929.2488
Scale-adaptive OGD (M->inf),148851,1072013.9611716236,4126339812836.4688
Scale-adaptive OGD (M->inf),148901,1072013.872001735,9397831469624.73
Scale-adaptive OGD (M->inf),148951,1072013.7559873955,215078369918.91605
Scale-adaptive OGD (M->inf),149001,1072013.616136317,1600332667550.0823
Scale-adaptive OGD (M->inf),149051,1072013.4834024932,5680510913299.259
Scale-adaptive OGD (M->inf),149101,1072013.343266885,279310405029.6459
Scale-adaptive OGD (M->inf),149151,1072013.1975407335,2497036839.1369977
Scale-adaptive OGD (M->inf),149201,1072012.8388565718,1347012571453.0002
Scale-adaptive OGD (M->inf),149251,1072012.4938897232,3366762909291.599
Scale-adaptive OGD (M->inf),149301,1072012.2714992836,373526199698.77264
Scale-adaptive OGD (M->inf),149351,1072012.0388919103,102366802947.83601
Scale-adaptive OGD (M->inf),149401,1072011.794054737,202665390482.36905
Scale-adaptive OGD (M->inf),149451,1072011.5703487436,141196080296.8834
Scale-adaptive OGD (M->inf),149501,1072011.3756988356,968297947154.574
Scale-adaptive OGD (M->inf),149551,1072011.1855225214,875301467545.3995
Scale-adaptive OGD (M->inf),149601,1072010.973761782,98357473018.96803
Scale-adaptive OGD (M->inf),149651,1072010.7512257206,1688377342931.983
Scale-adaptive OGD (M->inf),149701,1072010.588351446,2892994106.064006
Scale-adaptive OGD (M->inf),149751,1072010.427823896,21345978015.03462
Scale-adaptive OGD (M->inf),149801,1072010.1966866716,1573237201132.1113
Scale-adaptive OGD (M->inf),149851,1072010.039454267,1457593761543.4546
Scale-adaptive OGD (M->inf),149901,1072009.916325185,386883660252.39795
Scale-adaptive OGD (M->inf),149951,1072009.7789751696,1136920531328.6216
OGD,1,706.0703738538706,2.3417687592967833
OGD,51,6.78577550612975e+83,1.557306755853745e+165
OGD,101,inf,inf
OGD,151,inf,inf
OGD,201,inf,inf
OGD,251,inf,inf
OGD,301,inf,inf
OGD,351,inf,nan
OGD,401,inf,inf
OGD,451,inf,inf
OGD,501,inf,inf
OGD,551,inf,inf
OGD,601,inf,inf
OGD,651,inf,inf
OGD,701,inf,inf
OGD,751,inf,inf
OGD,801,inf,inf
OGD,851,inf,inf
OGD,901,inf,inf
OGD,951,inf,inf
OGD,1001,inf,inf
OGD,1051,inf,inf
OGD,1101,inf,inf
OGD,1151,inf,inf
OGD,1201,inf,inf
OGD,1251,inf,inf
OGD,1301,inf,inf
OGD,1351,inf,inf
OGD,1401,inf,inf
OGD,1451,inf,inf
OGD,1501,inf,inf
OGD,1551,inf,inf
OGD,1601,inf,inf
OGD,1651,inf,inf
OGD,1701,inf,inf
OGD,1751,inf,inf
OGD,1801,inf,nan
OGD,1851,inf,inf
OGD,1901,inf,inf
OGD,1951,inf,inf
OGD,2001,inf,inf
OGD,2051,inf,inf
OGD,2101,inf,inf
OGD,2151,inf,inf
OGD,2201,inf,inf
OGD,2251,inf,inf
OGD,2301,inf,inf
OGD,2351,inf,inf
OGD,2401,inf,inf
OGD,2451,inf,inf
OGD,2501,inf,inf
OGD,2551,inf,nan
OGD,2601,inf,inf
OGD,2651,inf,inf
OGD,2701,inf,inf
OGD,2751,inf,nan
OGD,2801,inf,nan
OGD,2851,inf,inf
OGD,2901,inf,inf
OGD,2951,inf,inf
OGD,3001,inf,inf
OGD,3051,inf,inf
OGD,3101,inf,inf
OGD,3151,inf,inf
OGD,3201,inf,inf
OGD,3251,inf,inf
OGD,3301,inf,inf
OGD,3351,inf,inf
OGD,3401,inf,inf
OGD,3451,inf,inf
OGD,3501,inf,inf
OGD,3551,inf,inf
OGD,3601,inf,inf
OGD,3651,inf,inf
OGD,3701,inf,inf
OGD,3751,inf,inf
OGD,3801,inf,inf
OGD,3851,inf,inf
OGD,3901,inf,inf
OGD,3951,inf,inf
OGD,4001,inf,inf
OGD,4051,inf,inf
OGD,4101,inf,inf
OGD,4151,inf,inf
OGD,4201,inf,inf
OGD,4251,inf,inf
OGD,4301,inf,inf
OGD,4351,inf,inf
OGD,4401,inf,inf
OGD,4451,inf,inf
OGD,4501,inf,inf
OGD,4551,inf,inf
OGD,4601,inf,inf
OGD,4651,inf,inf
OGD,4701,inf,inf
OGD,4751,inf,inf
OGD,4801,inf,inf
OGD,4851,inf,inf
OGD,4901,inf,inf
OGD,4951,inf,inf
OGD,5001,inf,inf
OGD,5051,inf,inf
OGD,5101,inf,nan
OGD,5151,inf,inf
OGD,5201,inf,inf
OGD,5251,inf,inf
OGD,5301,inf,nan
OGD,5351,inf,inf
OGD,5401,inf,inf
OGD,5451,inf,inf
OGD,5501,inf,inf
OGD,5551,inf,inf
OGD,5601,inf,inf
OGD,5651,inf,inf
OGD,5701,inf,nan
OGD,5751,inf,inf
OGD,5801,inf,inf
OGD,5851,inf,inf
OGD,5901,inf,inf
OGD,5951,inf,inf
OGD,6001,inf,inf
OGD,6051,inf,inf
OGD,6101,inf,inf
OGD,6151,inf,inf
OGD,6201,inf,inf
OGD,6251,inf,inf
OGD,6301,inf,nan
OGD,6351,inf,inf
OGD,6401,inf,inf
OGD,6451,inf,inf
OGD,6501,inf,nan
OGD,6551,inf,nan
OGD,6601,inf,nan
OGD,6651,inf,inf
OGD,6701,inf,nan
OGD,6751,inf,inf
OGD,6801,inf,inf
OGD,6851,inf,inf
OGD,6901,inf,inf
OGD,6951,inf,nan
OGD,7001,inf,inf
OGD,7051,inf,nan
OGD,7101,inf,nan
OGD,7151,inf,nan
OGD,7201,inf,nan
OGD,7251,inf,nan
OGD,7301,inf,nan
OGD,7351,inf,nan
OGD,7401,inf,nan
OGD,7451,inf,inf
OGD,7501,inf,nan
OGD,7551,inf,nan
OGD,7601,inf,inf
OGD,7651,inf,nan
OGD,7701,inf,nan
OGD,7751,inf,inf
OGD,7801,inf,nan
OGD,7851,inf,nan
OGD,7901,inf,nan
OGD,7951,inf,nan
OGD,8001,inf,nan
OGD,8051,inf,inf
OGD,8101,inf,nan
OGD,8151,inf,nan
OGD,8201,inf,nan
OGD,8251,inf,nan
OGD,8301,inf,inf
OGD,8351,inf,inf
OGD,8401,inf,nan
OGD,8451,inf,inf
OGD,8501,inf,nan
OGD,8551,inf,nan
OGD,8601,inf,inf
OGD,8651,inf,nan
OGD,8701,inf,inf
OGD,8751,inf,inf
OGD,8801,inf,inf
OGD,8851,inf,nan
OGD,8901,inf,inf
OGD,8951,inf,nan
OGD,9001,inf,inf
OGD,9051,inf,inf
OGD,9101,inf,inf
OGD,9151,inf,nan
OGD,9201,inf,inf
OGD,9251,inf,nan
OGD,9301,inf,nan
OGD,9351,inf,nan
OGD,9401,inf,inf
OGD,9451,inf,nan
OGD,9501,inf,inf
OGD,9551,inf,nan
OGD,9601,inf,inf
OGD,9651,inf,inf
OGD,9701,inf,inf
OGD,9751,inf,nan
OGD,9801,inf,inf
OGD,9851,inf,nan
OGD,9901,inf,inf
OGD,9951,inf,nan
OGD,10001,inf,inf
OGD,10051,inf,nan
OGD,10101,inf,nan
OGD,10151,inf,nan
OGD,10201,inf,inf
OGD,10251,inf,inf
OGD,10301,inf,inf
OGD,10351,inf,nan
OGD,10401,inf,inf
OGD,10451,inf,nan
OGD,10501,inf,inf
OGD,10551,inf,inf
OGD,10601,inf,inf
OGD,10651,inf,nan
OGD,10701,inf,inf
OGD,10751,inf,nan
OGD,10801,inf,inf
OGD,10851,inf,nan
OGD,10901,inf,inf
OGD,10951,inf,nan
OGD,11001,inf,inf
OGD,11051,inf,nan
OGD,11101,inf,inf
OGD,11151,inf,inf
OGD,11201,inf,inf
OGD,11251,inf,nan
OGD,11301,inf,inf
OGD,11351,inf,nan
OGD,11401,inf,inf
OGD,11451,inf,inf
OGD,11501,inf,inf
OGD,11551,inf,nan
OGD,11601,inf,inf
OGD,11651,inf,inf
OGD,11701,inf,nan
OGD,11751,inf,nan
OGD,11801,inf,inf
OGD,11851,inf,nan
OGD,11901,inf,inf
OGD,11951,inf,inf
OGD,12001,inf,inf
OGD,12051,inf,inf
OGD,12101,inf,inf
OGD,12151,inf,nan
OGD,12201,inf,inf
OGD,12251,inf,inf
OGD,12301,inf,nan
OGD,12351,inf,nan
OGD,12401,inf,inf
OGD,12451,inf,nan
OGD,12501,inf,nan
OGD,12551,inf,nan
OGD,12601,inf,nan
OGD,12651,inf,nan
OGD,12701,inf,nan
OGD,12751,inf,nan
OGD,12801,inf,inf
OGD,12851,inf,inf
OGD,12901,inf,nan
OGD,12951,inf,nan
OGD,13001,inf,nan
OGD,13051,inf,nan
OGD,13101,inf,nan
OGD,13151,inf,nan
OGD,13201,inf,nan
OGD,13251,inf,nan
OGD,13301,inf,nan
OGD,13351,inf,nan
OGD,13401,inf,inf
OGD,13451,inf,inf
OGD,13501,inf,nan
OGD,13551,inf,nan
OGD,13601,inf,nan
OGD,13651,inf,nan
OGD,13701,inf,inf
OGD,13751,inf,nan
OGD,13801,inf,inf
OGD,13851,inf,nan
OGD,13901,inf,nan
OGD,13951,inf,nan
OGD,14001,inf,inf
OGD,14051,inf,nan
OGD,14101,inf,inf
OGD,14151,inf,nan
OGD,14201,inf,inf
OGD,14251,inf,nan
OGD,14301,inf,inf
OGD,14351,inf,inf
OGD,14401,inf,inf
OGD,14451,inf,nan
OGD,14501,inf,inf
OGD,14551,inf,nan
OGD,14601,inf,inf
OGD,14651,inf,nan
OGD,14701,inf,inf
OGD,14751,inf,nan
OGD,14801,inf,inf
OGD,14851,inf,nan
OGD,14901,inf,inf
OGD,14951,inf,nan
OGD,15001,inf,inf
OGD,15051,inf,nan
OGD,15101,inf,inf
OGD,15151,inf,nan
OGD,15201,inf,inf
OGD,15251,inf,nan
OGD,15301,inf,nan
OGD,15351,inf,nan
OGD,15401,inf,inf
OGD,15451,inf,nan
OGD,15501,inf,inf
OGD,15551,inf,nan
OGD,15601,inf,inf
OGD,15651,inf,nan
OGD,15701,inf,nan
OGD,15751,inf,nan
OGD,15801,inf,inf
OGD,15851,inf,nan
OGD,15901,inf,inf
OGD,15951,inf,nan
OGD,16001,inf,nan
OGD,16051,inf,nan
OGD,16101,inf,inf
OGD,16151,inf,inf
OGD,16201,inf,inf
OGD,16251,inf,nan
OGD,16301,inf,inf
OGD,16351,inf,nan
OGD,16401,inf,inf
OGD,16451,inf,inf
OGD,16501,inf,inf
OGD,16551,inf,inf
OGD,16601,inf,inf
OGD,16651,inf,nan
OGD,16701,inf,inf
OGD,16751,inf,inf
OGD,16801,inf,inf
OGD,16851,inf,nan
OGD,16901,inf,nan
OGD,16951,inf,nan
OGD,17001,inf,inf
OGD,17051,inf,inf
OGD,17101,inf,nan
OGD,17151,inf,inf
OGD,17201,inf,inf
OGD,17251,inf,inf
OGD,17301,inf,inf
OGD,17351,inf,inf
OGD,17401,inf,inf
OGD,17451,inf,inf
OGD,17501,inf,inf
OGD,17551,inf,inf
OGD,17601,inf,nan
OGD,17651,inf,inf
OGD,17701,inf,inf
OGD,17751,inf,inf
OGD,17801,inf,nan
OGD,17851,inf,inf
OGD,17901,inf,nan
OGD,17951,inf,inf
OGD,18001,inf,inf
OGD,18051,inf,inf
OGD,18101,inf,inf
OGD,18151,inf,inf
OGD,18201,inf,nan
OGD,18251,inf,inf
OGD,18301,inf,nan
OGD,18351,inf,inf
OGD,18401,inf,inf
OGD,18451,inf,nan
OGD,18501,inf,inf
OGD,18551,inf,inf
OGD,18601,inf,inf
OGD,18651,inf,inf
OGD,18701,inf,inf
OGD,18751,inf,nan
OGD,18801,inf,inf
OGD,18851,inf,inf
OGD,18901,inf,inf
OGD,18951,inf,inf
OGD,19001,inf,inf
OGD,19051,inf,nan
OGD,19101,inf,inf
OGD,19151,inf,inf
OGD,19201,inf,inf
OGD,19251,inf,nan
OGD,19301,inf,nan
OGD,19351,inf,inf
OGD,19401,inf,inf
OGD,19451,inf,inf
OGD,19501,inf,nan
OGD,19551,inf,nan
OGD,19601,inf,inf
OGD,19651,inf,inf
OGD,19701,inf,inf
OGD,19751,inf,inf
OGD,19801,inf,inf
OGD,19851,inf,inf
OGD,19901,inf,inf
OGD,19951,inf,inf
OGD,20001,inf,inf
OGD,20051,inf,inf
OGD,20101,inf,nan
OGD,20151,inf,inf
OGD,20201,inf,inf
OGD,20251,inf,inf
OGD,20301,inf,inf
OGD,20351,inf,nan
OGD,20401,inf,inf
OGD,20451,inf,inf
OGD,20501,inf,inf
OGD,20551,inf,inf
OGD,20601,inf,inf
OGD,20651,inf,inf
OGD,20701,inf,inf
OGD,20751,inf,inf
OGD,20801,inf,inf
OGD,20851,inf,inf
OGD,20901,inf,nan
OGD,20951,inf,inf
OGD,21001,inf,inf
OGD,21051,inf,inf
OGD,21101,inf,nan
OGD,21151,inf,inf
OGD,21201,inf,inf
OGD,21251,inf,inf
OGD,21301,inf,inf
OGD,21351,inf,inf
OGD,21401,inf,inf
OGD,21451,inf,inf
OGD,21501,inf,inf
OGD,21551,inf,inf
OGD,21601,inf,inf
OGD,21651,inf,inf
OGD,21701,inf,nan
OGD,21751,inf,inf
OGD,21801,inf,inf
OGD,21851,inf,inf
OGD,21901,inf,inf
OGD,21951,inf,inf
OGD,22001,inf,inf
OGD,22051,inf,nan
OGD,22101,inf,inf
OGD,22151,inf,inf
OGD,22201,inf,inf
OGD,22251,inf,inf
OGD,22301,inf,nan
OGD,22351,inf,inf
OGD,22401,inf,inf
OGD,22451,inf,inf
OGD,22501,inf,inf
OGD,22551,inf,inf
OGD,22601,inf,nan
OGD,22651,inf,inf
OGD,22701,inf,inf
OGD,22751,inf,inf
OGD,22801,inf,inf
OGD,22851,inf,inf
OGD,22901,inf,inf
OGD,22951,inf,inf
OGD,23001,inf,inf
OGD,23051,inf,inf
OGD,23101,inf,inf
OGD,23151,inf,nan
OGD,23201,inf,nan
OGD,23251,inf,nan
OGD,23301,inf,nan
OGD,23351,inf,inf
OGD,23401,inf,inf
OGD,23451,inf,inf
OGD,23501,inf,inf
OGD,23551,inf,inf
OGD,23601,inf,inf
OGD,23651,inf,inf
OGD,23701,inf,nan
OGD,23751,inf,nan
OGD,23801,inf,nan
OGD,23851,inf,nan
OGD,23901,inf,nan
OGD,23951,inf,nan
OGD,24001,inf,inf
OGD,24051,inf,inf
OGD,24101,inf,inf
OGD,24151,inf,inf
OGD,24201,inf,inf
OGD,24251,inf,nan
OGD,24301,inf,inf
OGD,24351,inf,nan
OGD,24401,inf,inf
OGD,24451,inf,nan
OGD,24501,inf,inf
OGD,24551,inf,inf
OGD,24601,inf,inf
OGD,24651,inf,inf
OGD,24701,inf,inf
OGD,24751,inf,nan
OGD,24801,inf,inf
OGD,24851,inf,inf
OGD,24901,inf,inf
OGD,24951,inf,nan
OGD,25001,inf,inf
OGD,25051,inf,nan
OGD,25101,inf,inf
OGD,25151,inf,inf
OGD,25201,inf,inf
OGD,25251,inf,inf
OGD,25301,inf,nan
OGD,25351,inf,nan
OGD,25401,inf,inf
OGD,25451,inf,inf
OGD,25501,inf,inf
OGD,25551,inf,inf
OGD,25601,inf,nan
OGD,25651,inf,inf
OGD,25701,inf,inf
OGD,25751,inf,inf
OGD,25801,inf,inf
OGD,25851,inf,inf
OGD,25901,inf,nan
OGD,25951,inf,inf
OGD,26001,inf,inf
OGD,26051,inf,inf
OGD,26101,inf,inf
OGD,26151,inf,nan
OGD,26201,inf,inf
OGD,26251,inf,inf
OGD,26301,inf,inf
OGD,26351,inf,inf
OGD,26401,inf,inf
OGD,26451,inf,inf
OGD,26501,inf,inf
OGD,26551,inf,inf
OGD,26601,inf,inf
OGD,26651,inf,inf
OGD,26701,inf,inf
OGD,26751,inf,inf
OGD,26801,inf,inf
OGD,26851,inf,inf
OGD,26901,inf,inf
OGD,26951,inf,nan
OGD,27001,inf,inf
OGD,27051,inf,nan
OGD,27101,inf,inf
OGD,27151,inf,inf
OGD,27201,inf,inf
OGD,27251,inf,inf
OGD,27301,inf,inf
OGD,27351,inf,inf
OGD,27401,inf,nan
OGD,27451,inf,nan
OGD,27501,inf,nan
OGD,27551,inf,nan
OGD,27601,inf,inf
OGD,27651,inf,inf
OGD,27701,inf,inf
OGD,27751,inf,inf
OGD,27801,inf,inf
OGD,27851,inf,inf
OGD,27901,inf,inf
OGD,27951,inf,inf
OGD,28001,inf,inf
OGD,28051,inf,inf
OGD,28101,inf,inf
OGD,28151,inf,inf
OGD,28201,inf,inf
OGD,28251,inf,inf
OGD,28301,inf,inf
OGD,28351,inf,inf
OGD,28401,inf,inf
OGD,28451,inf,inf
OGD,28501,inf,inf
OGD,28551,inf,nan
OGD,28601,inf,nan
OGD,28651,inf,inf
OGD,28701,inf,inf
OGD,28751,inf,inf
OGD,28801,inf,inf
OGD,28851,inf,nan
OGD,28901,inf,inf
OGD,28951,inf,inf
OGD,29001,inf,inf
OGD,29051,inf,inf
OGD,29101,inf,inf
OGD,29151,inf,inf
OGD,29201,inf,inf
OGD,29251,inf,inf
OGD,29301,inf,inf
OGD,29351,inf,nan
OGD,29401,inf,nan
OGD,29451,inf,inf
OGD,29501,inf,nan
OGD,29551,inf,inf
OGD,29601,inf,inf
OGD,29651,inf,inf
OGD,29701,inf,inf
OGD,29751,inf,inf
OGD,29801,inf,inf
OGD,29851,inf,nan
OGD,29901,inf,inf
OGD,29951,inf,nan
OGD,30001,inf,inf
OGD,30051,inf,inf
OGD,30101,inf,inf
OGD,30151,inf,inf
OGD,30201,inf,nan
OGD,30251,inf,inf
OGD,30301,inf,nan
OGD,30351,inf,inf
OGD,30401,inf,inf
OGD,30451,inf,nan
OGD,30501,inf,nan
OGD,30551,inf,nan
OGD,30601,inf,inf
OGD,30651,inf,inf
OGD,30701,inf,nan
OGD,30751,inf,inf
OGD,30801,inf,inf
OGD,30851,inf,inf
OGD,30901,inf,nan
OGD,30951,inf,inf
OGD,31001,inf,nan
OGD,31051,inf,nan
OGD,31101,inf,inf
OGD,31151,inf,inf
OGD,31201,inf,nan
OGD,31251,inf,inf
OGD,31301,inf,inf
OGD,31351,inf,inf
OGD,31401,inf,inf
OGD,31451,inf,nan
OGD,31501,inf,inf
OGD,31551,inf,inf
OGD,31601,inf,inf
OGD,31651,inf,inf
OGD,31701,inf,inf
OGD,31751,inf,nan
OGD,31801,inf,inf
OGD,31851,inf,inf
OGD,31901,inf,inf
OGD,31951,inf,inf
OGD,32001,inf,inf
OGD,32051,inf,nan
OGD,32101,inf,inf
OGD,32151,inf,inf
OGD,32201,inf,inf
OGD,32251,inf,inf
OGD,32301,inf,nan
OGD,32351,inf,inf
OGD,32401,inf,inf
OGD,32451,inf,inf
OGD,32501,inf,inf
OGD,32551,inf,inf
OGD,32601,inf,inf
OGD,32651,inf,inf
OGD,32701,inf,inf
OGD,32751,inf,inf
OGD,32801,inf,inf
OGD,32851,inf,inf
OGD,32901,inf,nan
OGD,32951,inf,nan
OGD,33001,inf,inf
OGD,33051,inf,nan
OGD,33101,inf,nan
OGD,33151,inf,inf
OGD,33201,inf,inf
OGD,33251,inf,nan
OGD,33301,inf,inf
OGD,33351,inf,inf
OGD,33401,inf,inf
OGD,33451,inf,inf
OGD,33501,inf,inf
OGD,33551,inf,inf
OGD,33601,inf,nan
OGD,33651,inf,inf
OGD,33701,inf,nan
OGD,33751,inf,inf
OGD,33801,inf,inf
OGD,33851,inf,inf
OGD,33901,inf,inf
OGD,33951,inf,inf
OGD,34001,inf,inf
OGD,34051,inf,inf
OGD,34101,inf,inf
OGD,34151,inf,nan
OGD,34201,inf,inf
OGD,34251,inf,inf
OGD,34301,inf,inf
OGD,34351,inf,inf
OGD,34401,inf,inf
OGD,34451,inf,nan
OGD,34501,inf,inf
OGD,34551,inf,inf
OGD,34601,inf,inf
OGD,34651,inf,inf
OGD,34701,inf,inf
OGD,34751,inf,nan
OGD,34801,inf,inf
OGD,34851,inf,inf
OGD,34901,inf,inf
OGD,34951,inf,inf
OGD,35001,inf,inf
OGD,35051,inf,nan
OGD,35101,inf,inf
OGD,35151,inf,inf
OGD,35201,inf,inf
OGD,35251,inf,inf
OGD,35301,inf,nan
OGD,35351,inf,nan
OGD,35401,inf,nan
OGD,35451,inf,inf
OGD,35501,inf,inf
OGD,35551,inf,inf
OGD,35601,inf,inf
OGD,35651,inf,nan
OGD,35701,inf,inf
OGD,35751,inf,inf
OGD,35801,inf,inf
OGD,35851,inf,inf
OGD,35901,inf,nan
OGD,35951,inf,nan
OGD,36001,inf,inf
OGD,36051,inf,inf
OGD,36101,inf,inf
OGD,36151,inf,inf
OGD,36201,inf,inf
OGD,36251,inf,nan
OGD,36301,inf,inf
OGD,36351,inf,nan
OGD,36401,inf,inf
OGD,36451,inf,nan
OGD,36501,inf,nan
OGD,36551,inf,inf
OGD,36601,inf,inf
OGD,36651,inf,nan
OGD,36701,inf,inf
OGD,36751,inf,nan
OGD,36801,inf,inf
OGD,36851,inf,inf
OGD,36901,inf,nan
OGD,36951,inf,nan
OGD,37001,inf,inf
OGD,37051,inf,nan
OGD,37101,inf,inf
OGD,37151,inf,inf
OGD,37201,inf,inf
OGD,37251,inf,nan
OGD,37301,inf,nan
OGD,37351,inf,nan
OGD,37401,inf,inf
OGD,37451,inf,inf
OGD,37501,inf,inf
OGD,37551,inf,nan
OGD,37601,inf,nan
OGD,37651,inf,nan
OGD,37701,inf,nan
OGD,37751,inf,inf
OGD,37801,inf,nan
OGD,37851,inf,inf
OGD,37901,inf,inf
OGD,37951,inf,inf
OGD,38001,inf,inf
OGD,38051,inf,nan
OGD,38101,inf,nan
OGD,38151,inf,inf
OGD,38201,inf,nan
OGD,38251,inf,inf
OGD,38301,inf,nan
OGD,38351,inf,inf
OGD,38401,inf,inf
OGD,38451,inf,nan
OGD,38501,inf,nan
OGD,38551,inf,nan
OGD,38601,inf,inf
OGD,38651,inf,inf
OGD,38701,inf,inf
OGD,38751,inf,nan
OGD,38801,inf,nan
OGD,38851,inf,inf
OGD,38901,inf,inf
OGD,38951,inf,inf
OGD,39001,inf,inf
OGD,39051,inf,nan
OGD,39101,inf,inf
OGD,39151,inf,inf
OGD,39201,inf,inf
OGD,39251,inf,inf
OGD,39301,inf,inf
OGD,39351,inf,nan
OGD,39401,inf,inf
OGD,39451,inf,inf
OGD,39501,inf,nan
OGD,39551,inf,inf
OGD,39601,inf,inf
OGD,39651,inf,nan
OGD,39701,inf,nan
OGD,39751,inf,inf
OGD,39801,inf,inf
OGD,39851,inf,inf
OGD,39901,inf,inf
OGD,39951,inf,inf
OGD,40001,inf,inf
OGD,40051,inf,nan
OGD,40101,inf,inf
OGD,40151,inf,inf
OGD,40201,inf,inf
OGD,40251,inf,inf
OGD,40301,inf,nan
OGD,40351,inf,nan
OGD,40401,inf,inf
OGD,40451,inf,inf
OGD,40501,inf,inf
OGD,40551,inf,inf
OGD,40601,inf,inf
OGD,40651,inf,nan
OGD,40701,inf,inf
OGD,40751,inf,inf
OGD,40801,inf,inf
OGD,40851,inf,inf
OGD,40901,inf,inf
OGD,40951,inf,inf
OGD,41001,inf,inf
OGD,41051,inf,inf
OGD,41101,inf,inf
OGD,41151,inf,nan
OGD,41201,inf,nan
OGD,41251,inf,inf
OGD,41301,inf,inf
OGD,41351,inf,inf
OGD,41401,inf,inf
OGD,41451,inf,nan
OGD,41501,inf,nan
OGD,41551,inf,nan
OGD,41601,inf,inf
OGD,41651,inf,inf
OGD,41701,inf,inf
OGD,41751,inf,inf
OGD,41801,inf,inf
OGD,41851,inf,inf
OGD,41901,inf,inf
OGD,41951,inf,inf
OGD,42001,inf,inf
OGD,42051,inf,inf
OGD,42101,inf,nan
OGD,42151,inf,inf
OGD,42201,inf,inf
OGD,42251,inf,inf
OGD,42301,inf,inf
OGD,42351,inf,nan
OGD,42401,inf,nan
OGD,42451,inf,nan
OGD,42501,inf,inf
OGD,42551,inf,inf
OGD,42601,inf,inf
OGD,42651,inf,inf
OGD,42701,inf,inf
OGD,42751,inf,inf
OGD,42801,inf,inf
OGD,42851,inf,inf
OGD,42901,inf,inf
OGD,42951,inf,nan
OGD,43001,inf,inf
OGD,43051,inf,inf
OGD,43101,inf,inf
OGD,43151,inf,inf
OGD,43201,inf,inf
OGD,43251,inf,nan
OGD,43301,inf,nan
OGD,43351,inf,nan
OGD,43401,inf,inf
OGD,43451,inf,inf
OGD,43501,inf,inf
OGD,43551,inf,nan
OGD,43601,inf,inf
OGD,43651,inf,inf
OGD,43701,inf,inf
OGD,43751,inf,inf
OGD,43801,inf,nan
OGD,43851,inf,inf
OGD,43901,inf,nan
OGD,43951,inf,nan
OGD,44001,inf,nan
OGD,44051,inf,inf
OGD,44101,inf,inf
OGD,44151,inf,inf
OGD,44201,inf,inf
OGD,44251,inf,inf
OGD,44301,inf,inf
OGD,44351,inf,inf
OGD,44401,inf,inf
OGD,44451,inf,nan
OGD,44501,inf,inf
OGD,44551,inf,nan
OGD,44601,inf,inf
OGD,44651,inf,nan
OGD,44701,inf,nan
OGD,44751,inf,inf
OGD,44801,inf,inf
OGD,44851,inf,nan
OGD,44901,inf,inf
OGD,44951,inf,inf
OGD,45001,inf,inf
OGD,45051,inf,nan
OGD,45101,inf,inf
OGD,45151,inf,inf
OGD,45201,inf,inf
OGD,45251,inf,inf
OGD,45301,inf,inf
OGD,45351,inf,nan
OGD,45401,inf,nan
OGD,45451,inf,nan
OGD,45501,inf,inf
OGD,45551,inf,inf
OGD,45601,inf,inf
OGD,45651,inf,nan
OGD,45701,inf,inf
OGD,45751,inf,inf
OGD,45801,inf,inf
OGD,45851,inf,inf
OGD,45901,inf,inf
OGD,45951,inf,inf
OGD,46001,inf,inf
OGD,46051,inf,inf
OGD,46101,inf,inf
OGD,46151,inf,inf
OGD,46201,inf,inf
OGD,46251,inf,inf
OGD,46301,inf,inf
OGD,46351,inf,inf
OGD,46401,inf,nan
OGD,46451,inf,inf
OGD,46501,inf,inf
OGD,46551,inf,nan
OGD,46601,inf,inf
OGD,46651,inf,inf
OGD,46701,inf,nan
OGD,46751,inf,nan
OGD,46801,inf,nan
OGD,46851,inf,inf
OGD,46901,inf,inf
OGD,46951,inf,nan
OGD,47001,inf,nan
OGD,47051,inf,nan
OGD,47101,inf,inf
OGD,47151,inf,inf
OGD,47201,inf,nan
OGD,47251,inf,nan
OGD,47301,inf,inf
OGD,47351,inf,inf
OGD,47401,inf,inf
OGD,47451,inf,nan
OGD,47501,inf,inf
OGD,47551,inf,inf
OGD,47601,inf,nan
OGD,47651,inf,inf
OGD,47701,inf,nan
OGD,47751,inf,nan
OGD,47801,inf,nan
OGD,47851,inf,nan
OGD,47901,inf,nan
OGD,47951,inf,nan
OGD,48001,inf,nan
OGD,48051,inf,nan
OGD,48101,inf,inf
OGD,48151,inf,nan
OGD,48201,inf,nan
OGD,48251,inf,nan
OGD,48301,inf,nan
OGD,48351,inf,inf
OGD,48401,inf,inf
OGD,48451,inf,inf
OGD,48501,inf,inf
OGD,48551,inf,inf
OGD,48601,inf,inf
OGD,48651,inf,nan
OGD,48701,inf,inf
OGD,48751,inf,nan
OGD,48801,inf,inf
OGD,48851,inf,inf
OGD,48901,inf,inf
OGD,48951,inf,inf
OGD,49001,inf,inf
OGD,49051,inf,inf
OGD,49101,inf,inf
OGD,49151,inf,nan
OGD,49201,inf,nan
OGD,49251,inf,inf
OGD,49301,inf,inf
OGD,49351,inf,inf
OGD,49401,inf,inf
OGD,49451,inf,inf
OGD,49501,inf,nan
OGD,49551,inf,inf
OGD,49601,inf,inf
OGD,49651,inf,nan
OGD,49701,inf,nan
OGD,49751,inf,inf
OGD,49801,inf,nan
OGD,49851,inf,inf
OGD,49901,inf,inf
OGD,49951,inf,nan
OGD,50001,inf,inf
OGD,50051,inf,inf
OGD,50101,inf,nan
OGD,50151,inf,inf
OGD,50201,inf,inf
OGD,50251,inf,inf
OGD,50301,inf,nan
OGD,50351,inf,inf
OGD,50401,inf,nan
OGD,50451,inf,inf
OGD,50501,inf,nan
OGD,50551,inf,nan
OGD,50601,inf,inf
OGD,50651,inf,nan
OGD,50701,inf,nan
OGD,50751,inf,nan
OGD,50801,inf,nan
OGD,50851,inf,nan
OGD,50901,inf,inf
OGD,50951,inf,inf
OGD,51001,inf,nan
OGD,51051,inf,inf
OGD,51101,inf,inf
OGD,51151,inf,inf
OGD,51201,inf,inf
OGD,51251,inf,inf
OGD,51301,inf,nan
OGD,51351,inf,nan
OGD,51401,inf,nan
OGD,51451,inf,nan
OGD,51501,inf,inf
OGD,51551,inf,inf
OGD,51601,inf,inf
OGD,51651,inf,inf
OGD,51701,inf,inf
OGD,51751,inf,nan
OGD,51801,inf,inf
OGD,51851,inf,nan
OGD,51901,inf,nan
OGD,51951,inf,inf
OGD,52001,inf,inf
OGD,52051,inf,inf
OGD,52101,inf,inf
OGD,52151,inf,inf
OGD,52201,inf,nan
OGD,52251,inf,inf
OGD,52301,inf,nan
OGD,52351,inf,nan
OGD,52401,inf,inf
OGD,52451,inf,inf
OGD,52501,inf,inf
OGD,52551,inf,inf
OGD,52601,inf,inf
OGD,52651,inf,inf
OGD,52701,inf,nan
OGD,52751,inf,nan
OGD,52801,inf,inf
OGD,52851,inf,inf
OGD,52901,inf,inf
OGD,52951,inf,nan
OGD,53001,inf,inf
OGD,53051,inf,inf
OGD,53101,inf,inf
OGD,53151,inf,inf
OGD,53201,inf,inf
OGD,53251,inf,inf
OGD,53301,inf,inf
OGD,53351,inf,inf
OGD,53401,inf,inf
OGD,53451,inf,nan
OGD,53501,inf,inf
OGD,53551,inf,inf
OGD,53601,inf,inf
OGD,53651,inf,nan
OGD,53701,inf,inf
OGD,53751,inf,inf
OGD,53801,inf,nan
OGD,53851,inf,inf
OGD,53901,inf,inf
OGD,53951,inf,inf
OGD,54001,inf,nan
OGD,54051,inf,inf
OGD,54101,inf,nan
OGD,54151,inf,nan
OGD,54201,inf,inf
OGD,54251,inf,nan
OGD,54301,inf,inf
OGD,54351,inf,nan
OGD,54401,inf,inf
OGD,54451,inf,inf
OGD,54501,inf,inf
OGD,54551,inf,inf
OGD,54601,inf,inf
OGD,54651,inf,inf
OGD,54701,inf,inf
OGD,54751,inf,inf
OGD,54801,inf,inf
OGD,54851,inf,inf
OGD,54901,inf,inf
OGD,54951,inf,inf
OGD,55001,inf,inf
OGD,55051,inf,inf
OGD,55101,inf,inf
OGD,55151,inf,inf
OGD,55201,inf,inf
OGD,55251,inf,inf
OGD,55301,inf,inf
OGD,55351,inf,inf
OGD,55401,inf,inf
OGD,55451,inf,nan
OGD,55501,inf,inf
OGD,55551,inf,nan
OGD,55601,inf,inf
OGD,55651,inf,inf
OGD,55701,inf,inf
OGD,55751,inf,nan
OGD,55801,inf,inf
OGD,55851,inf,inf
OGD,55901,inf,inf
OGD,55951,inf,nan
OGD,56001,inf,inf
OGD,56051,inf,inf
OGD,56101,inf,inf
OGD,56151,inf,inf
OGD,56201,inf,inf
OGD,56251,inf,inf
OGD,56301,inf,inf
OGD,56351,inf,nan
OGD,56401,inf,inf
OGD,56451,inf,inf
OGD,56501,inf,nan
OGD,56551,inf,inf
OGD,56601,inf,inf
OGD,56651,inf,inf
OGD,56701,inf,nan
OGD,56751,inf,inf
OGD,56801,inf,inf
OGD,56851,inf,nan
OGD,56901,inf,nan
OGD,56951,inf,inf
OGD,57001,inf,nan
OGD,57051,inf,inf
OGD,57101,inf,inf
OGD,57151,inf,inf
OGD,57201,inf,nan
OGD,57251,inf,nan
OGD,57301,inf,inf
OGD,57351,inf,inf
OGD,57401,inf,nan
OGD,57451,inf,inf
OGD,57501,inf,inf
OGD,57551,inf,nan
OGD,57601,inf,nan
OGD,57651,inf,inf
OGD,57701,inf,inf
OGD,57751,inf,inf
OGD,57801,inf,inf
OGD,57851,inf,inf
OGD,57901,inf,inf
OGD,57951,inf,inf
OGD,58001,inf,inf
OGD,58051,inf,inf
OGD,58101,inf,inf
OGD,58151,inf,inf
OGD,58201,inf,inf
OGD,58251,inf,inf
OGD,58301,inf,nan
OGD,58351,inf,inf
OGD,58401,inf,inf
OGD,58451,inf,inf
OGD,58501,inf,inf
OGD,58551,inf,inf
OGD,58601,inf,inf
OGD,58651,inf,inf
OGD,58701,inf,inf
OGD,58751,inf,nan
OGD,58801,inf,inf
OGD,58851,inf,inf
OGD,58901,inf,nan
OGD,58951,inf,nan
OGD,59001,inf,nan
OGD,59051,inf,nan
OGD,59101,inf,nan
OGD,59151,inf,nan
OGD,59201,inf,nan
OGD,59251,inf,nan
OGD,59301,inf,nan
OGD,59351,inf,nan
OGD,59401,inf,inf
OGD,59451,inf,nan
OGD,59501,inf,nan
OGD,59551,inf,inf
OGD,59601,inf,nan
OGD,59651,inf,nan
OGD,59701,inf,inf
OGD,59751,inf,inf
OGD,59801,inf,inf
OGD,59851,inf,inf
OGD,59901,inf,inf
OGD,59951,inf,nan
OGD,60001,inf,inf
OGD,60051,inf,inf
OGD,60101,inf,nan
OGD,60151,inf,inf
OGD,60201,inf,inf
OGD,60251,inf,nan
OGD,60301,inf,inf
OGD,60351,inf,inf
OGD,60401,inf,nan
OGD,60451,inf,inf
OGD,60501,inf,inf
OGD,60551,inf,nan
OGD,60601,inf,nan
OGD,60651,inf,inf
OGD,60701,inf,nan
OGD,60751,inf,nan
OGD,60801,inf,nan
OGD,60851,inf,nan
OGD,60901,inf,inf
OGD,60951,inf,inf
OGD,61001,inf,nan
OGD,61051,inf,inf
OGD,61101,inf,inf
OGD,61151,inf,inf
OGD,61201,inf,nan
OGD,61251,inf,inf
OGD,61301,inf,inf
OGD,61351,inf,inf
OGD,61401,inf,nan
OGD,61451,inf,inf
OGD,61501,inf,inf
OGD,61551,inf,inf
OGD,61601,inf,nan
OGD,61651,inf,inf
OGD,61701,inf,nan
OGD,61751,inf,inf
OGD,61801,inf,inf
OGD,61851,inf,inf
OGD,61901,inf,nan
OGD,61951,inf,inf
OGD,62001,inf,nan
OGD,62051,inf,nan
OGD,62101,inf,inf
OGD,62151,inf,inf
OGD,62201,inf,inf
OGD,62251,inf,inf
OGD,62301,inf,nan
OGD,62351,inf,nan
OGD,62401,inf,inf
OGD,62451,inf,inf
OGD,62501,inf,inf
OGD,62551,inf,inf
OGD,62601,inf,inf
OGD,62651,inf,nan
OGD,62701,inf,inf
OGD,62751,inf,inf
OGD,62801,inf,inf
OGD,62851,inf,nan
OGD,62901,inf,inf
OGD,62951,inf,inf
OGD,63001,inf,inf
OGD,63051,inf,inf
OGD,63101,inf,inf
OGD,63151,inf,inf
OGD,63201,inf,inf
OGD,63251,inf,inf
OGD,63301,inf,inf
OGD,63351,inf,inf
OGD,63401,inf,nan
OGD,63451,inf,inf
OGD,63501,inf,inf
OGD,63551,inf,inf
OGD,63601,inf,inf
OGD,63651,inf,inf
OGD,63701,inf,inf
OGD,63751,inf,inf
OGD,63801,inf,nan
OGD,63851,inf,inf
OGD,63901,inf,inf
OGD,63951,inf,inf
OGD,64001,inf,inf
OGD,64051,inf,inf
OGD,64101,inf,inf
OGD,64151,inf,nan
OGD,64201,inf,inf
OGD,64251,inf,inf
OGD,64301,inf,inf
OGD,64351,inf,inf
OGD,64401,inf,inf
OGD,64451,inf,inf
OGD,64501,inf,nan
OGD,64551,inf,inf
OGD,64601,inf,inf
OGD,64651,inf,inf
OGD,64701,inf,inf
OGD,64751,inf,inf
OGD,64801,inf,inf
OGD,64851,inf,nan
OGD,64901,inf,nan
OGD,64951,inf,nan
OGD,65001,inf,nan
OGD,65051,inf,nan
OGD,65101,inf,nan
OGD,65151,inf,nan
OGD,65201,inf,nan
OGD,65251,inf,inf
OGD,65301,inf,nan
OGD,65351,inf,inf
OGD,65401,inf,nan
OGD,65451,inf,inf
OGD,65501,inf,inf
OGD,65551,inf,inf
OGD,65601,inf,nan
OGD,65651,inf,inf
OGD,65701,inf,nan
OGD,65751,inf,inf
OGD,65801,inf,inf
OGD,65851,inf,inf
OGD,65901,inf,nan
OGD,65951,inf,inf
OGD,66001,inf,inf
OGD,66051,inf,inf
OGD,66101,inf,nan
OGD,66151,inf,inf
OGD,66201,inf,inf
OGD,66251,inf,inf
OGD,66301,inf,nan
OGD,66351,inf,inf
OGD,66401,inf,inf
OGD,66451,inf,inf
OGD,66501,inf,inf
OGD,66551,inf,inf
OGD,66601,inf,inf
OGD,66651,inf,inf
OGD,66701,inf,inf
OGD,66751,inf,inf
OGD,66801,inf,inf
OGD,66851,inf,inf
OGD,66901,inf,inf
OGD,66951,inf,inf
OGD,67001,inf,inf
OGD,67051,inf,inf
OGD,67101,inf,inf
OGD,67151,inf,inf
OGD,67201,inf,inf
OGD,67251,inf,inf
OGD,67301,inf,inf
OGD,67351,inf,inf
OGD,67401,inf,inf
OGD,67451,inf,inf
OGD,67501,inf,nan
OGD,67551,inf,inf
OGD,67601,inf,inf
OGD,67651,inf,inf
OGD,67701,inf,inf
OGD,67751,inf,inf
OGD,67801,inf,inf
OGD,67851,inf,inf
OGD,67901,inf,inf
OGD,67951,inf,nan
OGD,68001,inf,inf
OGD,68051,inf,inf
OGD,68101,inf,inf
OGD,68151,inf,inf
OGD,68201,inf,inf
OGD,68251,inf,inf
OGD,68301,inf,inf
OGD,68351,inf,inf
OGD,68401,inf,inf
OGD,68451,inf,inf
OGD,68501,inf,nan
OGD,68551,inf,inf
OGD,68601,inf,inf
OGD,68651,inf,inf
OGD,68701,inf,inf
OGD,68751,inf,inf
OGD,68801,inf,inf
OGD,68851,inf,inf
OGD,68901,inf,nan
OGD,68951,inf,inf
OGD,69001,inf,inf
OGD,69051,inf,inf
OGD,69101,inf,nan
OGD,69151,inf,inf
OGD,69201,inf,inf
OGD,69251,inf,inf
OGD,69301,inf,nan
OGD,69351,inf,inf
OGD,69401,inf,inf
OGD,69451,inf,inf
OGD,69501,inf,inf
OGD,69551,inf,inf
OGD,69601,inf,nan
OGD,69651,inf,nan
OGD,69701,inf,inf
OGD,69751,inf,inf
OGD,69801,inf,inf
OGD,69851,inf,nan
OGD,69901,inf,inf
OGD,69951,inf,inf
OGD,70001,inf,inf
OGD,70051,inf,inf
OGD,70101,inf,inf
OGD,70151,inf,nan
OGD,70201,inf,inf
OGD,70251,inf,nan
OGD,70301,inf,inf
OGD,70351,inf,inf
OGD,70401,inf,nan
OGD,70451,inf,nan
OGD,70501,inf,nan
OGD,70551,inf,inf
OGD,70601,inf,nan
OGD,70651,inf,inf
OGD,70701,inf,nan
OGD,70751,inf,inf
OGD,70801,inf,nan
OGD,70851,inf,inf
OGD,70901,inf,nan
OGD,70951,inf,inf
OGD,71001,inf,inf
OGD,71051,inf,nan
OGD,71101,inf,inf
OGD,71151,inf,inf
OGD,71201,inf,inf
OGD,71251,inf,nan
OGD,71301,inf,nan
OGD,71351,inf,inf
OGD,71401,inf,inf
OGD,71451,inf,nan
OGD,71501,inf,nan
OGD,71551,inf,nan
OGD,71601,inf,nan
OGD,71651,inf,inf
OGD,71701,inf,inf
OGD,71751,inf,inf
OGD,71801,inf,nan
OGD,71851,inf,nan
OGD,71901,inf,nan
OGD,71951,inf,nan
OGD,72001,inf,nan
OGD,72051,inf,nan
OGD,72101,inf,nan
OGD,72151,inf,nan
OGD,72201,inf,inf
OGD,72251,inf,nan
OGD,72301,inf,nan
OGD,72351,inf,nan
OGD,72401,inf,nan
OGD,72451,inf,nan
OGD,72501,inf,nan
OGD,72551,inf,nan
OGD,72601,inf,nan
OGD,72651,inf,nan
OGD,72701,inf,nan
OGD,72751,inf,nan
OGD,72801,inf,nan
OGD,72851,inf,nan
OGD,72901,inf,nan
OGD,72951,inf,nan
OGD,73001,inf,nan
OGD,73051,inf,nan
OGD,73101,inf,nan
OGD,73151,inf,nan
OGD,73201,inf,nan
OGD,73251,inf,nan
OGD,73301,inf,nan
OGD,73351,inf,nan
OGD,73401,inf,nan
OGD,73451,inf,nan
OGD,73501,inf,nan
OGD,73551,inf,nan
OGD,73601,inf,nan
OGD,73651,inf,nan
OGD,73701,inf,nan
OGD,73751,inf,nan
OGD,73801,inf,inf
OGD,73851,inf,nan
OGD,73901,inf,nan
OGD,73951,inf,nan
OGD,74001,inf,nan
OGD,74051,inf,nan
OGD,74101,inf,nan
OGD,74151,inf,nan
OGD,74201,inf,nan
OGD,74251,inf,nan
OGD,74301,inf,nan
OGD,74351,inf,nan
OGD,74401,inf,nan
OGD,74451,inf,nan
OGD,74501,inf,nan
OGD,74551,inf,nan
OGD,74601,inf,nan
OGD,74651,inf,nan
OGD,74701,inf,nan
OGD,74751,inf,nan
OGD,74801,inf,nan
OGD,74851,inf,inf
OGD,74901,inf,nan
OGD,74951,inf,nan
OGD,75001,inf,inf
OGD,75051,inf,nan
OGD,75101,inf,nan
OGD,75151,inf,nan
OGD,75201,inf,nan
OGD,75251,inf,inf
OGD,75301,inf,inf
OGD,75351,inf,nan
OGD,75401,inf,inf
OGD,75451,inf,nan
OGD,75501,inf,nan
OGD,75551,inf,nan
OGD,75601,inf,nan
OGD,75651,inf,nan
OGD,75701,inf,nan
OGD,75751,inf,nan
OGD,75801,inf,nan
OGD,75851,inf,nan
OGD,75901,inf,nan
OGD,75951,inf,inf
OGD,76001,inf,nan
OGD,76051,inf,nan
OGD,76101,inf,nan
OGD,76151,inf,inf
OGD,76201,inf,nan
OGD,76251,inf,nan
OGD,76301,inf,nan
OGD,76351,inf,nan
OGD,76401,inf,nan
OGD,76451,inf,nan
OGD,76501,inf,nan
OGD,76551,inf,nan
OGD,76601,inf,nan
OGD,76651,inf,nan
OGD,76701,inf,nan
OGD,76751,inf,inf
OGD,76801,inf,inf
OGD,76851,inf,inf
OGD,76901,inf,nan
OGD,76951,inf,nan
OGD,77001,inf,nan
OGD,77051,inf,nan
OGD,77101,inf,inf
OGD,77151,inf,nan
OGD,77201,inf,nan
OGD,77251,inf,nan
OGD,77301,inf,nan
OGD,77351,inf,inf
OGD,77401,inf,inf
OGD,77451,inf,nan
OGD,77501,inf,nan
OGD,77551,inf,nan
OGD,77601,inf,nan
OGD,77651,inf,nan
OGD,77701,inf,nan
OGD,77751,inf,nan
OGD,77801,inf,inf
OGD,77851,inf,nan
OGD,77901,inf,inf
OGD,77951,inf,inf
OGD,78001,inf,inf
OGD,78051,inf,inf
OGD,78101,inf,inf
OGD,78151,inf,inf
OGD,78201,inf,nan
OGD,78251,inf,nan
OGD,78301,inf,inf
OGD,78351,inf,nan
OGD,78401,inf,inf
OGD,78451,inf,nan
OGD,78501,inf,nan
OGD,78551,inf,nan
OGD,78601,inf,nan
OGD,78651,inf,inf
OGD,78701,inf,inf
OGD,78751,inf,inf
OGD,78801,inf,inf
OGD,78851,inf,nan
OGD,78901,inf,nan
OGD,78951,inf,nan
OGD,79001,inf,nan
OGD,79051,inf,inf
OGD,79101,inf,inf
OGD,79151,inf,inf
OGD,79201,inf,nan
OGD,79251,inf,inf
OGD,79301,inf,inf
OGD,79351,inf,nan
OGD,79401,inf,inf
OGD,79451,inf,inf
OGD,79501,inf,inf
OGD,79551,inf,inf
OGD,79601,inf,inf
OGD,79651,inf,inf
OGD,79701,inf,inf
OGD,79751,inf,inf
OGD,79801,inf,inf
OGD,79851,inf,nan
OGD,79901,inf,nan
OGD,79951,inf,inf
OGD,80001,inf,nan
OGD,80051,inf,nan
OGD,80101,inf,nan
OGD,80151,inf,inf
OGD,80201,inf,nan
OGD,80251,inf,inf
OGD,80301,inf,inf
OGD,80351,inf,inf
OGD,80401,inf,inf
OGD,80451,inf,inf
OGD,80501,inf,inf
OGD,80551,inf,inf
OGD,80601,inf,inf
OGD,80651,inf,inf
OGD,80701,inf,nan
OGD,80751,inf,inf
OGD,80801,inf,inf
OGD,80851,inf,inf
OGD,80901,inf,inf
OGD,80951,inf,inf
OGD,81001,inf,inf
OGD,81051,inf,inf
OGD,81101,inf,nan
OGD,81151,inf,nan
OGD,81201,inf,inf
OGD,81251,inf,nan
OGD,81301,inf,nan
OGD,81351,inf,inf
OGD,81401,inf,nan
OGD,81451,inf,nan
OGD,81501,inf,nan
OGD,81551,inf,inf
OGD,81601,inf,inf
OGD,81651,inf,inf
OGD,81701,inf,inf
OGD,81751,inf,inf
OGD,81801,inf,inf
OGD,81851,inf,inf
OGD,81901,inf,inf
OGD,81951,inf,inf
OGD,82001,inf,inf
OGD,82051,inf,inf
OGD,82101,inf,nan
OGD,82151,inf,nan
OGD,82201,inf,inf
OGD,82251,inf,inf
OGD,82301,inf,inf
OGD,82351,inf,inf
OGD,82401,inf,inf
OGD,82451,inf,inf
OGD,82501,inf,inf
OGD,82551,inf,inf
OGD,82601,inf,inf
OGD,82651,inf,inf
OGD,82701,inf,inf
OGD,82751,inf,inf
OGD,82801,inf,inf
OGD,82851,inf,inf
OGD,82901,inf,inf
OGD,82951,inf,inf
OGD,83001,inf,inf
OGD,83051,inf,inf
OGD,83101,inf,inf
OGD,83151,inf,inf
OGD,83201,inf,inf
OGD,83251,inf,inf
OGD,83301,inf,inf
OGD,83351,inf,inf
OGD,83401,inf,nan
OGD,83451,inf,nan
OGD,83501,inf,inf
OGD,83551,inf,inf
OGD,83601,inf,nan
OGD,83651,inf,inf
OGD,83701,inf,inf
OGD,83751,inf,inf
OGD,83801,inf,inf
OGD,83851,inf,inf
OGD,83901,inf,inf
OGD,83951,inf,inf
OGD,84001,inf,inf
OGD,84051,inf,inf
OGD,84101,inf,inf
OGD,84151,inf,inf
OGD,84201,inf,inf
OGD,84251,inf,inf
OGD,84301,inf,nan
OGD,84351,inf,inf
OGD,84401,inf,inf
OGD,84451,inf,inf
OGD,84501,inf,inf
OGD,84551,inf,inf
OGD,84601,inf,inf
OGD,84651,inf,inf
OGD,84701,inf,inf
OGD,84751,inf,inf
OGD,84801,inf,inf
OGD,84851,inf,nan
OGD,84901,inf,nan
OGD,84951,inf,inf
OGD,85001,inf,inf
OGD,85051,inf,inf
OGD,85101,inf,inf
OGD,85151,inf,inf
OGD,85201,inf,nan
OGD,85251,inf,inf
OGD,85301,inf,inf
OGD,85351,inf,nan
OGD,85401,inf,nan
OGD,85451,inf,inf
OGD,85501,inf,inf
OGD,85551,inf,inf
OGD,85601,inf,inf
OGD,85651,inf,nan
OGD,85701,inf,nan
OGD,85751,inf,inf
OGD,85801,inf,inf
OGD,85851,inf,inf
OGD,85901,inf,inf
OGD,85951,inf,inf
OGD,86001,inf,inf
OGD,86051,inf,nan
OGD,86101,inf,inf
OGD,86151,inf,inf
OGD,86201,inf,inf
OGD,86251,inf,inf
OGD,86301,inf,inf
OGD,86351,inf,inf
OGD,86401,inf,inf
OGD,86451,inf,inf
OGD,86501,inf,inf
OGD,86551,inf,inf
OGD,86601,inf,inf
OGD,86651,inf,inf
OGD,86701,inf,inf
OGD,86751,inf,nan
OGD,86801,inf,inf
OGD,86851,inf,inf
OGD,86901,inf,inf
OGD,86951,inf,inf
OGD,87001,inf,nan
OGD,87051,inf,nan
OGD,87101,inf,inf
OGD,87151,inf,inf
OGD,87201,inf,nan
OGD,87251,inf,inf
OGD,87301,inf,inf
OGD,87351,inf,inf
OGD,87401,inf,nan
OGD,87451,inf,nan
OGD,87501,inf,inf
OGD,87551,inf,inf
OGD,87601,inf,inf
OGD,87651,inf,inf
OGD,87701,inf,inf
OGD,87751,inf,inf
OGD,87801,inf,inf
OGD,87851,inf,inf
OGD,87901,inf,inf
OGD,87951,inf,inf
OGD,88001,inf,inf
OGD,88051,inf,nan
OGD,88101,inf,inf
OGD,88151,inf,inf
OGD,88201,inf,inf
OGD,88251,inf,inf
OGD,88301,inf,inf
OGD,88351,inf,inf
OGD,88401,inf,inf
OGD,88451,inf,inf
OGD,88501,inf,nan
OGD,88551,inf,nan
OGD,88601,inf,inf
OGD,88651,inf,inf
OGD,88701,inf,nan
OGD,88751,inf,inf
OGD,88801,inf,inf
OGD,88851,inf,inf
OGD,88901,inf,nan
OGD,88951,inf,inf
OGD,89001,inf,nan
OGD,89051,inf,inf
OGD,89101,inf,nan
OGD,89151,inf,inf
OGD,89201,inf,inf
OGD,89251,inf,inf
OGD,89301,inf,nan
OGD,89351,inf,inf
OGD,89401,inf,inf
OGD,89451,inf,inf
OGD,89501,inf,nan
OGD,89551,inf,inf
OGD,89601,inf,inf
OGD,89651,inf,inf
OGD,89701,inf,nan
OGD,89751,inf,inf
OGD,89801,inf,inf
OGD,89851,inf,inf
OGD,89901,inf,nan
OGD,89951,inf,nan
OGD,90001,inf,nan
OGD,90051,inf,inf
OGD,90101,inf,nan
OGD,90151,inf,inf
OGD,90201,inf,inf
OGD,90251,inf,inf
OGD,90301,inf,nan
OGD,90351,inf,nan
OGD,90401,inf,inf
OGD,90451,inf,inf
OGD,90501,inf,nan
OGD,90551,inf,inf
OGD,90601,inf,nan
OGD,90651,inf,inf
OGD,90701,inf,nan
OGD,90751,inf,nan
OGD,90801,inf,inf
OGD,90851,inf,inf
OGD,90901,inf,nan
OGD,90951,inf,inf
OGD,91001,inf,inf
OGD,91051,inf,nan
OGD,91101,inf,nan
OGD,91151,inf,inf
OGD,91201,inf,inf
OGD,91251,inf,inf
OGD,91301,inf,nan
OGD,91351,inf,inf
OGD,91401,inf,inf
OGD,91451,inf,inf
OGD,91501,inf,nan
OGD,91551,inf,inf
OGD,91601,inf,nan
OGD,91651,inf,inf
OGD,91701,inf,nan
OGD,91751,inf,inf
OGD,91801,inf,inf
OGD,91851,inf,nan
OGD,91901,inf,nan
OGD,91951,inf,nan
OGD,92001,inf,inf
OGD,92051,inf,inf
OGD,92101,inf,nan
OGD,92151,inf,nan
OGD,92201,inf,inf
OGD,92251,inf,inf
OGD,92301,inf,nan
OGD,92351,inf,inf
OGD,92401,inf,inf
OGD,92451,inf,inf
OGD,92501,inf,nan
OGD,92551,inf,nan
OGD,92601,inf,inf
OGD,92651,inf,inf
OGD,92701,inf,nan
OGD,92751,inf,nan
OGD,92801,inf,inf
OGD,92851,inf,nan
OGD,92901,inf,nan
OGD,92951,inf,nan
OGD,93001,inf,inf
OGD,93051,inf,inf
OGD,93101,inf,nan
OGD,93151,inf,nan
OGD,93201,inf,inf
OGD,93251,inf,inf
OGD,93301,inf,nan
OGD,93351,inf,inf
OGD,93401,inf,inf
OGD,93451,inf,inf
OGD,93501,inf,nan
OGD,93551,inf,inf
OGD,93601,inf,inf
OGD,93651,inf,inf
OGD,93701,inf,nan
OGD,93751,inf,nan
OGD,93801,inf,inf
OGD,93851,inf,inf
OGD,93901,inf,nan
OGD,93951,inf,nan
OGD,94001,inf,inf
OGD,94051,inf,inf
OGD,94101,inf,nan
OGD,94151,inf,inf
OGD,94201,inf,inf
OGD,94251,inf,inf
OGD,94301,inf,nan
OGD,94351,inf,nan
OGD,94401,inf,inf
OGD,94451,inf,nan
OGD,94501,inf,nan
OGD,94551,inf,nan
OGD,94601,inf,inf
OGD,94651,inf,inf
OGD,94701,inf,nan
OGD,94751,inf,inf
OGD,94801,inf,inf
OGD,94851,inf,inf
OGD,94901,inf,nan
OGD,94951,inf,inf
OGD,95001,inf,inf
OGD,95051,inf,inf
OGD,95101,inf,inf
OGD,95151,inf,inf
OGD,95201,inf,nan
OGD,95251,inf,inf
OGD,95301,inf,nan
OGD,95351,inf,nan
OGD,95401,inf,nan
OGD,95451,inf,nan
OGD,95501,inf,nan
OGD,95551,inf,nan
OGD,95601,inf,inf
OGD,95651,inf,inf
OGD,95701,inf,nan
OGD,95751,inf,inf
OGD,95801,inf,inf
OGD,95851,inf,nan
OGD,95901,inf,nan
OGD,95951,inf,inf
OGD,96001,inf,nan
OGD,96051,inf,nan
OGD,96101,inf,inf
OGD,96151,inf,nan
OGD,96201,inf,nan
OGD,96251,inf,inf
OGD,96301,inf,inf
OGD,96351,inf,inf
OGD,96401,inf,nan
OGD,96451,inf,inf
OGD,96501,inf,nan
OGD,96551,inf,nan
OGD,96601,inf,nan
OGD,96651,inf,inf
OGD,96701,inf,inf
OGD,96751,inf,nan
OGD,96801,inf,nan
OGD,96851,inf,inf
OGD,96901,inf,nan
OGD,96951,inf,inf
OGD,97001,inf,inf
OGD,97051,inf,inf
OGD,97101,inf,inf
OGD,97151,inf,nan
OGD,97201,inf,inf
OGD,97251,inf,nan
OGD,97301,inf,inf
OGD,97351,inf,inf
OGD,97401,inf,inf
OGD,97451,inf,nan
OGD,97501,inf,inf
OGD,97551,inf,nan
OGD,97601,inf,nan
OGD,97651,inf,inf
OGD,97701,inf,inf
OGD,97751,inf,inf
OGD,97801,inf,nan
OGD,97851,inf,inf
OGD,97901,inf,inf
OGD,97951,inf,inf
OGD,98001,inf,inf
OGD,98051,inf,inf
OGD,98101,inf,nan
OGD,98151,inf,nan
OGD,98201,inf,inf
OGD,98251,inf,nan
OGD,98301,inf,nan
OGD,98351,inf,inf
OGD,98401,inf,inf
OGD,98451,inf,nan
OGD,98501,inf,inf
OGD,98551,inf,nan
OGD,98601,inf,nan
OGD,98651,inf,inf
OGD,98701,inf,inf
OGD,98751,inf,inf
OGD,98801,inf,inf
OGD,98851,inf,inf
OGD,98901,inf,nan
OGD,98951,inf,inf
OGD,99001,inf,nan
OGD,99051,inf,nan
OGD,99101,inf,inf
OGD,99151,inf,nan
OGD,99201,inf,nan
OGD,99251,inf,nan
OGD,99301,inf,nan
OGD,99351,inf,inf
OGD,99401,inf,inf
OGD,99451,inf,nan
OGD,99501,inf,nan
OGD,99551,inf,inf
OGD,99601,inf,inf
OGD,99651,inf,nan
OGD,99701,inf,nan
OGD,99751,inf,inf
OGD,99801,inf,inf
OGD,99851,inf,inf
OGD,99901,inf,inf
OGD,99951,inf,inf
OGD,100001,inf,inf
OGD,100051,inf,inf
OGD,100101,inf,inf
OGD,100151,inf,inf
OGD,100201,inf,inf
OGD,100251,inf,inf
OGD,100301,inf,inf
OGD,100351,inf,inf
OGD,100401,inf,nan
OGD,100451,inf,inf
OGD,100501,inf,inf
OGD,100551,inf,nan
OGD,100601,inf,inf
OGD,100651,inf,inf
OGD,100701,inf,nan
OGD,100751,inf,inf
OGD,100801,inf,inf
OGD,100851,inf,inf
OGD,100901,inf,inf
OGD,100951,inf,inf
OGD,101001,inf,inf
OGD,101051,inf,nan
OGD,101101,inf,inf
OGD,101151,inf,nan
OGD,101201,inf,inf
OGD,101251,inf,nan
OGD,101301,inf,nan
OGD,101351,inf,nan
OGD,101401,inf,nan
OGD,101451,inf,nan
OGD,101501,inf,nan
OGD,101551,inf,nan
OGD,101601,inf,inf
OGD,101651,inf,nan
OGD,101701,inf,inf
OGD,101751,inf,nan
OGD,101801,inf,inf
OGD,101851,inf,nan
OGD,101901,inf,inf
OGD,101951,inf,nan
OGD,102001,inf,inf
OGD,102051,inf,nan
OGD,102101,inf,nan
OGD,102151,inf,nan
OGD,102201,inf,inf
OGD,102251,inf,nan
OGD,102301,inf,nan
OGD,102351,inf,nan
OGD,102401,inf,inf
OGD,102451,inf,nan
OGD,102501,inf,inf
OGD,102551,inf,nan
OGD,102601,inf,inf
OGD,102651,inf,nan
OGD,102701,inf,inf
OGD,102751,inf,nan
OGD,102801,inf,inf
OGD,102851,inf,inf
OGD,102901,inf,inf
OGD,102951,inf,nan
OGD,103001,inf,inf
OGD,103051,inf,nan
OGD,103101,inf,inf
OGD,103151,inf,nan
OGD,103201,inf,inf
OGD,103251,inf,nan
OGD,103301,inf,inf
OGD,103351,inf,nan
OGD,103401,inf,inf
OGD,103451,inf,inf
OGD,103501,inf,inf
OGD,103551,inf,nan
OGD,103601,inf,inf
OGD,103651,inf,inf
OGD,103701,inf,inf
OGD,103751,inf,nan
OGD,103801,inf,inf
OGD,103851,inf,nan
OGD,103901,inf,inf
OGD,103951,inf,nan
OGD,104001,inf,nan
OGD,104051,inf,inf
OGD,104101,inf,inf
OGD,104151,inf,nan
OGD,104201,inf,nan
OGD,104251,inf,inf
OGD,104301,inf,inf
OGD,104351,inf,nan
OGD,104401,inf,inf
OGD,104451,inf,nan
OGD,104501,inf,inf
OGD,104551,inf,nan
OGD,104601,inf,inf
OGD,104651,inf,nan
OGD,104701,inf,inf
OGD,104751,inf,inf
OGD,104801,inf,inf
OGD,104851,inf,nan
OGD,104901,inf,inf
OGD,104951,inf,inf
OGD,105001,inf,inf
OGD,105051,inf,inf
OGD,105101,inf,inf
OGD,105151,inf,inf
OGD,105201,inf,inf
OGD,105251,inf,inf
OGD,105301,inf,inf
OGD,105351,inf,inf
OGD,105401,inf,nan
OGD,105451,inf,nan
OGD,105501,inf,inf
OGD,105551,inf,nan
OGD,105601,inf,inf
OGD,105651,inf,inf
OGD,105701,inf,inf
OGD,105751,inf,inf
OGD,105801,inf,inf
OGD,105851,inf,inf
OGD,105901,inf,inf
OGD,105951,inf,nan
OGD,106001,inf,inf
OGD,106051,inf,nan
OGD,106101,inf,inf
OGD,106151,inf,nan
OGD,106201,inf,inf
OGD,106251,inf,inf
OGD,106301,inf,nan
OGD,106351,inf,inf
OGD,106401,inf,inf
OGD,106451,inf,inf
OGD,106501,inf,inf
OGD,106551,inf,nan
OGD,106601,inf,inf
OGD,106651,inf,inf
OGD,106701,inf,nan
OGD,106751,inf,inf
OGD,106801,inf,inf
OGD,106851,inf,inf
OGD,106901,inf,inf
OGD,106951,inf,nan
OGD,107001,inf,inf
OGD,107051,inf,inf
OGD,107101,inf,nan
OGD,107151,inf,nan
OGD,107201,inf,inf
OGD,107251,inf,inf
OGD,107301,inf,nan
OGD,107351,inf,inf
OGD,107401,inf,inf
OGD,107451,inf,inf
OGD,107501,inf,inf
OGD,107551,inf,inf
OGD,107601,inf,inf
OGD,107651,inf,inf
OGD,107701,inf,inf
OGD,107751,inf,inf
OGD,107801,inf,inf
OGD,107851,inf,inf
OGD,107901,inf,nan
OGD,107951,inf,inf
OGD,108001,inf,inf
OGD,108051,inf,inf
OGD,108101,inf,inf
OGD,108151,inf,inf
OGD,108201,inf,nan
OGD,108251,inf,inf
OGD,108301,inf,nan
OGD,108351,inf,nan
OGD,108401,inf,nan
OGD,108451,inf,nan
OGD,108501,inf,inf
OGD,108551,inf,inf
OGD,108601,inf,inf
OGD,108651,inf,inf
OGD,108701,inf,inf
OGD,108751,inf,nan
OGD,108801,inf,inf
OGD,108851,inf,inf
OGD,108901,inf,inf
OGD,108951,inf,nan
OGD,109001,inf,nan
OGD,109051,inf,nan
OGD,109101,inf,nan
OGD,109151,inf,nan
OGD,109201,inf,nan
OGD,109251,inf,inf
OGD,109301,inf,inf
OGD,109351,inf,nan
OGD,109401,inf,inf
OGD,109451,inf,nan
OGD,109501,inf,nan
OGD,109551,inf,inf
OGD,109601,inf,nan
OGD,109651,inf,nan
OGD,109701,inf,nan
OGD,109751,inf,nan
OGD,109801,inf,inf
OGD,109851,inf,nan
OGD,109901,inf,inf
OGD,109951,inf,nan
OGD,110001,inf,nan
OGD,110051,inf,nan
OGD,110101,inf,inf
OGD,110151,inf,nan
OGD,110201,inf,inf
OGD,110251,inf,nan
OGD,110301,inf,inf
OGD,110351,inf,nan
OGD,110401,inf,inf
OGD,110451,inf,inf
OGD,110501,inf,nan
OGD,110551,inf,inf
OGD,110601,inf,inf
OGD,110651,inf,nan
OGD,110701,inf,nan
OGD,110751,inf,inf
OGD,110801,inf,nan
OGD,110851,inf,inf
OGD,110901,inf,nan
OGD,110951,inf,nan
OGD,111001,inf,nan
OGD,111051,inf,inf
OGD,111101,inf,inf
OGD,111151,inf,nan
OGD,111201,inf,inf
OGD,111251,inf,nan
OGD,111301,inf,nan
OGD,111351,inf,inf
OGD,111401,inf,inf
OGD,111451,inf,inf
OGD,111501,inf,nan
OGD,111551,inf,nan
OGD,111601,inf,nan
OGD,111651,inf,nan
OGD,111701,inf,inf
OGD,111751,inf,inf
OGD,111801,inf,nan
OGD,111851,inf,inf
OGD,111901,inf,nan
OGD,111951,inf,nan
OGD,112001,inf,nan
OGD,112051,inf,inf
OGD,112101,inf,nan
OGD,112151,inf,inf
OGD,112201,inf,nan
OGD,112251,inf,inf
OGD,112301,inf,nan
OGD,112351,inf,inf
OGD,112401,inf,inf
OGD,112451,inf,nan
OGD,112501,inf,inf
OGD,112551,inf,nan
OGD,112601,inf,nan
OGD,112651,inf,nan
OGD,112701,inf,inf
OGD,112751,inf,nan
OGD,112801,inf,nan
OGD,112851,inf,nan
OGD,112901,inf,nan
OGD,112951,inf,nan
OGD,113001,inf,inf
OGD,113051,inf,inf
OGD,113101,inf,nan
OGD,113151,inf,inf
OGD,113201,inf,nan
OGD,113251,inf,inf
OGD,113301,inf,nan
OGD,113351,inf,inf
OGD,113401,inf,inf
OGD,113451,inf,inf
OGD,113501,inf,nan
OGD,113551,inf,nan
OGD,113601,inf,nan
OGD,113651,inf,inf
OGD,113701,inf,nan
OGD,113751,inf,nan
OGD,113801,inf,nan
OGD,113851,inf,nan
OGD,113901,inf,nan
OGD,113951,inf,inf
OGD,114001,inf,inf
OGD,114051,inf,nan
OGD,114101,inf,inf
OGD,114151,inf,nan
OGD,114201,inf,nan
OGD,114251,inf,inf
OGD,114301,inf,inf
OGD,114351,inf,nan
OGD,114401,inf,nan
OGD,114451,inf,nan
OGD,114501,inf,nan
OGD,114551,inf,nan
OGD,114601,inf,nan
OGD,114651,inf,inf
OGD,114701,inf,inf
OGD,114751,inf,nan
OGD,114801,inf,nan
OGD,114851,inf,nan
OGD,114901,inf,inf
OGD,114951,inf,inf
OGD,115001,inf,inf
OGD,115051,inf,nan
OGD,115101,inf,inf
OGD,115151,inf,inf
OGD,115201,inf,nan
OGD,115251,inf,nan
OGD,115301,inf,inf
OGD,115351,inf,nan
OGD,115401,inf,nan
OGD,115451,inf,nan
OGD,115501,inf,nan
OGD,115551,inf,inf
OGD,115601,inf,inf
OGD,115651,inf,inf
OGD,115701,inf,nan
OGD,115751,inf,inf
OGD,115801,inf,nan
OGD,115851,inf,nan
OGD,115901,inf,inf
OGD,115951,inf,inf
OGD,116001,inf,inf
OGD,116051,inf,nan
OGD,116101,inf,nan
OGD,116151,inf,inf
OGD,116201,inf,inf
OGD,116251,inf,inf
OGD,116301,inf,inf
OGD,116351,inf,nan
OGD,116401,inf,inf
OGD,116451,inf,nan
OGD,116501,inf,inf
OGD,116551,inf,nan
OGD,116601,inf,inf
OGD,116651,inf,inf
OGD,116701,inf,inf
OGD,116751,inf,nan
OGD,116801,inf,nan
OGD,116851,inf,inf
OGD,116901,inf,inf
OGD,116951,inf,inf
OGD,117001,inf,nan
OGD,117051,inf,inf
OGD,117101,inf,inf
OGD,117151,inf,inf
OGD,117201,inf,nan
OGD,117251,inf,inf
OGD,117301,inf,inf
OGD,117351,inf,nan
OGD,117401,inf,nan
OGD,117451,inf,inf
OGD,117501,inf,inf
OGD,117551,inf,inf
OGD,117601,inf,inf
OGD,117651,inf,nan
OGD,117701,inf,nan
OGD,117751,inf,inf
OGD,117801,inf,inf
OGD,117851,inf,nan
OGD,117901,inf,inf
OGD,117951,inf,inf
OGD,118001,inf,nan
OGD,118051,inf,nan
OGD,118101,inf,nan
OGD,118151,inf,inf
OGD,118201,inf,inf
OGD,118251,inf,inf
OGD,118301,inf,nan
OGD,118351,inf,inf
OGD,118401,inf,nan
OGD,118451,inf,inf
OGD,118501,inf,nan
OGD,118551,inf,inf
OGD,118601,inf,inf
OGD,118651,inf,inf
OGD,118701,inf,nan
OGD,118751,inf,nan
OGD,118801,inf,inf
OGD,118851,inf,inf
OGD,118901,inf,inf
OGD,118951,inf,nan
OGD,119001,inf,nan
OGD,119051,inf,inf
OGD,119101,inf,inf
OGD,119151,inf,inf
OGD,119201,inf,nan
OGD,119251,inf,inf
OGD,119301,inf,nan
OGD,119351,inf,nan
OGD,119401,inf,nan
OGD,119451,inf,inf
OGD,119501,inf,nan
OGD,119551,inf,nan
OGD,119601,inf,nan
OGD,119651,inf,inf
OGD,119701,inf,nan
OGD,119751,inf,nan
OGD,119801,inf,nan
OGD,119851,inf,nan
OGD,119901,inf,inf
OGD,119951,inf,inf
OGD,120001,inf,nan
OGD,120051,inf,nan
OGD,120101,inf,inf
OGD,120151,inf,inf
OGD,120201,inf,nan
OGD,120251,inf,inf
OGD,120301,inf,inf
OGD,120351,inf,inf
OGD,120401,inf,nan
OGD,120451,inf,nan
OGD,120501,inf,inf
OGD,120551,inf,inf
OGD,120601,inf,nan
OGD,120651,inf,nan
OGD,120701,inf,inf
OGD,120751,inf,inf
OGD,120801,inf,nan
OGD,120851,inf,nan
OGD,120901,inf,inf
OGD,120951,inf,inf
OGD,121001,inf,nan
OGD,121051,inf,nan
OGD,121101,inf,nan
OGD,121151,inf,inf
OGD,121201,inf,nan
OGD,121251,inf,inf
OGD,121301,inf,inf
OGD,121351,inf,inf
OGD,121401,inf,nan
OGD,121451,inf,inf
OGD,121501,inf,inf
OGD,121551,inf,inf
OGD,121601,inf,nan
OGD,121651,inf,inf
OGD,121701,inf,inf
OGD,121751,inf,inf
OGD,121801,inf,nan
OGD,121851,inf,nan
OGD,121901,inf,inf
OGD,121951,inf,nan
OGD,122001,inf,inf
OGD,122051,inf,nan
OGD,122101,inf,inf
OGD,122151,inf,nan
OGD,122201,inf,inf
OGD,122251,inf,nan
OGD,122301,inf,inf
OGD,122351,inf,inf
OGD,122401,inf,inf
OGD,122451,inf,nan
OGD,122501,inf,inf
OGD,122551,inf,inf
OGD,122601,inf,inf
OGD,122651,inf,inf
OGD,122701,inf,inf
OGD,122751,inf,inf
OGD,122801,inf,inf
OGD,122851,inf,nan
OGD,122901,inf,inf
OGD,122951,inf,inf
OGD,123001,inf,nan
OGD,123051,inf,nan
OGD,123101,inf,inf
OGD,123151,inf,inf
OGD,123201,inf,nan
OGD,123251,inf,nan
OGD,123301,inf,inf
OGD,123351,inf,inf
OGD,123401,inf,nan
OGD,123451,inf,nan
OGD,123501,inf,inf
OGD,123551,inf,inf
OGD,123601,inf,nan
OGD,123651,inf,inf
OGD,123701,inf,inf
OGD,123751,inf,inf
OGD,123801,inf,nan
OGD,123851,inf,nan
OGD,123901,inf,inf
OGD,123951,inf,inf
OGD,124001,inf,nan
OGD,124051,inf,nan
OGD,124101,inf,inf
OGD,124151,inf,inf
OGD,124201,inf,nan
OGD,124251,inf,nan
OGD,124301,inf,inf
OGD,124351,inf,inf
OGD,124401,inf,nan
OGD,124451,inf,nan
OGD,124501,inf,nan
OGD,124551,inf,inf
OGD,124601,inf,nan
OGD,124651,inf,nan
OGD,124701,inf,nan
OGD,124751,inf,inf
OGD,124801,inf,nan
OGD,124851,inf,inf
OGD,124901,inf,nan
OGD,124951,inf,inf
OGD,125001,inf,nan
OGD,125051,inf,nan
OGD,125101,inf,inf
OGD,125151,inf,inf
OGD,125201,inf,inf
OGD,125251,inf,inf
OGD,125301,inf,inf
OGD,125351,inf,inf
OGD,125401,inf,nan
OGD,125451,inf,nan
OGD,125501,inf,inf
OGD,125551,inf,inf
OGD,125601,inf,nan
OGD,125651,inf,nan
OGD,125701,inf,inf
OGD,125751,inf,inf
OGD,125801,inf,inf
OGD,125851,inf,inf
OGD,125901,inf,nan
OGD,125951,inf,inf
OGD,126001,inf,nan
OGD,126051,inf,inf
OGD,126101,inf,nan
OGD,126151,inf,inf
OGD,126201,inf,inf
OGD,126251,inf,nan
OGD,126301,inf,inf
OGD,126351,inf,inf
OGD,126401,inf,inf
OGD,126451,inf,inf
OGD,126501,inf,inf
OGD,126551,inf,inf
OGD,126601,inf,nan
OGD,126651,inf,nan
OGD,126701,inf,nan
OGD,126751,inf,inf
OGD,126801,inf,nan
OGD,126851,inf,nan
OGD,126901,inf,nan
OGD,126951,inf,nan
OGD,127001,inf,nan
OGD,127051,inf,inf
OGD,127101,inf,inf
OGD,127151,inf,inf
OGD,127201,inf,inf
OGD,127251,inf,inf
OGD,127301,inf,inf
OGD,127351,inf,nan
OGD,127401,inf,inf
OGD,127451,inf,inf
OGD,127501,inf,nan
OGD,127551,inf,inf
OGD,127601,inf,inf
OGD,127651,inf,inf
OGD,127701,inf,nan
OGD,127751,inf,inf
OGD,127801,inf,inf
OGD,127851,inf,inf
OGD,127901,inf,inf
OGD,127951,inf,nan
OGD,128001,inf,nan
OGD,128051,inf,inf
OGD,128101,inf,inf
OGD,128151,inf,nan
OGD,128201,inf,inf
OGD,128251,inf,inf
OGD,128301,inf,inf
OGD,128351,inf,nan
OGD,128401,inf,nan
OGD,128451,inf,nan
OGD,128501,inf,inf
OGD,128551,inf,inf
OGD,128601,inf,inf
OGD,128651,inf,inf
OGD,128701,inf,inf
OGD,128751,inf,inf
OGD,128801,inf,inf
OGD,128851,inf,inf
OGD,128901,inf,inf
OGD,128951,inf,inf
OGD,129001,inf,inf
OGD,129051,inf,inf
OGD,129101,inf,nan
OGD,129151,inf,inf
OGD,129201,inf,nan
OGD,129251,inf,inf
OGD,129301,inf,inf
OGD,129351,inf,inf
OGD,129401,inf,inf
OGD,129451,inf,nan
OGD,129501,inf,inf
OGD,129551,inf,nan
OGD,129601,inf,inf
OGD,129651,inf,inf
OGD,129701,inf,inf
OGD,129751,inf,inf
OGD,129801,inf,nan
OGD,129851,inf,nan
OGD,129901,inf,inf
OGD,129951,inf,inf
OGD,130001,inf,inf
OGD,130051,inf,inf
OGD,130101,inf,inf
OGD,130151,inf,nan
OGD,130201,inf,inf
OGD,130251,inf,nan
OGD,130301,inf,inf
OGD,130351,inf,inf
OGD,130401,inf,inf
OGD,130451,inf,inf
OGD,130501,inf,inf
OGD,130551,inf,inf
OGD,130601,inf,nan
OGD,130651,inf,inf
OGD,130701,inf,inf
OGD,130751,inf,nan
OGD,130801,inf,inf
OGD,130851,inf,inf
OGD,130901,inf,inf
OGD,130951,inf,nan
OGD,131001,inf,inf
OGD,131051,inf,inf
OGD,131101,inf,inf
OGD,131151,inf,inf
OGD,131201,inf,nan
OGD,131251,inf,inf
OGD,131301,inf,nan
OGD,131351,inf,inf
OGD,131401,inf,inf
OGD,131451,inf,inf
OGD,131501,inf,inf
OGD,131551,inf,inf
OGD,131601,inf,nan
OGD,131651,inf,inf
OGD,131701,inf,inf
OGD,131751,inf,nan
OGD,131801,inf,nan
OGD,131851,inf,nan
OGD,131901,inf,inf
OGD,131951,inf,nan
OGD,132001,inf,nan
OGD,132051,inf,nan
OGD,132101,inf,inf
OGD,132151,inf,inf
OGD,132201,inf,nan
OGD,132251,inf,nan
OGD,132301,inf,inf
OGD,132351,inf,nan
OGD,132401,inf,nan
OGD,132451,inf,nan
OGD,132501,inf,inf
OGD,132551,inf,inf
OGD,132601,inf,nan
OGD,132651,inf,nan
OGD,132701,inf,inf
OGD,132751,inf,inf
OGD,132801,inf,nan
OGD,132851,inf,inf
OGD,132901,inf,inf
OGD,132951,inf,nan
OGD,133001,inf,nan
OGD,133051,inf,nan
OGD,133101,inf,inf
OGD,133151,inf,nan
OGD,133201,inf,nan
OGD,133251,inf,nan
OGD,133301,inf,inf
OGD,133351,inf,nan
OGD,133401,inf,nan
OGD,133451,inf,nan
OGD,133501,inf,inf
OGD,133551,inf,inf
OGD,133601,inf,nan
OGD,133651,inf,nan
OGD,133701,inf,inf
OGD,133751,inf,inf
OGD,133801,inf,nan
OGD,133851,inf,inf
OGD,133901,inf,inf
OGD,133951,inf,nan
OGD,134001,inf,nan
OGD,134051,inf,nan
OGD,134101,inf,inf
OGD,134151,inf,inf
OGD,134201,inf,nan
OGD,134251,inf,nan
OGD,134301,inf,inf
OGD,134351,inf,nan
OGD,134401,inf,nan
OGD,134451,inf,nan
OGD,134501,inf,inf
OGD,134551,inf,nan
OGD,134601,inf,nan
OGD,134651,inf,nan
OGD,134701,inf,nan
OGD,134751,inf,inf
OGD,134801,inf,nan
OGD,134851,inf,nan
OGD,134901,inf,inf
OGD,134951,inf,inf
OGD,135001,inf,nan
OGD,135051,inf,inf
OGD,135101,inf,inf
OGD,135151,inf,inf
OGD,135201,inf,nan
OGD,135251,inf,inf
OGD,135301,inf,inf
OGD,135351,inf,inf
OGD,135401,inf,nan
OGD,135451,inf,inf
OGD,135501,inf,inf
OGD,135551,inf,inf
OGD,135601,inf,nan
OGD,135651,inf,inf
OGD,135701,inf,inf
OGD,135751,inf,inf
OGD,135801,inf,nan
OGD,135851,inf,nan
OGD,135901,inf,nan
OGD,135951,inf,nan
OGD,136001,inf,nan
OGD,136051,inf,inf
OGD,136101,inf,inf
OGD,136151,inf,inf
OGD,136201,inf,nan
OGD,136251,inf,inf
OGD,136301,inf,inf
OGD,136351,inf,nan
OGD,136401,inf,nan
OGD,136451,inf,nan
OGD,136501,inf,inf
OGD,136551,inf,nan
OGD,136601,inf,nan
OGD,136651,inf,inf
OGD,136701,inf,inf
OGD,136751,inf,inf
OGD,136801,inf,nan
OGD,136851,inf,inf
OGD,136901,inf,inf
OGD,136951,inf,nan
OGD,137001,inf,nan
OGD,137051,inf,nan
OGD,137101,inf,inf
OGD,137151,inf,nan
OGD,137201,inf,nan
OGD,137251,inf,nan
OGD,137301,inf,nan
OGD,137351,inf,nan
OGD,137401,inf,nan
OGD,137451,inf,nan
OGD,137501,inf,nan
OGD,137551,inf,nan
OGD,137601,inf,nan
OGD,137651,inf,nan
OGD,137701,inf,nan
OGD,137751,inf,inf
OGD,137801,inf,nan
OGD,137851,inf,nan
OGD,137901,inf,nan
OGD,137951,inf,inf
OGD,138001,inf,nan
OGD,138051,inf,nan
OGD,138101,inf,nan
OGD,138151,inf,inf
OGD,138201,inf,nan
OGD,138251,inf,nan
OGD,138301,inf,inf
OGD,138351,inf,inf
OGD,138401,inf,inf
OGD,138451,inf,inf
OGD,138501,inf,nan
OGD,138551,inf,nan
OGD,138601,inf,nan
OGD,138651,inf,inf
OGD,138701,inf,nan
OGD,138751,inf,nan
OGD,138801,inf,nan
OGD,138851,inf,inf
OGD,138901,inf,nan
OGD,138951,inf,nan
OGD,139001,inf,inf
OGD,139051,inf,nan
OGD,139101,inf,nan
OGD,139151,inf,inf
OGD,139201,inf,inf
OGD,139251,inf,inf
OGD,139301,inf,nan
OGD,139351,inf,nan
OGD,139401,inf,nan
OGD,139451,inf,nan
OGD,139501,inf,nan
OGD,139551,inf,nan
OGD,139601,inf,inf
OGD,139651,inf,nan
OGD,139701,inf,nan
OGD,139751,inf,nan
OGD,139801,inf,inf
OGD,139851,inf,nan
OGD,139901,inf,nan
OGD,139951,inf,nan
OGD,140001,inf,inf
OGD,140051,inf,inf
OGD,140101,inf,nan
OGD,140151,inf,nan
OGD,140201,inf,nan
OGD,140251,inf,inf
OGD,140301,inf,nan
OGD,140351,inf,nan
OGD,140401,inf,inf
OGD,140451,inf,nan
OGD,140501,inf,inf
OGD,140551,inf,nan
OGD,140601,inf,inf
OGD,140651,inf,inf
OGD,140701,inf,inf
OGD,140751,inf,inf
OGD,140801,inf,inf
OGD,140851,inf,inf
OGD,140901,inf,inf
OGD,140951,inf,inf
OGD,141001,inf,inf
OGD,141051,inf,nan
OGD,141101,inf,inf
OGD,141151,inf,nan
OGD,141201,inf,inf
OGD,141251,inf,inf
OGD,141301,inf,nan
OGD,141351,inf,inf
OGD,141401,inf,inf
OGD,141451,inf,inf
OGD,141501,inf,inf
OGD,141551,inf,inf
OGD,141601,inf,nan
OGD,141651,inf,inf
OGD,141701,inf,nan
OGD,141751,inf,inf
OGD,141801,inf,nan
OGD,141851,inf,inf
OGD,141901,inf,inf
OGD,141951,inf,inf
OGD,142001,inf,inf
OGD,142051,inf,inf
OGD,142101,inf,inf
OGD,142151,inf,inf
OGD,142201,inf,inf
OGD,142251,inf,inf
OGD,142301,inf,nan
OGD,142351,inf,inf
OGD,142401,inf,nan
OGD,142451,inf,inf
OGD,142501,inf,inf
OGD,142551,inf,inf
OGD,142601,inf,inf
OGD,142651,inf,inf
OGD,142701,inf,nan
OGD,142751,inf,inf
OGD,142801,inf,inf
OGD,142851,inf,inf
OGD,142901,inf,inf
OGD,142951,inf,inf
OGD,143001,inf,nan
OGD,143051,inf,inf
OGD,143101,inf,inf
OGD,143151,inf,inf
OGD,143201,inf,inf
OGD,143251,inf,inf
OGD,143301,inf,inf
OGD,143351,inf,inf
OGD,143401,inf,inf
OGD,143451,inf,inf
OGD,143501,inf,nan
OGD,143551,inf,nan
OGD,143601,inf,inf
OGD,143651,inf,inf
OGD,143701,inf,inf
OGD,143751,inf,nan
OGD,143801,inf,nan
OGD,143851,inf,inf
OGD,143901,inf,nan
OGD,143951,inf,nan
OGD,144001,inf,nan
OGD,144051,inf,inf
OGD,144101,inf,inf
OGD,144151,inf,inf
OGD,144201,inf,inf
OGD,144251,inf,inf
OGD,144301,inf,inf
OGD,144351,inf,inf
OGD,144401,inf,inf
OGD,144451,inf,inf
OGD,144501,inf,inf
OGD,144551,inf,inf
OGD,144601,inf,inf
OGD,144651,inf,inf
OGD,144701,inf,inf
OGD,144751,inf,inf
OGD,144801,inf,inf
OGD,144851,inf,inf
OGD,144901,inf,inf
OGD,144951,inf,inf
OGD,145001,inf,inf
OGD,145051,inf,inf
OGD,145101,inf,inf
OGD,145151,inf,inf
OGD,145201,inf,inf
OGD,145251,inf,nan
OGD,145301,inf,nan
OGD,145351,inf,inf
OGD,145401,inf,inf
OGD,145451,inf,nan
OGD,145501,inf,inf
OGD,145551,inf,nan
OGD,145601,inf,nan
OGD,145651,inf,nan
OGD,145701,inf,inf
OGD,145751,inf,nan
OGD,145801,inf,inf
OGD,145851,inf,inf
OGD,145901,inf,inf
OGD,145951,inf,inf
OGD,146001,inf,inf
OGD,146051,inf,inf
OGD,146101,inf,nan
OGD,146151,inf,nan
OGD,146201,inf,inf
OGD,146251,inf,nan
OGD,146301,inf,inf
OGD,146351,inf,inf
OGD,146401,inf,inf
OGD,146451,inf,inf
OGD,146501,inf,nan
OGD,146551,inf,nan
OGD,146601,inf,inf
OGD,146651,inf,inf
OGD,146701,inf,inf
OGD,146751,inf,nan
OGD,146801,inf,inf
OGD,146851,inf,inf
OGD,146901,inf,nan
OGD,146951,inf,inf
OGD,147001,inf,nan
OGD,147051,inf,inf
OGD,147101,inf,nan
OGD,147151,inf,inf
OGD,147201,inf,nan
OGD,147251,inf,inf
OGD,147301,inf,inf
OGD,147351,inf,inf
OGD,147401,inf,inf
OGD,147451,inf,inf
OGD,147501,inf,inf
OGD,147551,inf,inf
OGD,147601,inf,inf
OGD,147651,inf,nan
OGD,147701,inf,inf
OGD,147751,inf,inf
OGD,147801,inf,inf
OGD,147851,inf,nan
OGD,147901,inf,inf
OGD,147951,inf,inf
OGD,148001,inf,nan
OGD,148051,inf,inf
OGD,148101,inf,nan
OGD,148151,inf,nan
OGD,148201,inf,nan
OGD,148251,inf,nan
OGD,148301,inf,nan
OGD,148351,inf,nan
OGD,148401,inf,nan
OGD,148451,inf,inf
OGD,148501,inf,nan
OGD,148551,inf,nan
OGD,148601,inf,nan
OGD,148651,inf,inf
OGD,148701,inf,inf
OGD,148751,inf,inf
OGD,148801,inf,nan
OGD,148851,inf,inf
OGD,148901,inf,nan
OGD,148951,inf,inf
OGD,149001,inf,inf
OGD,149051,inf,inf
OGD,149101,inf,inf
OGD,149151,inf,inf
OGD,149201,inf,nan
OGD,149251,inf,nan
OGD,149301,inf,inf
OGD,149351,inf,inf
OGD,149401,inf,nan
OGD,149451,inf,inf
OGD,149501,inf,nan
OGD,149551,inf,nan
OGD,149601,inf,inf
OGD,149651,inf,nan
OGD,149701,inf,inf
OGD,149751,inf,inf
OGD,149801,inf,nan
OGD,149851,inf,nan
OGD,149901,inf,inf
OGD,149951,inf,nan
