protocol,window_idx,window,kind,lr,M,P,weighted_r2,diverged,n_steps,n_bind,bind_rate,r_p50,r_p90,r_p99,r_max,disp_mean,disp_max
per-row,1,"[0,120)",grid,0.5,0.5,0.25,0.05433922857183038,false,150000,87520,0.5834666666666667,0.6410472473671995,2.3251247758962656,5.749814221469465,82.83033885904435,0.0009897345837909218,0.25
per-row,1,"[0,120)",grid,0.5,1.0,0.5,0.09016724046309921,false,150000,50852,0.33901333333333333,0.6468491853147736,2.302197355959018,5.727195992461846,95.39822234247879,0.001560323156486241,0.4999999999999999
per-row,1,"[0,120)",grid,0.5,2.0,1.0,0.13613037885739443,false,150000,18787,0.12524666666666667,0.6701038291663484,2.2472004448855722,5.60424193933111,96.81422168400007,0.0021220951879531748,0.7071067811865475
per-row,1,"[0,120)",grid,0.5,4.0,2.0,0.1661389355645373,false,150000,3564,0.02376,0.6908393832972588,2.21645522771298,5.338657734455198,94.27825810184828,0.0024531921275149997,1.414213562373095
per-row,1,"[0,120)",grid,0.5,8.0,4.0,0.16643855620116277,false,150000,310,0.0020666666666666667,0.6978354142091424,2.2157829400242712,5.1583685160827955,73.54946542010686,0.002574573972019198,2.82842712474619
per-row,1,"[0,120)",grid,0.5,16.0,8.0,0.15886299894948375,false,150000,18,0.00012,0.6990540083214644,2.2186943319280616,5.134016631536287,52.86944430016882,0.002601896715268092,3.5166353581154364
per-row,1,"[0,120)",grid,1.0,0.5,0.5,0.09019131698360539,false,150000,86901,0.57934,0.6341723651420968,2.3310131757562678,5.793538301270507,94.64237167230895,0.0019723366459829554,0.5
per-row,1,"[0,120)",grid,1.0,1.0,1.0,0.14643636202820487,false,150000,50708,0.3380533333333333,0.6452031063372978,2.2997235924073274,5.782378608458549,111.87275912389897,0.0031210678446649915,0.9999999999999998
per-row,1,"[0,120)",grid,1.0,2.0,2.0,0.21005710272638556,false,150000,18407,0.12271333333333333,0.676322546061852,2.224685260659354,5.640148009016671,113.0513595581885,0.004257538705653998,1.414213562373095
per-row,1,"[0,120)",grid,1.0,4.0,4.0,0.24619105963492172,false,150000,3376,0.022506666666666668,0.7033576760538824,2.1868932048988947,5.255069126468043,99.62903101563903,0.004935984305332962,2.82842712474619
per-row,1,"[0,120)",grid,1.0,8.0,8.0,0.21260173047445874,false,150000,286,0.0019066666666666668,0.7127541162220704,2.192073918060515,5.019967157279051,64.15959593968185,0.005218388590993101,5.65685424949238
per-row,1,"[0,120)",grid,1.0,16.0,16.0,-0.15987063025221082,false,150000,20,0.00013333333333333334,0.7103177513106552,2.193576912656253,5.040202014731764,45.37677893633884,0.005438496620942188,11.31370849898476
per-row,1,"[0,120)",grid,2.0,0.5,1.0,0.14578626036120745,false,150000,86338,0.5755866666666667,0.6279996254567053,2.332171242863182,5.901102475687793,105.47788519001865,0.003933644238270128,1.0
per-row,1,"[0,120)",grid,2.0,1.0,2.0,0.213314090149613,false,150000,50677,0.3378466666666667,0.6448847513911069,2.2836492417665437,5.886217062854706,120.53916896322684,0.006266394278900085,1.9999999999999996
per-row,1,"[0,120)",grid,2.0,2.0,4.0,0.2858995849811651,false,150000,18280,0.12186666666666666,0.682822971971659,2.2104905907976127,5.6376079563985035,106.34604157516597,0.008563346342366475,2.82842712474619
per-row,1,"[0,120)",grid,2.0,4.0,8.0,0.30693339533844466,false,150000,3240,0.0216,0.7111745659479854,2.177401242038716,5.206628873806215,74.74391004862873,0.009965976603384724,5.65685424949238
per-row,1,"[0,120)",grid,2.0,8.0,16.0,0.11557040643032623,false,150000,309,0.00206,0.7193875046429857,2.17987874427883,4.984390364502462,66.91100549919668,0.010608360637183734,11.31370849898476
per-row,1,"[0,120)",grid,2.0,16.0,32.0,-1.3411300184163513,true,150000,33,0.00022,0.7179546239183465,2.178709543916776,5.020658806262452,39.809633906568095,0.011251004396416856,22.62741699796952
per-row,1,"[0,120)",grid,4.0,0.5,2.0,0.2094015124724643,false,150000,86513,0.5767533333333333,0.6275236735090675,2.3257054764087512,6.016973505268211,110.58933346480222,0.007911599342803381,2.0
per-row,1,"[0,120)",grid,4.0,1.0,4.0,0.26426650168854504,false,150000,50711,0.33807333333333334,0.6474160067030841,2.270873808882853,5.930935660180786,127.88822134508554,0.012593754092303693,3.999999999999999
per-row,1,"[0,120)",grid,4.0,2.0,8.0,0.3172425126430811,false,150000,18282,0.12188,0.683268201453705,2.212314300997888,5.59623793914347,90.74260790238642,0.017251700355736733,5.65685424949238
per-row,1,"[0,120)",grid,4.0,4.0,16.0,0.2051801034252384,false,150000,3368,0.022453333333333332,0.7044982325661546,2.186034017999416,5.24647857783895,99.27974105359839,0.020043214992829513,11.31370849898476
per-row,1,"[0,120)",grid,4.0,8.0,32.0,-0.5398242818933214,true,150000,359,0.0023933333333333333,0.710375589800208,2.1851612611789024,5.107851028494894,71.45402914858087,0.021464962002114688,22.62741699796952
per-row,1,"[0,120)",grid,4.0,16.0,64.0,-5.339494207395174,true,150000,46,0.0003066666666666667,0.7115069021628033,2.186158247199828,5.075799120901835,71.45402914858087,0.02290876791737657,45.25483399593904
per-row,1,"[0,120)",grid,8.0,0.5,4.0,0.25099096579057245,false,150000,87092,0.5806133333333333,0.6303193217783634,2.305970918333499,6.045613513695166,101.02866058999415,0.015924061637290772,4.0
per-row,1,"[0,120)",grid,8.0,1.0,8.0,0.21077974644251551,false,150000,50866,0.33910666666666667,0.6527044683735572,2.2714431307676817,5.835163428128688,141.74829465011874,0.025352271276326575,7.999999999999998
per-row,1,"[0,120)",grid,8.0,2.0,16.0,0.1276185515000151,false,150000,18506,0.12337333333333333,0.678304598497665,2.233526479802136,5.5724781270319825,141.74829465011874,0.03457104940898994,11.31370849898476
per-row,1,"[0,120)",grid,8.0,4.0,32.0,-0.560708118572975,true,150000,3569,0.023793333333333333,0.6898587187961411,2.2171946838332905,5.381295148433755,141.74829465011874,0.04028951002167428,22.62741699796952
per-row,1,"[0,120)",grid,8.0,8.0,64.0,-3.572804349514853,true,150000,489,0.00326,0.6905832438693231,2.2141413250133284,5.388891572284713,141.74829465011874,0.043499192884712545,45.25483399593904
per-row,1,"[0,120)",grid,8.0,16.0,128.0,-22.444195592415067,true,150000,81,0.00054,0.6929652588572679,2.2054863098509982,5.40583695827251,141.74829465011874,0.046950445288371445,90.50966799187808
per-row,1,"[0,120)",published,2.0,5.0,10.0,0.2845638615298025,false,150000,1574,0.010493333333333334,0.715530906960991,2.179333030493428,5.079605941348436,75.04952111561771,0.010212111187556784,7.071067811865475
per-row,1,"[0,120)",matched,3.0,2.0,6.0,0.3151693386606673,false,150000,18351,0.12234,0.6834920666057273,2.2132861697671746,5.603278026710915,96.9267754793948,0.012907087828444876,4.242640687119285
per-row,2,"[150,270)",grid,0.5,0.5,0.25,0.05725434203310764,false,150000,87438,0.58292,0.6341949830038581,2.307652765175647,6.152944533166364,38.45845794092602,0.0009961223257034563,0.25
per-row,2,"[150,270)",grid,0.5,1.0,0.5,0.08908260482678765,false,150000,50083,0.33388666666666666,0.6392073230226605,2.2988577061487967,6.105894745189025,43.70332027984711,0.001570384967837332,0.5
per-row,2,"[150,270)",grid,0.5,2.0,1.0,0.12694184445409407,false,150000,18640,0.12426666666666666,0.6564682636736053,2.2565218001539993,5.9521338409905775,43.70332027984711,0.0021422485772315514,0.7071067811865475
per-row,2,"[150,270)",grid,0.5,4.0,2.0,0.1526567155736024,false,150000,3773,0.025153333333333333,0.6778929431812196,2.231573103678499,5.623717839987787,43.70332027984711,0.0024999442018501477,1.414213562373095
per-row,2,"[150,270)",grid,0.5,8.0,4.0,0.1454951767529853,false,150000,363,0.00242,0.6874167840154772,2.2280764744209622,5.376076227019064,43.70332027984711,0.0026577621373647595,2.82842712474619
per-row,2,"[150,270)",grid,0.5,16.0,8.0,0.05902173379579467,false,150000,28,0.00018666666666666666,0.690287562006172,2.2287533330497333,5.293535603751883,77.69003571994979,0.0027903854609726358,5.65685424949238
per-row,2,"[150,270)",grid,1.0,0.5,0.5,0.0888530619441017,false,150000,86785,0.5785666666666667,0.6298667653270162,2.316346105687266,6.173924287181848,46.05017033732412,0.0019858474148628457,0.5
per-row,2,"[150,270)",grid,1.0,1.0,1.0,0.13473837725114124,false,150000,50043,0.33362,0.6379846789249976,2.2912204179901225,6.156268219094171,94.12953139108993,0.003148032556122768,1.0
per-row,2,"[150,270)",grid,1.0,2.0,2.0,0.18804752153729853,false,150000,18361,0.12240666666666666,0.6678180707039013,2.228373969616841,5.889160835360121,94.12953139108993,0.004316167126334648,1.414213562373095
per-row,2,"[150,270)",grid,1.0,4.0,4.0,0.2150796819680474,false,150000,3467,0.023113333333333333,0.6950207434969362,2.2021065999169256,5.396236720707649,94.12953139108993,0.005028014415406833,2.82842712474619
per-row,2,"[150,270)",grid,1.0,8.0,8.0,0.17348103564296935,false,150000,306,0.00204,0.7063308470508698,2.203579252637279,5.086040170990511,94.12953139108993,0.005359238005250269,5.65685424949238
per-row,2,"[150,270)",grid,1.0,16.0,16.0,-0.11185172196623694,false,150000,27,0.00018,0.7072665396128366,2.2070307018926183,5.032144139693106,155.27011213021694,0.005683545071184038,11.31370849898476
per-row,2,"[150,270)",grid,2.0,0.5,1.0,0.13265362863600372,false,150000,86493,0.57662,0.6253422710105472,2.3198473877505954,6.2106325718303825,94.12953139108993,0.003971233643761449,1.0
per-row,2,"[150,270)",grid,2.0,1.0,2.0,0.19151439011082672,false,150000,50158,0.33438666666666667,0.6414577146303105,2.2795168548719587,6.170824083539049,194.98195361357563,0.006340415771724866,2.0
per-row,2,"[150,270)",grid,2.0,2.0,4.0,0.2505657407799423,false,150000,18125,0.12083333333333333,0.6804372483765653,2.2062850112734913,5.805370463938865,194.98195361357566,0.008697671344268342,2.82842712474619
per-row,2,"[150,270)",grid,2.0,4.0,8.0,0.2398560971501359,false,150000,3187,0.021246666666666667,0.7145893216356322,2.178141891578612,5.150214370309716,194.98195361357566,0.010166301769475267,5.65685424949238
per-row,2,"[150,270)",grid,2.0,8.0,16.0,0.008791661778575599,false,150000,295,0.0019666666666666665,0.7228548457570091,2.1823415614617683,4.910763396638779,194.98195361357566,0.010871451286001008,11.31370849898476
per-row,2,"[150,270)",grid,2.0,16.0,32.0,-1.2563928278492655,true,150000,38,0.00025333333333333333,0.7229907687869273,2.1844395483969743,4.84830580989779,323.3094294669945,0.011673822423067907,22.62741699796952
per-row,2,"[150,270)",grid,4.0,0.5,2.0,0.1855005503995033,false,150000,86337,0.57558,0.6230447819992111,2.3183467933020645,6.309614582398187,194.98195361357563,0.007955201581755797,2.0
per-row,2,"[150,270)",grid,4.0,1.0,4.0,0.235252033531532,false,150000,50254,0.33502666666666664,0.646929057549996,2.2648698457344794,6.139832963567072,396.686798058547,0.012745033644750848,4.0
per-row,2,"[150,270)",grid,4.0,2.0,8.0,0.2527531842825589,false,150000,18088,0.12058666666666666,0.6913628691648964,2.1949232002443586,5.616952999952938,396.6867980585471,0.01754344034879529,5.65685424949238
per-row,2,"[150,270)",grid,4.0,4.0,16.0,0.07245956609482151,false,150000,3040,0.020266666666666665,0.7212956406925726,2.167650625901166,5.038069257517417,396.6867980585471,0.020447929817701122,11.31370849898476
per-row,2,"[150,270)",grid,4.0,8.0,32.0,-0.8623589465780506,true,150000,326,0.0021733333333333335,0.7271536401817615,2.167701352216772,4.877734870928757,396.6867980585471,0.021969905284618476,22.62741699796952
per-row,2,"[150,270)",grid,4.0,16.0,64.0,-5.774232142419005,true,150000,67,0.00044666666666666666,0.7270659376960752,2.169874257781482,4.876775531458539,648.748763127325,0.023766069422568738,45.25483399593904
per-row,2,"[150,270)",grid,8.0,0.5,4.0,0.22251664889004508,false,150000,86813,0.5787533333333333,0.6277519596680716,2.309771804952992,6.308686918140262,396.686798058547,0.015991771675129152,4.0
per-row,2,"[150,270)",grid,8.0,1.0,8.0,0.17233591365715462,false,150000,50831,0.33887333333333336,0.6549484942691244,2.259060006647924,6.009930202296234,800.0964869484898,0.025685211069673,8.0
per-row,2,"[150,270)",grid,8.0,2.0,16.0,-0.015633352933930755,true,150000,18037,0.12024666666666667,0.6959197254112077,2.184253505067483,5.480453006881756,800.0964869484899,0.03520716454231772,11.31370849898476
per-row,2,"[150,270)",grid,8.0,4.0,32.0,-1.043195179690953,true,150000,3119,0.020793333333333334,0.7163035607654749,2.168976189685794,5.121306767632255,800.0964869484899,0.041081283247720944,22.62741699796952
per-row,2,"[150,270)",grid,8.0,8.0,64.0,-5.35268182773215,true,150000,434,0.0028933333333333333,0.7187945696891553,2.1694791587477624,5.080221998317306,800.0964869484899,0.044515169492787936,45.25483399593904
per-row,2,"[150,270)",grid,8.0,16.0,128.0,-27.801744438820688,true,150000,116,0.0007733333333333333,0.7193561897292884,2.162929459876651,5.121571646903558,1299.627430447986,0.04904052646670662,90.50966799187808
per-row,2,"[150,270)",published,2.0,5.0,10.0,0.20361045131338884,false,150000,1548,0.01032,0.7190116304992666,2.1763296242943047,5.042256258658153,194.98195361357566,0.010432634497449465,7.071067811865475
per-row,2,"[150,270)",matched,3.0,2.0,6.0,0.2666847730114241,false,150000,18101,0.12067333333333333,0.6879387604251372,2.200241570021318,5.6798570896432725,295.8343758360615,0.013116228623867325,4.242640687119285
per-row,3,"[300,420)",grid,0.5,0.5,0.25,0.05023360415728628,false,150000,83311,0.5554066666666667,0.5902305133476848,2.363243540667219,6.840863988734006,54.38167334232597,0.0009855192749317833,0.25
per-row,3,"[300,420)",grid,0.5,1.0,0.5,0.09107192641287787,false,150000,47623,0.31748666666666664,0.5966814239216107,2.3427279867472426,6.7667847446235125,51.956436303278785,0.001554326500894318,0.49999999999999994
per-row,3,"[300,420)",grid,0.5,2.0,1.0,0.13912053501735366,false,150000,18816,0.12544,0.6223656377857977,2.295241076377614,6.5175088465091084,47.64105919467907,0.002120758705492357,0.7071067811865475
per-row,3,"[300,420)",grid,0.5,4.0,2.0,0.174802459468976,false,150000,4538,0.030253333333333333,0.6485111439926088,2.2630467908117406,6.031439664278519,47.64105919467907,0.0025021956126511833,1.414213562373095
per-row,3,"[300,420)",grid,0.5,8.0,4.0,0.15980767744043445,false,150000,544,0.0036266666666666665,0.6587452686178169,2.267184685096268,5.721967162340878,50.31620806564156,0.002668406378706528,2.82842712474619
per-row,3,"[300,420)",grid,0.5,16.0,8.0,-0.05493178934183973,false,150000,42,0.00028,0.6602430633152176,2.2656941342784047,5.702861779565929,125.94954474123402,0.0028133563517742078,5.65685424949238
per-row,3,"[300,420)",grid,1.0,0.5,0.5,0.0863764949438246,false,150000,82967,0.5531133333333333,0.5857313847896674,2.362570445753188,6.881952251079104,53.391727693095135,0.0019729747579426576,0.5
per-row,3,"[300,420)",grid,1.0,1.0,1.0,0.14206532999142762,false,150000,47652,0.31768,0.6006929953503577,2.330179361822153,6.806703360576248,108.19337026910297,0.003121100923507226,0.9999999999999999
per-row,3,"[300,420)",grid,1.0,2.0,2.0,0.20284901204017758,false,150000,18597,0.12398,0.6344146452125086,2.263048461687793,6.429704540392113,108.19337026910297,0.004273531594399585,1.414213562373095
per-row,3,"[300,420)",grid,1.0,4.0,4.0,0.22995671816839836,false,150000,4186,0.027906666666666666,0.6667305712475056,2.2328500540446483,5.817866592026895,108.19337026910297,0.0050383670864632985,2.82842712474619
per-row,3,"[300,420)",grid,1.0,8.0,8.0,0.11647585257896798,false,150000,475,0.0031666666666666666,0.6780678528870401,2.2335100870394116,5.516929110156379,108.19337026910297,0.005420751250613189,5.65685424949238
per-row,3,"[300,420)",grid,1.0,16.0,16.0,-0.6949794909731868,true,150000,36,0.00024,0.6794430562168046,2.236269563239225,5.4924277498128555,256.3730521321809,0.005751071908282671,11.31370849898476
per-row,3,"[300,420)",grid,2.0,0.5,1.0,0.1344834741812777,false,150000,82868,0.5524533333333334,0.5853559928138578,2.3619178765566007,6.938547072037087,108.193370269103,0.003949435860889971,1.0
per-row,3,"[300,420)",grid,2.0,1.0,2.0,0.19523884106558786,false,150000,47754,0.31836,0.6034416166465817,2.318710015526781,6.783896305875994,229.29799241795092,0.006257801422867475,1.9999999999999998
per-row,3,"[300,420)",grid,2.0,2.0,4.0,0.25304416393840945,false,150000,18334,0.12222666666666666,0.6480623020839291,2.2397953853955572,6.317111539892899,229.29799241795092,0.008604959994270288,2.82842712474619
per-row,3,"[300,420)",grid,2.0,4.0,8.0,0.21635810524352328,false,150000,3868,0.025786666666666666,0.6811377514715523,2.206315484826421,5.675042167152296,229.29799241795092,0.010140896416794278,5.65685424949238
per-row,3,"[300,420)",grid,2.0,8.0,16.0,-0.2553449808703252,false,150000,440,0.0029333333333333334,0.692199973426282,2.2100312629559355,5.431234143715923,229.29799241795092,0.010976018679257064,11.31370849898476
per-row,3,"[300,420)",grid,2.0,16.0,32.0,-3.816301265707007,true,150000,51,0.00034,0.6937012545224617,2.201894289550052,5.427797324704666,517.2200669140743,0.011842191845092706,22.62741699796952
per-row,3,"[300,420)",grid,4.0,0.5,2.0,0.18128436144796978,false,150000,82934,0.5528933333333333,0.584042346642737,2.3598081721887145,6.958811320918714,229.29799241795092,0.007905705304249628,2.0
per-row,3,"[300,420)",grid,4.0,1.0,4.0,0.21069345859942445,false,150000,47928,0.31952,0.6095406248590254,2.3063790492721687,6.74636897342944,471.5072367156467,0.012531151104686788,3.9999999999999996
per-row,3,"[300,420)",grid,4.0,2.0,8.0,0.19485164734250204,false,150000,18124,0.12082666666666667,0.6563276523059943,2.22405004053031,6.283449350172478,471.5072367156467,0.017231853500164918,5.65685424949238
per-row,3,"[300,420)",grid,4.0,4.0,16.0,-0.1250424441629281,false,150000,3887,0.025913333333333333,0.6844592229645903,2.1957399247316567,5.774540722638939,471.5072367156467,0.020337910886191104,11.31370849898476
per-row,3,"[300,420)",grid,4.0,8.0,32.0,-1.9696164666458653,true,150000,512,0.0034133333333333333,0.688590368854952,2.2031318356397844,5.658782729134966,471.5072367156467,0.02219740508026145,22.62741699796952
per-row,3,"[300,420)",grid,4.0,16.0,64.0,-14.876542293852093,true,150000,77,0.0005133333333333333,0.6933401523014718,2.1895523015963003,5.571086533108112,1038.914096477861,0.02435371795270179,45.25483399593904
per-row,3,"[300,420)",grid,8.0,0.5,4.0,0.1816841927606515,false,150000,83273,0.5551533333333334,0.5875703983483109,2.3539829325667663,6.966947985640467,471.50723671564674,0.01578327916045283,4.0
per-row,3,"[300,420)",grid,8.0,1.0,8.0,0.03651121019618353,false,150000,48221,0.32147333333333333,0.6180668280508819,2.2988685814417957,6.694912055716777,955.925725311038,0.025153447775138647,7.999999999999999
per-row,3,"[300,420)",grid,8.0,2.0,16.0,-0.3153120116809911,true,150000,18131,0.12087333333333333,0.6512918070046168,2.2312979829265394,6.386428377764759,955.925725311038,0.034279335191755925,11.31370849898476
per-row,3,"[300,420)",grid,8.0,4.0,32.0,-1.8749127796899265,true,150000,4448,0.029653333333333334,0.6609135149119418,2.2180895005416814,6.156436032013612,955.925725311038,0.04055636361659641,22.62741699796952
per-row,3,"[300,420)",grid,8.0,8.0,64.0,-9.090984562671721,true,150000,768,0.00512,0.6573504083141006,2.2166694859572402,6.321039588542938,955.925725311038,0.04485499444296654,45.25483399593904
per-row,3,"[300,420)",grid,8.0,16.0,128.0,-57.053750680520096,true,150000,147,0.00098,0.6640387935805172,2.197369937138591,6.330461324068184,2082.3021556054355,0.04970871165125546,90.50966799187808
per-row,3,"[300,420)",published,2.0,5.0,10.0,0.1421500404111612,false,150000,2050,0.013666666666666667,0.6863343632613197,2.205943177763186,5.5634941183952025,229.29799241795092,0.010447220452639218,7.071067811865475
per-row,3,"[300,420)",matched,3.0,2.0,6.0,0.24520054057095275,false,150000,18227,0.12151333333333333,0.6539877418081468,2.22767017042596,6.272153805646873,350.4026145667988,0.012918476522289054,4.242640687119285
per-row,4,"[450,570)",grid,0.5,0.5,0.25,0.062280522227633694,false,150000,88199,0.5879933333333334,0.64602753021303,2.3076706153262863,5.764780522275238,33.3290960634522,0.001001308445503428,0.25
per-row,4,"[450,570)",grid,0.5,1.0,0.5,0.100624380349145,false,150000,51016,0.34010666666666667,0.6474444694839223,2.297840524307209,5.790477463365554,32.37412039302647,0.001578496532976981,0.5
per-row,4,"[450,570)",grid,0.5,2.0,1.0,0.14360235883123262,false,150000,19036,0.12690666666666667,0.6649774540778066,2.2667472513721174,5.671637338839247,32.11502447723239,0.0021459284367423633,0.7071067811865475
per-row,4,"[450,570)",grid,0.5,4.0,2.0,0.16804071129119225,false,150000,3528,0.02352,0.6822195710869281,2.2406734011153424,5.379539224737572,30.650049840986597,0.0024796562338079507,1.414213562373095
per-row,4,"[450,570)",grid,0.5,8.0,4.0,0.15419339800614773,false,150000,336,0.00224,0.6901860641710522,2.241271569389263,5.2274666252704804,27.26510507717227,0.0026100024598396487,2.82842712474619
per-row,4,"[450,570)",grid,0.5,16.0,8.0,0.03681397592025548,false,150000,22,0.00014666666666666666,0.6923435204638155,2.235015964003434,5.201921929659595,29.60900291335619,0.0027178820862857117,5.65685424949238
per-row,4,"[450,570)",grid,1.0,0.5,0.5,0.10045043957971589,false,150000,87586,0.5839066666666667,0.6397366533248056,2.312045947014626,5.845845558404744,32.123361658314934,0.0019913670037849866,0.5
per-row,4,"[450,570)",grid,1.0,1.0,1.0,0.15462878359083898,false,150000,50789,0.33859333333333336,0.6472266613356945,2.2952493229940147,5.868501751102716,36.77226342018213,0.003157673842570462,1.0
per-row,4,"[450,570)",grid,1.0,2.0,2.0,0.20888174164282147,false,150000,18762,0.12508,0.6732983464439851,2.2387152520289204,5.651671792004238,37.37877436321188,0.004311270831523333,1.414213562373095
per-row,4,"[450,570)",grid,1.0,4.0,4.0,0.228595415295896,false,150000,3279,0.02186,0.698935054911139,2.2164335754732116,5.242207702953477,35.30776718239291,0.004979444526228215,2.82842712474619
per-row,4,"[450,570)",grid,1.0,8.0,8.0,0.16591626389673686,false,150000,286,0.0019066666666666668,0.7066899425898425,2.213789905294982,5.043504989095759,31.01509607761035,0.005250696926075301,5.65685424949238
per-row,4,"[450,570)",grid,1.0,16.0,16.0,-0.20991222259814513,false,150000,23,0.00015333333333333334,0.7087219915450615,2.212217069646362,5.0126046399693625,61.05781373919126,0.005499913730576268,11.31370849898476
per-row,4,"[450,570)",grid,2.0,0.5,1.0,0.1530228303987371,false,150000,87194,0.5812933333333333,0.636064447838365,2.3160417365933625,5.907676626863748,36.31178696525759,0.00397383107382691,1.0
per-row,4,"[450,570)",grid,2.0,1.0,2.0,0.21363722988453515,false,150000,50685,0.3379,0.647792553183662,2.2852359473474184,5.94006483445857,54.251000966248846,0.006330999117986216,2.0
per-row,4,"[450,570)",grid,2.0,2.0,4.0,0.2633997994929316,false,150000,18377,0.12251333333333334,0.6850413577626225,2.2167837963455796,5.637783592060915,54.251000966248846,0.008687637872703241,2.82842712474619
per-row,4,"[450,570)",grid,2.0,4.0,8.0,0.23935527774277532,false,150000,3055,0.02036666666666667,0.7148916151515058,2.1871385638026544,5.102784616824843,54.251000966248846,0.010039997222365177,5.65685424949238
per-row,4,"[450,570)",grid,2.0,8.0,16.0,-0.015339042217139776,false,150000,261,0.00174,0.7221468607292519,2.188482670732485,4.875679149400712,60.18123754539157,0.010607387723917571,11.31370849898476
per-row,4,"[450,570)",grid,2.0,16.0,32.0,-1.3270667844588608,true,150000,27,0.00018,0.7242162892910101,2.1905771880514333,4.866781870416088,123.95543539086135,0.011183248155317842,22.62741699796952
per-row,4,"[450,570)",grid,4.0,0.5,2.0,0.20693355301528416,false,150000,87192,0.58128,0.6342736739714984,2.3132902558398776,6.048321405315226,54.251000966248846,0.007960249810078325,2.0
per-row,4,"[450,570)",grid,4.0,1.0,4.0,0.24622426237633865,false,150000,50932,0.33954666666666666,0.654420701955992,2.269329328340342,5.943188175992778,100.72281074352588,0.01277861972581749,4.0
per-row,4,"[450,570)",grid,4.0,2.0,8.0,0.24567970034699227,false,150000,18167,0.12111333333333334,0.694010394979321,2.1979333581089344,5.547125180655204,100.72281074352588,0.01747550433811528,5.65685424949238
per-row,4,"[450,570)",grid,4.0,4.0,16.0,-0.0023996144970266364,false,150000,2976,0.01984,0.7216991052568177,2.180864445035224,4.99459294548089,100.72281074352588,0.020298131882036437,11.31370849898476
per-row,4,"[450,570)",grid,4.0,8.0,32.0,-1.120272545826313,true,150000,235,0.0015666666666666667,0.7260108441214674,2.18311312291195,4.844250871346675,122.202283003262,0.02155519988953347,22.62741699796952
per-row,4,"[450,570)",grid,4.0,16.0,64.0,-6.855436194414521,true,150000,40,0.0002666666666666667,0.7277433504777182,2.1767122847917175,4.7963613928884765,249.75067869420153,0.0230450842959475,45.25483399593904
per-row,4,"[450,570)",grid,8.0,0.5,4.0,0.22929480503267474,false,150000,87548,0.5836533333333334,0.6367046998441444,2.297842627750377,6.054282138363658,100.72281074352588,0.016041528935118343,4.0
per-row,4,"[450,570)",grid,8.0,1.0,8.0,0.15022842765914857,false,150000,51305,0.34203333333333336,0.6641413775203175,2.2540932038273245,5.842199449371585,193.6664302980798,0.025788250324804213,8.0
per-row,4,"[450,570)",grid,8.0,2.0,16.0,-0.08943581994782002,true,150000,18121,0.12080666666666667,0.6994280888406252,2.1951937452058514,5.324920292102405,193.6664302980798,0.0352877951288572,11.31370849898476
per-row,4,"[450,570)",grid,8.0,4.0,32.0,-1.203449631533,true,150000,2929,0.019526666666666668,0.7197194843774812,2.18100316326217,4.900548814196949,193.6664302980798,0.040803493945129075,22.62741699796952
per-row,4,"[450,570)",grid,8.0,8.0,64.0,-5.9086431998077185,true,150000,297,0.00198,0.7222266601909169,2.1808983761050356,4.845280229753473,246.2443739190028,0.04369539701225767,45.25483399593904
per-row,4,"[450,570)",grid,8.0,16.0,128.0,-30.001097869043416,true,150000,61,0.00040666666666666667,0.7258458429663277,2.1746149040434486,4.838509093427149,501.3411653008819,0.047301103619987274,90.50966799187808
per-row,4,"[450,570)",published,2.0,5.0,10.0,0.19715319010674248,false,150000,1495,0.009966666666666667,0.7186438314661201,2.1872516886319353,4.991830168851671,54.251000966248846,0.01026501565159641,7.071067811865475
per-row,4,"[450,570)",matched,3.0,2.0,6.0,0.2656603719474899,false,150000,18175,0.12116666666666667,0.6896552254265709,2.2040728310087445,5.572119448584083,77.48690585488733,0.013085755715961808,4.242640687119285
per-row,5,"[600,720)",grid,0.5,0.5,0.25,0.0769050318991219,false,150000,85357,0.5690466666666667,0.6157020569795493,2.3498571040606295,6.087285764080377,33.611802438240126,0.0009764527913934934,0.25
per-row,5,"[600,720)",grid,0.5,1.0,0.5,0.11270511664152227,false,150000,49991,0.3332733333333333,0.6214213158912909,2.3342627196168575,6.05733861078585,32.13532556456417,0.0015402681395522413,0.49999999999999994
per-row,5,"[600,720)",grid,0.5,2.0,1.0,0.1512982286479264,false,150000,19209,0.12806,0.6430724745095944,2.2901649072783927,5.917691043549248,32.112849472013906,0.0021017485405927755,0.7071067811865475
per-row,5,"[600,720)",grid,0.5,4.0,2.0,0.17171500930304295,false,150000,3835,0.025566666666666668,0.6661790246333938,2.2677855674479432,5.617850101192001,33.4218874401077,0.0024463768520088117,1.414213562373095
per-row,5,"[600,720)",grid,0.5,8.0,4.0,0.14934438101304737,false,150000,391,0.002606666666666667,0.6745589629009686,2.271993732534979,5.3621187662505605,32.963959479036525,0.002573484813148723,2.82842712474619
per-row,5,"[600,720)",grid,0.5,16.0,8.0,0.14155207265403924,false,150000,10,0.00006666666666666667,0.6753133107423874,2.2720830663034315,5.321588743092425,32.72712246382651,0.0025905474586861385,2.9226325414381393
per-row,5,"[600,720)",grid,1.0,0.5,0.5,0.11459943616510382,false,150000,84889,0.5659266666666667,0.61171856301794,2.358760156092353,6.119209150863418,30.9999088080719,0.0019523812131078254,0.5
per-row,5,"[600,720)",grid,1.0,1.0,1.0,0.16094639827677104,false,150000,49890,0.3326,0.6232359806039995,2.3351938220288964,6.121287128883851,32.63265757918586,0.0030912268911981863,0.9999999999999999
per-row,5,"[600,720)",grid,1.0,2.0,2.0,0.20647302747597163,false,150000,19027,0.12684666666666666,0.6515958991350463,2.2752601848474847,5.862545214632505,35.29784497018573,0.004225530645777397,1.414213562373095
per-row,5,"[600,720)",grid,1.0,4.0,4.0,0.21474792551474875,false,150000,3543,0.02362,0.6786548286668522,2.246399714739296,5.39008976206266,36.44923389579265,0.004928875591296965,2.82842712474619
per-row,5,"[600,720)",grid,1.0,8.0,8.0,0.12460658570032535,false,150000,320,0.0021333333333333334,0.6881234537885188,2.2537847021551296,5.127798092390658,36.61437817820096,0.005190485825985419,5.65685424949238
per-row,5,"[600,720)",grid,1.0,16.0,16.0,-0.33893606557693645,false,150000,15,0.0001,0.687548138580869,2.2506246767273774,5.122112758177507,32.24383499201813,0.005385175528380079,9.949917690674347
per-row,5,"[600,720)",grid,2.0,0.5,1.0,0.1605067493792971,false,150000,84739,0.5649266666666667,0.6076932744679644,2.3618027246907003,6.210807917850781,33.36871923306513,0.003907560089975525,1.0
per-row,5,"[600,720)",grid,2.0,1.0,2.0,0.2086276094426699,false,150000,49893,0.33262,0.6236941382473296,2.335430225060272,6.093226755280668,36.220868840685384,0.006203605601399536,1.9999999999999998
per-row,5,"[600,720)",grid,2.0,2.0,4.0,0.24521885245709274,false,150000,18875,0.12583333333333332,0.6626303111009736,2.258643107645952,5.715752181573521,36.665701978302536,0.008524198702183313,2.82842712474619
per-row,5,"[600,720)",grid,2.0,4.0,8.0,0.19914599311433734,false,150000,3319,0.022126666666666666,0.692656519212041,2.2253310301071876,5.174452776216388,37.59429582379406,0.009927234208104062,5.65685424949238
per-row,5,"[600,720)",grid,2.0,8.0,16.0,-0.12929202955481411,false,150000,269,0.0017933333333333334,0.6997740407656894,2.232488753205071,4.961416247178151,37.407522059083014,0.010470117339282208,11.31370849898476
per-row,5,"[600,720)",grid,2.0,16.0,32.0,-2.1063525949211503,true,150000,22,0.00014666666666666666,0.6994114703639764,2.229512006662844,5.012262058923209,58.40611492027006,0.010970743270016747,22.62741699796952
per-row,5,"[600,720)",grid,4.0,0.5,2.0,0.20241428033049103,false,150000,84448,0.5629866666666666,0.6045151171217237,2.369647648379406,6.177819171531999,36.52324231302051,0.00783431390292318,2.0
per-row,5,"[600,720)",grid,4.0,1.0,4.0,0.22006218974290837,false,150000,49936,0.3329066666666667,0.6281732606458958,2.331075271532005,5.992128276192784,48.90044086331641,0.012469313063061701,3.9999999999999996
per-row,5,"[600,720)",grid,4.0,2.0,8.0,0.1985642516695728,false,150000,18713,0.12475333333333333,0.670982456516322,2.246041392719122,5.552699933665681,48.90044086331641,0.01718961923327487,5.65685424949238
per-row,5,"[600,720)",grid,4.0,4.0,16.0,-0.07227819126161794,false,150000,3184,0.021226666666666668,0.6997934032694954,2.2210428747955935,5.091570941122086,48.90044086331641,0.02001212440621605,11.31370849898476
per-row,5,"[600,720)",grid,4.0,8.0,32.0,-1.5344349398819883,true,150000,248,0.0016533333333333333,0.7057983730590709,2.2198440592854385,4.907623443507979,63.868811228850255,0.02121130232506275,22.62741699796952
per-row,5,"[600,720)",grid,4.0,16.0,64.0,-9.397075090376175,true,150000,31,0.00020666666666666666,0.7059471011293967,2.2036054624317436,4.961701126170537,115.31699325410742,0.022359235402883933,45.25483399593904
per-row,5,"[600,720)",grid,8.0,0.5,4.0,0.20020514722770633,false,150000,84607,0.5640466666666667,0.6076994243206426,2.3776805465404753,6.09518409445268,48.900440863316426,0.015709697698270752,4.0
per-row,5,"[600,720)",grid,8.0,1.0,8.0,0.08803142227012006,false,150000,50328,0.33552,0.6339238792141586,2.319450394178308,5.887543129082109,95.33928395754141,0.025081410266982098,7.999999999999999
per-row,5,"[600,720)",grid,8.0,2.0,16.0,-0.17938324228145341,false,150000,18786,0.12524,0.675656601596018,2.253032089655208,5.455985585491051,95.33928395754141,0.0346050963979649,11.31370849898476
per-row,5,"[600,720)",grid,8.0,4.0,32.0,-1.3754135415435993,true,150000,3226,0.021506666666666667,0.696297783984354,2.2323097322716254,5.072788860929309,95.33928395754141,0.04029630411397972,22.62741699796952
per-row,5,"[600,720)",grid,8.0,8.0,64.0,-7.160480698570202,true,150000,269,0.0017933333333333334,0.7011774930117587,2.2288616979088527,5.009263337047544,126.24238587126787,0.04298901829972344,45.25483399593904
per-row,5,"[600,720)",grid,8.0,16.0,128.0,-40.521168763759285,true,150000,44,0.0002933333333333333,0.705115310383488,2.205059832714593,5.087891311532614,229.13874992178225,0.04588911974725904,90.50966799187808
per-row,5,"[600,720)",published,2.0,5.0,10.0,0.1461660486254437,false,150000,1570,0.010466666666666668,0.6975063197438287,2.228982684796293,5.0688833127614,37.76741990831819,0.010150508116071445,7.071067811865475
per-row,5,"[600,720)",matched,3.0,2.0,6.0,0.23820601068071667,false,150000,18813,0.12542,0.6685803649921833,2.2492892810053964,5.6104610716173875,37.29073008976014,0.012841864019418342,4.242640687119285
per-row,6,"[750,870)",grid,0.5,0.5,0.25,0.09851704355755553,false,150000,84201,0.56134,0.5978497936037381,2.3576612763509583,6.615407516270608,55.94218879126365,0.0009783094008559276,0.25
per-row,6,"[750,870)",grid,0.5,1.0,0.5,0.13606247083030287,false,150000,47868,0.31912,0.6061527540048408,2.3412985886234265,6.614196064467146,55.652635256331756,0.0015431191100826675,0.5
per-row,6,"[750,870)",grid,0.5,2.0,1.0,0.1759541985641525,false,150000,18921,0.12614,0.6291925319756155,2.2916128714639794,6.33702279543993,52.814903355415105,0.0021076178718491506,0.7071067811865475
per-row,6,"[750,870)",grid,0.5,4.0,2.0,0.1979600622179254,false,150000,4354,0.029026666666666666,0.6519511104008441,2.2673839540120095,5.924824068776823,45.21190720327623,0.0024920901497464047,1.414213562373095
per-row,6,"[750,870)",grid,0.5,8.0,4.0,0.17206092509812798,false,150000,451,0.0030066666666666666,0.6609720053118896,2.268684115911829,5.630950467384112,52.74122292963742,0.0026663727401627555,2.82842712474619
per-row,6,"[750,870)",grid,0.5,16.0,8.0,-0.0685352034122162,false,150000,48,0.00032,0.6665168958423748,2.2652971867796565,5.562150789690811,116.76263670656854,0.0028042394259612494,5.65685424949238
per-row,6,"[750,870)",grid,1.0,0.5,0.5,0.13640184891199825,false,150000,84030,0.5602,0.5962842601001354,2.362384296482932,6.6942599101335665,54.60709750809398,0.001960532722660774,0.5
per-row,6,"[750,870)",grid,1.0,1.0,1.0,0.1816169286550744,false,150000,48022,0.3201466666666667,0.6087631930097495,2.324013228164361,6.602974705064531,51.18826164750959,0.0030997371774792015,1.0
per-row,6,"[750,870)",grid,1.0,2.0,2.0,0.22435941724417874,false,150000,18702,0.12468,0.6396910619998533,2.2636835125695813,6.227370578410105,46.09657891774608,0.004246495747015993,1.414213562373095
per-row,6,"[750,870)",grid,1.0,4.0,4.0,0.23256241411338552,false,150000,4001,0.026673333333333334,0.6689667873054349,2.246109478701675,5.6994779825741375,48.89701834912461,0.0050280349661998075,2.82842712474619
per-row,6,"[750,870)",grid,1.0,8.0,8.0,0.10563780834433334,false,150000,393,0.00262,0.6780842910364576,2.2508272036584183,5.411260686034871,104.59009710535184,0.005388255216980242,5.65685424949238
per-row,6,"[750,870)",grid,1.0,16.0,16.0,-0.708603295454374,true,150000,31,0.00020666666666666666,0.6822606438528886,2.238866886674432,5.359049189251724,232.63292465921404,0.005709860374765745,11.31370849898476
per-row,6,"[750,870)",grid,2.0,0.5,1.0,0.1772392421475656,false,150000,84044,0.5602933333333333,0.5954354995531241,2.356283029774395,6.716993975189791,51.13037120620724,0.0039277088680359515,1.0
per-row,6,"[750,870)",grid,2.0,1.0,2.0,0.2164313643020228,false,150000,48343,0.32228666666666667,0.6154999542664604,2.3194143985847706,6.53070434491949,77.6206026927434,0.006221551972467574,2.0
per-row,6,"[750,870)",grid,2.0,2.0,4.0,0.24073939819727264,false,150000,18574,0.12382666666666667,0.6527363046945729,2.2492960012001686,6.1351506381846805,77.6206026927434,0.008565306177621874,2.82842712474619
per-row,6,"[750,870)",grid,2.0,4.0,8.0,0.19073164449889368,false,150000,3718,0.024786666666666665,0.6825984482096921,2.228563347176425,5.487652480647655,80.24501790291845,0.010122285242277863,5.65685424949238
per-row,6,"[750,870)",grid,2.0,8.0,16.0,-0.44928460506067447,true,150000,338,0.0022533333333333333,0.6904718375816967,2.2286853925093206,5.232118188753521,208.28784545678067,0.010869637815920537,11.31370849898476
per-row,6,"[750,870)",grid,2.0,16.0,32.0,-4.036054934575913,true,150000,40,0.0002666666666666667,0.6950698770313513,2.2228244094774654,5.2467531429625,464.3735005645052,0.011671377111531201,22.62741699796952
per-row,6,"[750,870)",grid,4.0,0.5,2.0,0.205439428803312,false,150000,84223,0.5614866666666667,0.5978799290317918,2.3559649996502765,6.649807479089754,77.6206026927434,0.007852650134299945,2.0
per-row,6,"[750,870)",grid,4.0,1.0,4.0,0.20577231363402648,false,150000,48769,0.3251266666666667,0.6191834506711803,2.3055345325698444,6.42498750926852,146.41889951488452,0.012495142735452509,4.0
per-row,6,"[750,870)",grid,4.0,2.0,8.0,0.13641787034343822,false,150000,18470,0.12313333333333333,0.6598973597000897,2.2406565059454073,5.9868062826748885,146.41889951488452,0.017234214752072055,5.65685424949238
per-row,6,"[750,870)",grid,4.0,4.0,16.0,-0.19401268175929087,false,150000,3709,0.024726666666666668,0.688190350222869,2.221301636450569,5.489522548675207,159.59768705191394,0.020313065600954843,11.31370849898476
per-row,6,"[750,870)",grid,4.0,8.0,32.0,-2.3737313842675,true,150000,382,0.0025466666666666667,0.6946936276963696,2.2176431883483203,5.32811480130209,415.6833421596384,0.021961602042036944,22.62741699796952
per-row,6,"[750,870)",grid,4.0,16.0,64.0,-15.402492184708962,true,150000,62,0.0004133333333333333,0.6979770127816336,2.2071978857633727,5.277267169569189,927.8546523750874,0.023799924497243725,45.25483399593904
per-row,6,"[750,870)",grid,8.0,0.5,4.0,0.18035691751445682,false,150000,84429,0.56286,0.6005668188979354,2.3586474978484726,6.536997415044393,146.41889951488452,0.01578438211629603,4.0
per-row,6,"[750,870)",grid,8.0,1.0,8.0,0.007707420276972465,false,150000,49149,0.32766,0.6273331900147272,2.3002388850972424,6.30704554260299,284.01549315916657,0.025106022615689994,8.0
per-row,6,"[750,870)",grid,8.0,2.0,16.0,-0.4438174048876331,true,150000,18471,0.12314,0.6610447470959887,2.242797803785562,5.883634459717308,284.01549315916657,0.034553464334958074,11.31370849898476
per-row,6,"[750,870)",grid,8.0,4.0,32.0,-1.934319240543212,true,150000,4039,0.026926666666666668,0.6754581145799019,2.2230714234367777,5.7333266085238215,318.3030253499051,0.04058261241642679,22.62741699796952
per-row,6,"[750,870)",grid,8.0,8.0,64.0,-10.484641274578289,true,150000,550,0.0036666666666666666,0.6757596693933985,2.223330458320477,5.70272730645788,830.4743355653543,0.044540966929123293,45.25483399593904
per-row,6,"[750,870)",grid,8.0,16.0,128.0,-65.88591499053732,true,150000,124,0.0008266666666666666,0.6825053261971523,2.2174528669336624,5.614644483890939,1854.8169559962525,0.04931993268067838,90.50966799187808
per-row,6,"[750,870)",published,2.0,5.0,10.0,0.10390117268707777,false,150000,1872,0.01248,0.6868250969638967,2.230417231006687,5.341633081007668,112.25572479138405,0.010418805173066321,7.071067811865475
per-row,6,"[750,870)",matched,3.0,2.0,6.0,0.20516690670466653,false,150000,18528,0.12352,0.6583111330528275,2.2398605660655737,6.01753706229837,112.019751103814,0.012908896020124338,4.242640687119285
per-row,7,"[900,1020)",grid,0.5,0.5,0.25,0.11503804050202371,false,150000,86836,0.5789066666666667,0.6296630447076905,2.2886154982137734,6.399314519315931,68.6233735707716,0.0010007087470013721,0.25
per-row,7,"[900,1020)",grid,0.5,1.0,0.5,0.15773541675058034,false,150000,49541,0.3302733333333333,0.6330382806358152,2.277573600348738,6.4223582477404175,76.18862665820343,0.0015829209776765155,0.4999999999999999
per-row,7,"[900,1020)",grid,0.5,2.0,1.0,0.19819084167543177,false,150000,18356,0.12237333333333333,0.6547410783588468,2.2308768562367036,6.27378372705548,75.52415855526522,0.0021492306807481465,0.7071067811865475
per-row,7,"[900,1020)",grid,0.5,4.0,2.0,0.21828231908633566,false,150000,3839,0.025593333333333333,0.6760408066558505,2.213844114094645,5.847482547358156,65.47804690840853,0.0024891350263060454,1.414213562373095
per-row,7,"[900,1020)",grid,0.5,8.0,4.0,0.15757790065602273,false,150000,496,0.0033066666666666665,0.6861624344892079,2.2215732489206395,5.514162255432575,49.725052624817934,0.0026390974909015884,2.82842712474619
per-row,7,"[900,1020)",grid,0.5,16.0,8.0,-0.2308702433450005,false,150000,35,0.00023333333333333333,0.688590228342578,2.220128351738213,5.38678477512544,87.72404719732923,0.002768240983104794,5.65685424949238
per-row,7,"[900,1020)",grid,1.0,0.5,0.5,0.1585162127327624,false,150000,86351,0.5756733333333334,0.6230192049664416,2.296803154447624,6.508059028697735,77.56951581655699,0.001999269709089082,0.5
per-row,7,"[900,1020)",grid,1.0,1.0,1.0,0.2035440410317937,false,150000,49399,0.32932666666666666,0.631872380765558,2.2720778314130055,6.527377305420357,84.3705010119315,0.003175364916506495,0.9999999999999998
per-row,7,"[900,1020)",grid,1.0,2.0,2.0,0.24253188081765387,false,150000,18181,0.12120666666666667,0.6583569752533684,2.215682398451696,6.269154324651968,82.40920911053774,0.004334302002535775,1.414213562373095
per-row,7,"[900,1020)",grid,1.0,4.0,4.0,0.2179108936799251,false,150000,3647,0.024313333333333333,0.6855645615916913,2.199800974318046,5.6623815620889575,71.81008030808754,0.005022580692686115,2.82842712474619
per-row,7,"[900,1020)",grid,1.0,8.0,8.0,-0.02288820944869907,false,150000,428,0.002853333333333333,0.6966834402915074,2.2057779773018953,5.289750243698371,93.12053615279275,0.005331912390587787,5.65685424949238
per-row,7,"[900,1020)",grid,1.0,16.0,16.0,-1.4849072776867471,true,150000,29,0.00019333333333333333,0.6995003094198087,2.210680979480712,5.16608148876434,192.91159448351132,0.005632864248186932,11.31370849898476
per-row,7,"[900,1020)",grid,2.0,0.5,1.0,0.20006261928724467,false,150000,86098,0.5739866666666666,0.6201349000258156,2.2991136660700295,6.607707669345581,90.3161608479864,0.004007293152912268,1.0
per-row,7,"[900,1020)",grid,2.0,1.0,2.0,0.23028153721410816,false,150000,49460,0.3297333333333333,0.633608763872529,2.2643676501523546,6.561696589641531,141.88444578740356,0.006372537628350984,1.9999999999999996
per-row,7,"[900,1020)",grid,2.0,2.0,4.0,0.24179173360376804,false,150000,18042,0.12028,0.6699033865670552,2.196870722556164,6.180978635543607,141.88444578740356,0.008739671087788446,2.82842712474619
per-row,7,"[900,1020)",grid,2.0,4.0,8.0,0.049283481906388316,false,150000,3464,0.023093333333333334,0.6962141853194075,2.1838293273271137,5.504081652065105,141.88444578740356,0.010128033114355402,5.65685424949238
per-row,7,"[900,1020)",grid,2.0,8.0,16.0,-0.8827005408091089,true,150000,394,0.0026266666666666665,0.7065195990961348,2.1889054195455753,5.138150687007124,187.11466036758367,0.010782710853841304,11.31370849898476
per-row,7,"[900,1020)",grid,2.0,16.0,32.0,-6.413780029898875,true,150000,35,0.00023333333333333333,0.7070689285605889,2.1929236298505024,5.0898075072113445,386.69677702902084,0.011468117875677596,22.62741699796952
per-row,7,"[900,1020)",grid,4.0,0.5,2.0,0.21833680128280586,false,150000,86228,0.5748533333333333,0.6207207573862854,2.292472491057736,6.624844346936224,141.8844457874036,0.00802240317204531,2.0
per-row,7,"[900,1020)",grid,4.0,1.0,4.0,0.17130705490560227,false,150000,49928,0.33285333333333333,0.6426034827410234,2.2547256003515987,6.485842454921001,282.0331767460359,0.012789462133026109,3.999999999999999
per-row,7,"[900,1020)",grid,4.0,2.0,8.0,0.06656839110045054,false,150000,18098,0.12065333333333333,0.6781215050138906,2.191046810736329,5.954814712421154,282.0331767460359,0.017556570982175616,5.65685424949238
per-row,7,"[900,1020)",grid,4.0,4.0,16.0,-0.8500035102021044,true,150000,3303,0.02202,0.7039548162750541,2.1790771447869033,5.342662142052876,282.0331767460359,0.020456734489981074,11.31370849898476
per-row,7,"[900,1020)",grid,4.0,8.0,32.0,-4.693775273601037,true,150000,441,0.00294,0.7096530232530363,2.182101226930026,5.172942690171479,375.10290879716547,0.021899677372807746,22.62741699796952
per-row,7,"[900,1020)",grid,4.0,16.0,64.0,-27.130762326987174,true,150000,80,0.0005333333333333334,0.7094246684187572,2.182725367950263,5.134896863235688,774.2671421200396,0.02371009662120852,45.25483399593904
per-row,7,"[900,1020)",grid,8.0,0.5,4.0,0.14297708809421839,false,150000,86957,0.5797133333333333,0.6301261728292048,2.285326048632556,6.5662168850112375,282.03317674603596,0.016134196965730527,4.0
per-row,7,"[900,1020)",grid,8.0,1.0,8.0,-0.2898042019218825,false,150000,50867,0.3391133333333333,0.6532591233939564,2.244109888697991,6.174822025764812,562.3306386633004,0.025878297974328314,7.999999999999998
per-row,7,"[900,1020)",grid,8.0,2.0,16.0,-0.7869186832945232,true,150000,18127,0.12084666666666667,0.6830116654025454,2.2030512204426533,5.686472719487919,562.3306386633004,0.035177519939342275,11.31370849898476
per-row,7,"[900,1020)",grid,8.0,4.0,32.0,-4.741612582462185,true,150000,3406,0.022706666666666667,0.6984440109534129,2.193108535594891,5.353469457220649,562.3306386633004,0.041112405601364525,22.62741699796952
per-row,7,"[900,1020)",grid,8.0,8.0,64.0,-20.295949555947438,true,150000,534,0.00356,0.6971385748527112,2.1981428062467656,5.37957334463815,751.079405656329,0.04436270248355754,45.25483399593904
per-row,7,"[900,1020)",grid,8.0,16.0,128.0,-106.94520358449734,true,150000,170,0.0011333333333333334,0.7023090843648361,2.1941315016480782,5.349125092688245,1549.4078723020775,0.048463726786705984,90.50966799187808
per-row,7,"[900,1020)",published,2.0,5.0,10.0,-0.10705947303821084,false,150000,1773,0.01182,0.7005719451885004,2.1889839799034276,5.311261136943968,141.88444578740356,0.010378620258446901,7.071067811865475
per-row,7,"[900,1020)",matched,3.0,2.0,6.0,0.16932424295903592,false,150000,17967,0.11978,0.6751688105410495,2.193830710261687,6.052634857421217,211.95881126671955,0.013148123026694507,4.242640687119285
per-row,8,"[1050,1170)",grid,0.5,0.5,0.25,0.09112328279383297,false,150000,85330,0.5688666666666666,0.6113905409334142,2.3344668381990377,6.489084821938648,40.15375602867293,0.0009841900799410122,0.25
per-row,8,"[1050,1170)",grid,0.5,1.0,0.5,0.13656299220553236,false,150000,48706,0.32470666666666664,0.6207524703476932,2.3099884628716287,6.42925974302851,39.90706770192772,0.0015506788307193585,0.5
per-row,8,"[1050,1170)",grid,0.5,2.0,1.0,0.18420587041718406,false,150000,18728,0.12485333333333333,0.6466691603591788,2.2573604458281653,6.202265837070201,43.119799285997686,0.0021099460758069494,0.7071067811865475
per-row,8,"[1050,1170)",grid,0.5,4.0,2.0,0.20961213195754813,false,150000,4003,0.026686666666666668,0.6697962206133252,2.236297407080007,5.750101120076929,44.42352470806818,0.0024528688296355503,1.414213562373095
per-row,8,"[1050,1170)",grid,0.5,8.0,4.0,0.18550212538559263,false,150000,425,0.0028333333333333335,0.6787046647552034,2.2454917509605314,5.457059170788943,49.070064815002326,0.002583071655715498,2.82842712474619
per-row,8,"[1050,1170)",grid,0.5,16.0,8.0,-0.0014704112518835188,false,150000,28,0.00018666666666666666,0.6783275991842903,2.243087557410159,5.455034725680457,50.247592632923016,0.0026650701000027477,5.65685424949238
per-row,8,"[1050,1170)",grid,1.0,0.5,0.5,0.13726971788969333,false,150000,85257,0.56838,0.6086549760362543,2.3397190763788553,6.495763514497291,40.54347719827884,0.0019701194520361023,0.5
per-row,8,"[1050,1170)",grid,1.0,1.0,1.0,0.18880281860771864,false,150000,48740,0.32493333333333335,0.6239585831973156,2.3077080465592257,6.445520703539531,44.60998964420773,0.003113131215221189,1.0
per-row,8,"[1050,1170)",grid,1.0,2.0,2.0,0.2348110975526847,false,150000,18407,0.12271333333333333,0.6561561324512023,2.245629540168274,6.1215975600315575,48.08340971774572,0.004250276129345849,1.414213562373095
per-row,8,"[1050,1170)",grid,1.0,4.0,4.0,0.22882200869267377,false,150000,3668,0.024453333333333334,0.6850778927124441,2.212280627371522,5.5494253795414865,54.70878648690816,0.0049487507423525345,2.82842712474619
per-row,8,"[1050,1170)",grid,1.0,8.0,8.0,0.09964003187090431,false,150000,370,0.0024666666666666665,0.6943271652001547,2.2239828845034113,5.271342605907319,56.55092441115135,0.005234561993180403,5.65685424949238
per-row,8,"[1050,1170)",grid,1.0,16.0,16.0,-0.6286317592748554,false,150000,24,0.00016,0.6910283733360707,2.2228827600712244,5.287276850108098,70.59671028440155,0.005458449161099758,11.31370849898476
per-row,8,"[1050,1170)",grid,2.0,0.5,1.0,0.1854319978352461,false,150000,85213,0.5680866666666666,0.6095967369224524,2.3384850624514537,6.520402939335408,44.57889420766826,0.003946058666732091,1.0
per-row,8,"[1050,1170)",grid,2.0,1.0,2.0,0.22109481270340536,false,150000,49197,0.32798,0.6305874968555272,2.296479482482395,6.358805509474025,72.70070310460972,0.006281165543705406,2.0
per-row,8,"[1050,1170)",grid,2.0,2.0,4.0,0.23703539434734444,false,150000,18312,0.12208,0.6694577564385396,2.219637693190165,5.962673825710703,72.70070310460972,0.00859214191721945,2.82842712474619
per-row,8,"[1050,1170)",grid,2.0,4.0,8.0,0.1396463769859011,false,150000,3382,0.022546666666666666,0.6986703971286716,2.201579248156291,5.35977814229037,72.70070310460972,0.00997597087387369,5.65685424949238
per-row,8,"[1050,1170)",grid,2.0,8.0,16.0,-0.40826161844113784,false,150000,364,0.002426666666666667,0.7049939901813727,2.2017951016809225,5.125658183296337,72.70070310460972,0.010594129758797562,11.31370849898476
per-row,8,"[1050,1170)",grid,2.0,16.0,32.0,-3.111772210168618,true,150000,38,0.00025333333333333333,0.7011436827190423,2.2012640602678406,5.19680513418716,139.80400288951236,0.011193577908052034,22.62741699796952
per-row,8,"[1050,1170)",grid,4.0,0.5,2.0,0.20763246221887277,false,150000,85792,0.5719466666666667,0.6154846623020518,2.3238352866368266,6.493302582051423,72.70070310460972,0.007952900269134415,2.0
per-row,8,"[1050,1170)",grid,4.0,1.0,4.0,0.16794090706384746,false,150000,49970,0.33313333333333334,0.6425030975379231,2.265132674493347,6.2222943005836715,137.12780359078,0.012686987301472288,4.0
per-row,8,"[1050,1170)",grid,4.0,2.0,8.0,0.07142908408514126,false,150000,18223,0.12148666666666667,0.6810437220977019,2.208750237645194,5.70108754038235,137.12780359078,0.01740430559608411,5.65685424949238
per-row,8,"[1050,1170)",grid,4.0,4.0,16.0,-0.3984240321804038,false,150000,3191,0.021273333333333335,0.7054929073799374,2.1954992105750524,5.202405476694527,137.12780359078,0.020166222304259313,11.31370849898476
per-row,8,"[1050,1170)",grid,4.0,8.0,32.0,-2.7342279524368025,true,150000,415,0.002766666666666667,0.7092996015888653,2.194645008261827,5.095860143927399,137.12780359078,0.021505731131672777,22.62741699796952
per-row,8,"[1050,1170)",grid,4.0,16.0,64.0,-13.134383045390333,true,150000,71,0.0004733333333333333,0.706811203912741,2.188825496768481,5.17750934311104,270.13107881475764,0.022920185278684262,45.25483399593904
per-row,8,"[1050,1170)",grid,8.0,0.5,4.0,0.13677058316112956,false,150000,86792,0.5786133333333333,0.6277389942075349,2.2969149718150335,6.299153388865103,137.12780359078,0.016001049811400936,4.0
per-row,8,"[1050,1170)",grid,8.0,1.0,8.0,-0.18567664544987306,false,150000,50771,0.33847333333333335,0.652377451210626,2.258684771609463,5.9848278580593055,265.9820045631206,0.025570416984063954,8.0
per-row,8,"[1050,1170)",grid,8.0,2.0,16.0,-0.7381298304467305,true,150000,18504,0.12336,0.6843390991853946,2.2213211199572354,5.491634350524765,265.9820045631206,0.035067440258126324,11.31370849898476
per-row,8,"[1050,1170)",grid,8.0,4.0,32.0,-2.744523762052692,true,150000,3216,0.02144,0.7001695637308571,2.2187496871130863,5.178921763405255,265.9820045631206,0.04060531093608359,22.62741699796952
per-row,8,"[1050,1170)",grid,8.0,8.0,64.0,-12.243928895866238,true,150000,466,0.003106666666666667,0.697637438401215,2.2067416728309848,5.260882358319442,265.9820045631206,0.04364300109606294,45.25483399593904
per-row,8,"[1050,1170)",grid,8.0,16.0,128.0,-51.55616502389834,true,150000,136,0.0009066666666666666,0.6940586106058035,2.203505625106113,5.435200016948707,502.19944910740526,0.04678246036363929,90.50966799187808
per-row,8,"[1050,1170)",published,2.0,5.0,10.0,0.043479171880580925,false,150000,1725,0.0115,0.7032985107287378,2.205771805361891,5.221477355154165,72.70070310460972,0.010217036482320955,7.071067811865475
per-row,8,"[1050,1170)",matched,3.0,2.0,6.0,0.1773705299139865,false,150000,18246,0.12164,0.6776946158393533,2.2123770567547756,5.807998956415292,104.91425334769494,0.012986779938024082,4.242640687119285
per-row,9,"[1200,1320)",grid,0.5,0.5,0.25,0.0794759829216245,false,150000,84363,0.56242,0.6019917729667916,2.3839542932661706,6.370672568997678,45.396332907973196,0.0009846317629422137,0.25
per-row,9,"[1200,1320)",grid,0.5,1.0,0.5,0.11618229804448743,false,150000,48779,0.32519333333333333,0.607180789983222,2.36248321459117,6.319155072696934,94.27711079843654,0.0015529936000598528,0.5
per-row,9,"[1200,1320)",grid,0.5,2.0,1.0,0.15576163930677056,false,150000,19418,0.12945333333333334,0.6248936592202465,2.3252222525712907,6.136345185523378,94.27711079843654,0.002129752548894775,0.7071067811865475
per-row,9,"[1200,1320)",grid,0.5,4.0,2.0,0.1800386201376396,false,150000,4459,0.029726666666666665,0.6454617790345332,2.3043292118193737,5.845973852413579,94.27711079843654,0.0025186297268327967,1.414213562373095
per-row,9,"[1200,1320)",grid,0.5,8.0,4.0,0.16818826071251558,false,150000,356,0.002373333333333333,0.6536433781641801,2.307191525726636,5.648919616372176,94.27711079843654,0.0026936810398093714,2.82842712474619
per-row,9,"[1200,1320)",grid,0.5,16.0,8.0,0.04429642337407691,false,150000,18,0.00012,0.6538016581895558,2.3049396503801307,5.658900626373609,94.27711079843654,0.002845355139148227,5.65685424949238
per-row,9,"[1200,1320)",grid,1.0,0.5,0.5,0.12060685518704928,false,150000,84123,0.56082,0.6008541389419109,2.3761876956346337,6.379539799829425,94.27711079843654,0.0019648892553868077,0.5
per-row,9,"[1200,1320)",grid,1.0,1.0,1.0,0.16872419719976328,false,150000,48831,0.32554,0.6119170428539953,2.353716883512885,6.301647468649965,192.03866657936322,0.0031215010380962415,1.0
per-row,9,"[1200,1320)",grid,1.0,2.0,2.0,0.21648648224806588,false,150000,19114,0.12742666666666666,0.6406340557823667,2.3007292984005447,6.103761582155212,192.03866657936322,0.004293374102031633,1.414213562373095
per-row,9,"[1200,1320)",grid,1.0,4.0,4.0,0.23635245467337607,false,150000,4062,0.02708,0.6670970242565057,2.27210669643682,5.638983938968103,192.03866657936322,0.005067621210742077,2.82842712474619
per-row,9,"[1200,1320)",grid,1.0,8.0,8.0,0.1891956697906354,false,150000,262,0.0017466666666666668,0.6750009968726767,2.2764941784050827,5.387554388730731,192.03866657936322,0.0054415943557448235,5.65685424949238
per-row,9,"[1200,1320)",grid,1.0,16.0,16.0,-0.17728694785243682,true,150000,21,0.00014,0.6703374956369479,2.2800751751868367,5.438473908441284,192.03866657936322,0.005827833402328002,11.31370849898476
per-row,9,"[1200,1320)",grid,2.0,0.5,1.0,0.1703900023895839,false,150000,84085,0.5605666666666667,0.5996904000890922,2.378148002127396,6.378713851766165,192.03866657936322,0.003935866059103846,1.0
per-row,9,"[1200,1320)",grid,2.0,1.0,2.0,0.22199106928306456,false,150000,49019,0.3267933333333333,0.6189119772747533,2.3409406119899825,6.318217401717224,387.5617781412166,0.0062765389946030205,2.0
per-row,9,"[1200,1320)",grid,2.0,2.0,4.0,0.26749049019438853,false,150000,18805,0.12536666666666665,0.6543884887739018,2.265650050707836,5.937396028750942,387.5617781412166,0.00867533414932005,2.82842712474619
per-row,9,"[1200,1320)",grid,2.0,4.0,8.0,0.2552603016013256,false,150000,3607,0.024046666666666668,0.6844733187441066,2.2455292265549933,5.377225603509312,387.5617781412166,0.01021581515434397,5.65685424949238
per-row,9,"[1200,1320)",grid,2.0,8.0,16.0,0.0771647572572648,true,150000,211,0.0014066666666666667,0.691938800769611,2.251072461359799,5.141567519441634,387.5617781412166,0.010992239547959692,11.31370849898476
per-row,9,"[1200,1320)",grid,2.0,16.0,32.0,-1.0787503849042577,true,150000,29,0.00019333333333333333,0.688004513766834,2.2629746402846216,5.202418159500661,387.5617781412166,0.011870829306595904,22.62741699796952
per-row,9,"[1200,1320)",grid,4.0,0.5,2.0,0.2168087636686915,false,150000,84231,0.56154,0.5999789295225701,2.3799874237200083,6.428121074772193,387.5617781412166,0.007898604397358545,2.0
per-row,9,"[1200,1320)",grid,4.0,1.0,4.0,0.2490475159808191,false,150000,49312,0.3287466666666667,0.6253176084828254,2.3267451406581716,6.226333689513692,778.6080012649236,0.012603346719979074,4.0
per-row,9,"[1200,1320)",grid,4.0,2.0,8.0,0.25997474601366377,false,150000,18727,0.12484666666666666,0.6662646892623686,2.252802828682125,5.752440499446078,778.6080012649236,0.01749867736303616,5.65685424949238
per-row,9,"[1200,1320)",grid,4.0,4.0,16.0,0.11397520130076677,true,150000,3278,0.021853333333333332,0.698281867638037,2.2330593998352892,5.1696599762407525,778.6080012649236,0.020555908751446146,11.31370849898476
per-row,9,"[1200,1320)",grid,4.0,8.0,32.0,-0.5351901675893513,true,150000,219,0.00146,0.7043361758844271,2.235514477424887,4.989491774623919,778.6080012649236,0.022175947886183357,22.62741699796952
per-row,9,"[1200,1320)",grid,4.0,16.0,64.0,-4.652450854075228,true,150000,35,0.00023333333333333333,0.6989513663130869,2.2429045747589313,5.048681840861018,778.6080012649236,0.02419371985186433,45.25483399593904
per-row,9,"[1200,1320)",grid,8.0,0.5,4.0,0.2348956300075884,false,150000,84683,0.5645533333333334,0.6050255547093992,2.3686752855522464,6.349131511024417,778.6080012649236,0.01584635312223226,4.0
per-row,9,"[1200,1320)",grid,8.0,1.0,8.0,0.16833469779796995,false,150000,49845,0.3323,0.6341319834138486,2.3164885523959295,6.065045068041447,1560.7004475123376,0.025294494526219072,8.0
per-row,9,"[1200,1320)",grid,8.0,2.0,16.0,0.04451477231489864,true,150000,18747,0.12498,0.6758242400065504,2.2462703155274113,5.573117454930519,1560.7004475123376,0.03516003543151597,11.31370849898476
per-row,9,"[1200,1320)",grid,8.0,4.0,32.0,-0.6240918406795601,true,150000,3242,0.02161333333333333,0.7058198046349978,2.223021268225996,5.018963172836235,1560.7004475123376,0.041412482866511696,22.62741699796952
per-row,9,"[1200,1320)",grid,8.0,8.0,64.0,-3.364354750125287,true,150000,241,0.0016066666666666666,0.7096966022975666,2.2232044827644923,4.932041662642823,1560.7004475123376,0.04498807975220837,45.25483399593904
per-row,9,"[1200,1320)",grid,8.0,16.0,128.0,-20.365916624280377,true,150000,49,0.0003266666666666667,0.702176644565973,2.2264216622267092,5.059550389907032,1560.7004475123376,0.04968051205022397,90.50966799187808
per-row,9,"[1200,1320)",published,2.0,5.0,10.0,0.2275470467544065,false,150000,1762,0.011746666666666667,0.6890945306351812,2.2468516859375107,5.234063017333634,387.5617781412166,0.010512995507149524,7.071067811865475
per-row,9,"[1200,1320)",matched,3.0,2.0,6.0,0.2763983301428502,false,150000,18755,0.12503333333333333,0.660748114331672,2.2577719001174184,5.8373691302306705,583.0848897030704,0.0130685194560711,4.242640687119285
per-row,10,"[1350,1470)",grid,0.5,0.5,0.25,0.07207324248612368,false,150000,81455,0.5430333333333334,0.5668320976931275,2.3411787069533356,7.952121241180669,53.75756518498192,0.0009617653820625168,0.25
per-row,10,"[1350,1470)",grid,0.5,1.0,0.5,0.11246981284410817,false,150000,45887,0.3059133333333333,0.5789173953436788,2.324831364618355,7.784900737147332,54.07917646865523,0.001500896113278424,0.49999999999999994
per-row,10,"[1350,1470)",grid,0.5,2.0,1.0,0.15735781105732394,false,150000,18404,0.12269333333333333,0.6012577936826476,2.2781590454817344,7.406456536872669,53.04465155381762,0.002033735456601212,0.5899651964927797
per-row,10,"[1350,1470)",grid,0.5,4.0,2.0,0.19106248929730296,false,150000,5052,0.03368,0.6263417852368046,2.2529967251931518,6.816676141420253,50.44610310742579,0.0023890930740669276,0.7273972861926818
per-row,10,"[1350,1470)",grid,0.5,8.0,4.0,0.20652942417978548,false,150000,732,0.00488,0.6406122122769483,2.253265276414961,6.356427641455444,49.271368794304585,0.002530454357345712,0.7273972861926818
per-row,10,"[1350,1470)",grid,0.5,16.0,8.0,0.20968681104003806,false,150000,38,0.00025333333333333333,0.6429649276443221,2.250530600829855,6.274419322509225,48.83316351385349,0.0025529844776466036,0.7273972861926818
per-row,10,"[1350,1470)",grid,1.0,0.5,0.5,0.10945701441384958,false,150000,81363,0.54242,0.566022844621864,2.351574821959401,7.943075840452404,54.80561045415344,0.0019271302147011594,0.5
per-row,10,"[1350,1470)",grid,1.0,1.0,1.0,0.16025058716127505,false,150000,45893,0.30595333333333335,0.5799594420794817,2.3170819834992247,7.747128538693065,54.11751614707331,0.003019837559001752,0.9999999999999999
per-row,10,"[1350,1470)",grid,1.0,2.0,2.0,0.20631293047492782,false,150000,18180,0.1212,0.6113210921787433,2.245942486659446,7.258225431088442,54.585118638149524,0.0040956785603180005,1.414213562373095
per-row,10,"[1350,1470)",grid,1.0,4.0,4.0,0.22713335444325933,false,150000,4761,0.03174,0.6426843162246678,2.220730574778868,6.60594147149945,54.61320834141978,0.004815317853601394,2.3094010767585034
per-row,10,"[1350,1470)",grid,1.0,8.0,8.0,0.1862136648153595,false,150000,652,0.004346666666666667,0.6567280325466656,2.2236771101891777,6.110850749972139,48.458612524983046,0.005135670818443263,4.200981133421567
per-row,10,"[1350,1470)",grid,1.0,16.0,16.0,0.06663322781758685,false,150000,62,0.0004133333333333333,0.6575503800843228,2.223332495460898,6.083902307480311,55.24101572948924,0.0052692962107720375,7.7445370479188975
per-row,10,"[1350,1470)",grid,2.0,0.5,1.0,0.15331478208217397,false,150000,81303,0.54202,0.564510011842666,2.3522023993629855,7.909601714797557,55.209938994644915,0.0038641257938074494,1.0
per-row,10,"[1350,1470)",grid,2.0,1.0,2.0,0.19998847603169068,false,150000,45916,0.3061066666666667,0.5845775675979747,2.299678278336232,7.721861772770282,55.721761583248984,0.006070898996120477,1.9999999999999998
per-row,10,"[1350,1470)",grid,2.0,2.0,4.0,0.22743999225060418,false,150000,17882,0.11921333333333334,0.6243403498450601,2.2258823018898255,7.171676463307956,56.37538349680894,0.00825502688498504,2.82842712474619
per-row,10,"[1350,1470)",grid,2.0,4.0,8.0,0.1855376802599955,false,150000,4521,0.03014,0.6576150901615543,2.2000051422180547,6.413776785776343,53.91326656991899,0.009704428790184337,4.618802153517007
per-row,10,"[1350,1470)",grid,2.0,8.0,16.0,0.002596882256164834,false,150000,673,0.004486666666666667,0.6682168361656718,2.2024457130590767,6.047930667482945,52.274171310931614,0.01035221762633335,9.237604307034013
per-row,10,"[1350,1470)",grid,2.0,16.0,32.0,-1.02261435983691,true,150000,161,0.0010733333333333333,0.6666725312618579,2.196451134097858,6.119040483101756,73.68817998825115,0.010854159142242156,18.475208614068027
per-row,10,"[1350,1470)",grid,4.0,0.5,2.0,0.18718067739278976,false,150000,81449,0.5429933333333333,0.5657167607873261,2.3442809046418263,7.903512811919693,58.276537651977954,0.007753815390084323,2.0
per-row,10,"[1350,1470)",grid,4.0,1.0,4.0,0.19679526598321584,false,150000,46233,0.30822,0.5918368144698876,2.2885037877433887,7.630585548134406,57.571775581051156,0.012232953001517412,3.9999999999999996
per-row,10,"[1350,1470)",grid,4.0,2.0,8.0,0.14121696603109046,false,150000,17681,0.11787333333333333,0.6346255933088039,2.2047425826448475,7.071164547301159,55.39890217108422,0.01666771824887098,5.65685424949238
per-row,10,"[1350,1470)",grid,4.0,4.0,16.0,-0.2245045359515454,false,150000,4453,0.029686666666666667,0.6650580587392559,2.1792112867820714,6.370730281787656,61.53477573594278,0.01958253863973749,11.31370849898476
per-row,10,"[1350,1470)",grid,4.0,8.0,32.0,-1.1744134612087942,true,150000,894,0.00596,0.6690165659015104,2.1781274894875335,6.335970503405999,83.1390577858054,0.021013868968422833,18.475208614068027
per-row,10,"[1350,1470)",grid,4.0,16.0,64.0,-5.104771223923546,true,150000,441,0.00294,0.6664115015044441,2.1799832938194106,6.551334116652782,118.93763053386441,0.022426557039762145,36.950417228136054
per-row,10,"[1350,1470)",grid,8.0,0.5,4.0,0.17144782777399825,false,150000,82048,0.5469866666666666,0.5725152141807037,2.328000008224148,7.837703753885505,62.01100757604774,0.015626654878138923,4.0
per-row,10,"[1350,1470)",grid,8.0,1.0,8.0,0.0396311415387941,false,150000,46754,0.3116933333333333,0.601603489218123,2.2555503935773342,7.477616586708069,57.88856571570998,0.024707401359007522,7.999999999999999
per-row,10,"[1350,1470)",grid,8.0,2.0,16.0,-0.3187023626047736,false,150000,17547,0.11698,0.6418895074355624,2.1869452867471098,6.986887279126914,53.741317467125086,0.033649163457555926,11.31370849898476
per-row,10,"[1350,1470)",grid,8.0,4.0,32.0,-1.8740461777855333,true,150000,4398,0.02932,0.6646807075115793,2.1693124296814674,6.619299551077986,120.59859539997596,0.03944579417082309,22.62741699796952
per-row,10,"[1350,1470)",grid,8.0,8.0,64.0,-8.685170567164064,true,150000,1190,0.007933333333333334,0.6640019170990711,2.1635594145489248,6.919797752285474,254.31315126567765,0.04295697726725705,45.25483399593904
per-row,10,"[1350,1470)",grid,8.0,16.0,128.0,-28.546768055544366,true,150000,799,0.005326666666666667,0.6617364166466599,2.1692572333740916,7.430538001424753,299.8832791806046,0.04657298802550423,73.90083445627211
per-row,10,"[1350,1470)",published,2.0,5.0,10.0,0.15653730079910977,false,150000,2609,0.017393333333333334,0.6638887531264417,2.2003831335432187,6.211463606986607,52.61838214778184,0.009975276840259948,5.773502691896258
per-row,10,"[1350,1470)",matched,3.0,2.0,6.0,0.19942600497132956,false,150000,17834,0.11889333333333334,0.629864311406396,2.2161125012425207,7.07248540586406,55.67565735187484,0.012445254724154517,4.242640687119285
per-step,1,"[0,120)",grid,0.5,0.5,0.25,0.07346124636096041,false,16369,12853,0.7852037387745128,0.8168094422831036,1.801471461280101,3.5540106529367947,26.10069250873211,0.00351912554425893,0.25
per-step,1,"[0,120)",grid,0.5,1.0,0.5,0.11680259625038658,false,16369,6021,0.36782943368562526,0.8175104201335568,1.7679193151315398,3.5239840660054105,30.972106720728352,0.005520997446002137,0.5
per-step,1,"[0,120)",grid,0.5,2.0,1.0,0.15237778491666,false,16369,1028,0.06280163724112652,0.8382210894766877,1.7131584547107686,3.511016814962538,32.81146572271139,0.006745244892692562,0.5
per-step,1,"[0,120)",grid,0.5,4.0,2.0,0.16492305651787387,false,16369,78,0.00476510477121388,0.8463066023949216,1.7044929464073473,3.2990488983150335,32.919588050595976,0.007070561219473513,0.5
per-step,1,"[0,120)",grid,0.5,8.0,4.0,0.16542187503741335,false,16369,12,0.0007330930417252122,0.8452937579766994,1.7016356445841316,3.2898578307559223,32.919588050595976,0.007147868282568953,0.5
per-step,1,"[0,120)",grid,0.5,16.0,8.0,0.16317087845766765,false,16369,9,0.0005498197812939092,0.8443759618992159,1.7019012943178737,3.303695656026169,42.74443470569284,0.007259447201834347,0.5
per-step,1,"[0,120)",grid,1.0,0.5,0.5,0.12861558561091935,false,16369,12879,0.7867921070315841,0.8104738539341046,1.7965862881496644,3.632908479474951,32.334044105520206,0.007033621082073311,0.5
per-step,1,"[0,120)",grid,1.0,1.0,1.0,0.19823262638435157,false,16369,5870,0.3586046795772497,0.8161545414480671,1.7615896117581533,3.757514724126741,37.71824895312713,0.011099974637345788,1.0
per-step,1,"[0,120)",grid,1.0,2.0,2.0,0.24779038500326034,false,16369,983,0.06005253833465697,0.8329598840344599,1.6807127545387281,3.619119503623291,38.46058467636539,0.013447945956164194,1.0
per-step,1,"[0,120)",grid,1.0,4.0,4.0,0.26402727760591327,false,16369,109,0.006658928462337345,0.8401344929282155,1.674912052674667,3.4675414332390693,37.088213307301,0.014097990519345557,1.0
per-step,1,"[0,120)",grid,1.0,8.0,8.0,0.2620382478248443,false,16369,27,0.0016494593438817276,0.8403403365082187,1.672770206851885,3.4394689639212976,40.68510328095403,0.014339625443215214,1.0
per-step,1,"[0,120)",grid,1.0,16.0,16.0,0.24557420339092906,false,16369,21,0.0012829128230191216,0.8389193711939281,1.670714761438355,3.46769693863115,97.9181889601289,0.014763612035386777,1.0
per-step,1,"[0,120)",grid,2.0,0.5,1.0,0.21429529439715467,false,16369,12975,0.7926568513653858,0.8053280821421177,1.7908651270918234,3.888667198496502,36.96302684493343,0.01413763322464663,1.0
per-step,1,"[0,120)",grid,2.0,1.0,2.0,0.29930650981991125,false,16369,5662,0.3458977335206793,0.8044249125651192,1.7367474886681544,3.891478872392701,41.70089340189173,0.02235196933767836,2.0
per-step,1,"[0,120)",grid,2.0,2.0,4.0,0.34035125945935296,false,16369,986,0.06023581159508828,0.8166000198968275,1.6726021514623608,3.8814944599345136,36.01730219766582,0.027226052701129964,2.7361719219364327
per-step,1,"[0,120)",grid,2.0,4.0,8.0,0.32086557358671874,false,16369,170,0.01038548475777384,0.815450243604587,1.6683337703366596,4.104428054285993,30.217545066527453,0.029273181061426925,3.716589068175188
per-step,1,"[0,120)",grid,2.0,8.0,16.0,0.24318920181458548,false,16369,58,0.0035432830350051927,0.8137653326508576,1.6647625149067893,4.115392208873433,58.914861421310455,0.030674760584335867,3.716589068175188
per-step,1,"[0,120)",grid,2.0,16.0,32.0,-0.03210838391123838,false,16369,40,0.0024436434724173744,0.8114773900706412,1.660999366418141,4.08014454812417,125.28328574137792,0.03313257130757617,6.672461249826393
per-step,1,"[0,120)",grid,4.0,0.5,2.0,0.3148573451260501,false,16369,13115,0.8012096035188466,0.7983041118549286,1.7531691447619793,4.036464842514698,35.44543154504157,0.028798458829193952,2.0
per-step,1,"[0,120)",grid,4.0,1.0,4.0,0.3777686967378786,false,16369,5575,0.34058280896817156,0.8036753143861949,1.715928418879869,4.135448232040485,32.465073557070305,0.045043359391121515,4.0
per-step,1,"[0,120)",grid,4.0,2.0,8.0,0.3217923470754005,false,16369,1174,0.07172093591544994,0.7847233646248057,1.7330590810925626,4.476527127032542,29.604884045860082,0.054276626393656865,5.65685424949238
per-step,1,"[0,120)",grid,4.0,4.0,16.0,0.03675991158291858,false,16369,299,0.018266234956319873,0.7635197304775405,1.731384643717123,5.2495316440745805,33.93029089204268,0.060195513108122926,10.409361448609575
per-step,1,"[0,120)",grid,4.0,8.0,32.0,-0.8590218276134267,true,16369,116,0.007086566070010385,0.7563553159523393,1.693414324674783,6.21733932329074,61.75507174152367,0.06748386178916245,18.475208614068027
per-step,1,"[0,120)",grid,4.0,16.0,64.0,-4.498127728494298,true,16369,43,0.0026269167328486775,0.7664442462206962,1.6642271515648233,5.821825353594432,38.371790220344906,0.08009338998702376,32.0
per-step,1,"[0,120)",grid,8.0,0.5,4.0,0.38369355587409526,false,16369,13160,0.8039587024253162,0.8025216412568014,1.7169774596165965,4.128212211755868,25.47359179982842,0.05805329461988563,4.0
per-step,1,"[0,120)",grid,8.0,1.0,8.0,0.2842656967860925,false,16369,5654,0.34540900482619585,0.7870069365565218,1.7773857763771579,4.235935384075803,24.319966114131514,0.08850277171798089,8.0
per-step,1,"[0,120)",grid,8.0,2.0,16.0,-0.14275230398748473,false,16369,1508,0.09212535891013501,0.7259944859884762,1.9219878022336678,5.099681357918687,24.709264338913908,0.10611144502531761,11.31370849898476
per-step,1,"[0,120)",grid,8.0,4.0,32.0,-1.7997525957794576,true,16369,530,0.03237827600953021,0.6570690711110493,1.9302261760877906,6.618636438427919,33.56653141835017,0.12145089323145845,22.62741699796952
per-step,1,"[0,120)",grid,8.0,8.0,64.0,-6.917476824333541,true,16369,248,0.01515058952898772,0.6422538226475601,1.7664840959075276,9.849153343392345,84.63528055012145,0.14421423401272793,40.882438143994435
per-step,1,"[0,120)",grid,8.0,16.0,128.0,-23.025277640782594,true,16369,134,0.008186205632598203,0.649029187402053,1.6784642283152902,14.498398467830379,122.03857348729366,0.18236446111092877,73.90083445627211
per-step,1,"[0,120)",published,2.0,5.0,10.0,0.3065558748935191,false,16369,109,0.006658928462337345,0.8157551069552507,1.666008226544873,4.040877791496102,35.96535934724692,0.02964625643580487,3.716589068175188
per-step,1,"[0,120)",matched,3.0,2.0,6.0,0.3538423867744136,false,16369,1094,0.06683364897061518,0.8031530036366537,1.700102606453895,4.246646991705992,34.01584863761036,0.040951438280676426,4.242640687119285
per-step,2,"[150,270)",grid,0.5,0.5,0.25,0.07415932305670803,false,8424,7040,0.835707502374169,0.8505389590207273,1.6607687289087163,2.8964486554675837,8.155460134295486,0.004942664638099698,0.25
per-step,2,"[150,270)",grid,0.5,1.0,0.5,0.11354075938331964,false,8424,3201,0.379985754985755,0.8473016600071805,1.6463550510733505,2.913099528132101,8.71032341919074,0.007820816417439582,0.5
per-step,2,"[150,270)",grid,0.5,2.0,1.0,0.14073381932261098,false,8424,370,0.04392212725546059,0.8656961556351536,1.598890648162792,2.874602641481824,8.878195479476043,0.009318879439600865,0.5
per-step,2,"[150,270)",grid,0.5,4.0,2.0,0.1466109198468648,false,8424,20,0.0023741690408357074,0.8720070038147513,1.5917495563773585,2.7511692543653017,8.914184240809945,0.009565335526696684,0.5
per-step,2,"[150,270)",grid,0.5,8.0,4.0,0.14721563188869702,false,8424,1,0.00011870845204178538,0.872554288044486,1.5924508522512606,2.7581997971459633,8.914184240809945,0.009604216774731788,0.5
per-step,2,"[150,270)",grid,0.5,16.0,8.0,0.1472316449573049,false,8424,0,0.0,0.8726650356602863,1.5924212271915241,2.7580498003940774,8.914184240809945,0.009606094341346178,0.5
per-step,2,"[150,270)",grid,1.0,0.5,0.5,0.12588172943281317,false,8424,7005,0.8315527065527065,0.8419507149451468,1.6712970249059023,3.041805358330382,8.279052353801994,0.009809538445024696,0.5
per-step,2,"[150,270)",grid,1.0,1.0,1.0,0.18686189701493572,false,8424,3093,0.36716524216524216,0.8490584265012358,1.619879543796975,3.149988958629053,9.413606046904677,0.015571838832815512,1.0
per-step,2,"[150,270)",grid,1.0,2.0,2.0,0.22215126583358502,false,8424,352,0.04178537511870845,0.8623645850786354,1.5781307193278524,2.9266635539477117,10.373724582389983,0.018461942740019117,1.0
per-step,2,"[150,270)",grid,1.0,4.0,4.0,0.2284625789922936,false,8424,31,0.0036799620132953468,0.8678688598600565,1.5753702289097837,2.8089677633011,10.392005724889133,0.019017428214103002,1.0
per-step,2,"[150,270)",grid,1.0,8.0,8.0,0.22694726222409833,false,8424,8,0.000949667616334283,0.8649577456783055,1.5647672702220439,2.783467851242971,11.762491474710602,0.01915486961092361,1.0
per-step,2,"[150,270)",grid,1.0,16.0,16.0,0.2217289254224345,false,8424,6,0.0007122507122507123,0.864206992075023,1.5636579300348878,2.7839603776945574,23.018353231678425,0.019419640141771527,1.0
per-step,2,"[150,270)",grid,2.0,0.5,1.0,0.20447720954264892,false,8424,7029,0.8344017094017094,0.8402998509348937,1.6526144955235733,3.2379760749338287,9.224836079227268,0.019659434364410668,1.0
per-step,2,"[150,270)",grid,2.0,1.0,2.0,0.27896499396714547,false,8424,2978,0.35351377018043684,0.8332529207878435,1.6199568065223813,3.232143898883511,10.381836984906824,0.0311002906526494,2.0
per-step,2,"[150,270)",grid,2.0,2.0,4.0,0.3059473577021129,false,8424,394,0.04677113010446344,0.837215859509762,1.5887213100927904,3.35810523266866,10.185083430631462,0.036934665227196954,2.1847565633743686
per-step,2,"[150,270)",grid,2.0,4.0,8.0,0.2970192704889296,false,8424,77,0.009140550807217474,0.8278904829243168,1.583971334077035,3.6874797572981186,13.770906441635402,0.03831731278026554,2.1847565633743686
per-step,2,"[150,270)",grid,2.0,8.0,16.0,0.27305444670584167,false,8424,29,0.003442545109211776,0.8183882754475414,1.5718115512222997,4.149419497168282,25.5321968121792,0.03930392564670606,2.1847565633743686
per-step,2,"[150,270)",grid,2.0,16.0,32.0,0.20030104839406426,false,8424,14,0.0016619183285849952,0.8168723786755228,1.5631117583314296,4.218394468176308,56.60046944087219,0.041093886368404095,2.2029708506288457
per-step,2,"[150,270)",grid,4.0,0.5,2.0,0.29593368200723813,false,8424,7057,0.8377255460588794,0.827395777445215,1.6475624326292868,3.3099964905006534,9.853100601820424,0.039830827684415294,2.0
per-step,2,"[150,270)",grid,4.0,1.0,4.0,0.33913246990406143,false,8424,2946,0.34971509971509973,0.8177061518498951,1.6452204303898694,3.458150200927242,10.182036047119638,0.062344010429266294,4.0
per-step,2,"[150,270)",grid,4.0,2.0,8.0,0.28729533374862526,false,8424,514,0.061016144349477684,0.7942262666470996,1.6780505888159465,3.9449621038654525,11.646296159964196,0.07378492992219914,5.65685424949238
per-step,2,"[150,270)",grid,4.0,4.0,16.0,0.05492191245945832,false,8424,150,0.017806267806267807,0.7585504716363969,1.6384253844845071,5.2739110095961586,28.77719702473732,0.0795796346942312,9.670648184584294
per-step,2,"[150,270)",grid,4.0,8.0,32.0,-0.7091269543126593,true,8424,67,0.00795346628679962,0.7373364050482321,1.5772664122445044,7.255953220186412,37.946680109441765,0.08876239122704319,18.32827107578955
per-step,2,"[150,270)",grid,4.0,16.0,64.0,-3.137400555327468,true,8424,41,0.0048670465337132,0.7314500812130768,1.5714434198270315,8.784073587945343,84.08409648805248,0.10260997424455251,28.621670111997307
per-step,2,"[150,270)",grid,8.0,0.5,4.0,0.3430004605483794,false,8424,7079,0.8403371320037987,0.8152355471772983,1.6514091294498634,3.442692128883663,10.705991981731314,0.08069103703003987,4.0
per-step,2,"[150,270)",grid,8.0,1.0,8.0,0.2074565433306964,false,8424,2945,0.3495963912630579,0.7958254089891978,1.710321122634317,3.732183298531592,12.92435161291313,0.12397750148135603,8.0
per-step,2,"[150,270)",grid,8.0,2.0,16.0,-0.18267316799994027,true,8424,750,0.08903133903133903,0.7143219756211537,1.918951202863517,4.735367205344102,16.498849853514475,0.1468343450494738,11.31370849898476
per-step,2,"[150,270)",grid,8.0,4.0,32.0,-1.5682546177771006,true,8424,272,0.032288698955365625,0.6396936617648665,1.911191368702345,6.811963066407664,36.33917889156437,0.16384050657141724,22.62741699796952
per-step,2,"[150,270)",grid,8.0,8.0,64.0,-6.277746743823305,true,8424,144,0.017094017094017096,0.6087948077309556,1.7560331570096803,10.363012209440617,84.26039185055042,0.19170503630423233,40.685623007375895
per-step,2,"[150,270)",grid,8.0,16.0,128.0,-19.29436775504363,true,8424,96,0.011396011396011397,0.5989277951582987,1.7189535535433074,17.319960682348697,128.6606214356169,0.24659076944107675,73.90083445627211
per-step,2,"[150,270)",published,2.0,5.0,10.0,0.29185988845250643,false,8424,52,0.006172839506172839,0.8258450994177574,1.575722668237131,3.867494338082082,15.086400601047252,0.03860863402743332,2.1847565633743686
per-step,2,"[150,270)",matched,3.0,2.0,6.0,0.3142343597318339,false,8424,466,0.05531813865147198,0.8154034445561132,1.624532560577912,3.7613147484187524,11.839952652923548,0.055155289283603935,4.242640687119285
per-step,3,"[300,420)",grid,0.5,0.5,0.25,0.09228934258210308,false,7500,6330,0.844,0.8323518772083613,1.6936152788075438,3.1446813036420385,14.236710584331497,0.005262706861163804,0.25
per-step,3,"[300,420)",grid,0.5,1.0,0.5,0.1393699012969527,false,7500,2719,0.3625333333333333,0.8348445693740715,1.6284248970422481,3.2534467919214496,16.432851478721318,0.008230895800762323,0.5
per-step,3,"[300,420)",grid,0.5,2.0,1.0,0.17086677913855008,false,7500,323,0.04306666666666667,0.8573972529249803,1.5741352926103995,3.016890261870309,16.75017268932536,0.009814255618149633,0.5
per-step,3,"[300,420)",grid,0.5,4.0,2.0,0.18037690826792707,false,7500,27,0.0036,0.8670325490221158,1.5692672970717398,2.8087565819888463,16.685562084856052,0.010105097783257144,0.5
per-step,3,"[300,420)",grid,0.5,8.0,4.0,0.18252215044055076,false,7500,3,0.0004,0.8692736256158011,1.568876063059347,2.813808643209532,16.66786635641464,0.010154603085487091,0.5
per-step,3,"[300,420)",grid,0.5,16.0,8.0,0.18332355016664248,false,7500,1,0.00013333333333333334,0.8698192019828508,1.5716043882458415,2.7966535710484646,16.66786635641464,0.010164383752839441,0.5
per-step,3,"[300,420)",grid,1.0,0.5,0.5,0.15433645996136391,false,7500,6359,0.8478666666666667,0.829383391695168,1.654941475932463,3.300356231872827,16.209401211412157,0.010495938206410411,0.5
per-step,3,"[300,420)",grid,1.0,1.0,1.0,0.22192382384924048,false,7500,2649,0.3532,0.8320738850108844,1.5920655634880512,3.237121640398056,17.05426737019336,0.01648776662270983,1.0
per-step,3,"[300,420)",grid,1.0,2.0,2.0,0.2577034795953763,false,7500,328,0.04373333333333333,0.8513227431112853,1.556187870253022,3.1220102010577824,17.06880856269358,0.01948223654208196,1.0
per-step,3,"[300,420)",grid,1.0,4.0,4.0,0.2609477806403505,false,7500,47,0.006266666666666667,0.851354037248465,1.5552248136358044,3.1673552349671734,16.835363097481444,0.020043055501455926,1.0
per-step,3,"[300,420)",grid,1.0,8.0,8.0,0.2513230053763359,false,7500,18,0.0024,0.8519813274563547,1.5533059174461545,3.101971352468895,17.073524857220903,0.02042558127014113,1.0
per-step,3,"[300,420)",grid,1.0,16.0,16.0,0.21395845012876435,false,7500,12,0.0016,0.8498541867831978,1.5528461823260438,3.102969229430659,37.39866127372629,0.021234396641781547,1.1859989066577619
per-step,3,"[300,420)",grid,2.0,0.5,1.0,0.23950791707125507,false,7500,6393,0.8524,0.8239279018089085,1.6157638868175244,3.3958104307292976,16.687439705572338,0.021105808996116582,1.0
per-step,3,"[300,420)",grid,2.0,1.0,2.0,0.30589990831867353,false,7500,2656,0.35413333333333336,0.8273799054212201,1.6008403725436022,3.473636367335136,17.02871886699562,0.03327943527806488,2.0
per-step,3,"[300,420)",grid,2.0,2.0,4.0,0.3008023430033935,false,7500,391,0.05213333333333333,0.8323752012226622,1.6050213349595333,3.6879697203770845,15.689397162318027,0.0392752030160277,2.6240046926790312
per-step,3,"[300,420)",grid,2.0,4.0,8.0,0.22294877287382864,false,7500,83,0.011066666666666667,0.8135696994681371,1.5830484284529425,4.18217191196425,18.124532971142607,0.041539241315612256,4.618802153517007
per-step,3,"[300,420)",grid,2.0,8.0,16.0,-0.009055236335985484,false,7500,44,0.005866666666666667,0.8036728865180609,1.5606782941274617,4.939665399177555,37.44233830122737,0.04509890020034168,8.0
per-step,3,"[300,420)",grid,2.0,16.0,32.0,-0.5757626784278571,true,7500,27,0.0036,0.7967207994020771,1.5437812233570634,5.504727281817229,85.33535761230785,0.050475323058023186,14.310835055998654
per-step,3,"[300,420)",grid,4.0,0.5,2.0,0.31766808773725563,false,7500,6418,0.8557333333333333,0.8293000863394604,1.6216735679299628,3.3780321582974486,17.15285132203527,0.04288337275110752,2.0
per-step,3,"[300,420)",grid,4.0,1.0,4.0,0.30557652037075045,false,7500,2618,0.3490666666666667,0.8163471053993091,1.6447064023845486,3.776585443390904,17.03035587292241,0.06622363348480514,4.0
per-step,3,"[300,420)",grid,4.0,2.0,8.0,0.12095841665620377,false,7500,560,0.07466666666666667,0.7559157230861657,1.7522693200790902,4.481526375686479,17.32514166103698,0.07763850383863823,5.65685424949238
per-step,3,"[300,420)",grid,4.0,4.0,16.0,-0.6333855460413214,true,7500,220,0.029333333333333333,0.6894035415436373,1.7417879687444882,6.298281099594755,32.582957903927664,0.08671183901757495,11.169614732963327
per-step,3,"[300,420)",grid,4.0,8.0,32.0,-2.0371578977034015,true,7500,106,0.014133333333333333,0.661258184213217,1.5890814582581745,9.692396037601034,49.392010496596484,0.09850620566187736,18.475208614068027
per-step,3,"[300,420)",grid,4.0,16.0,64.0,-7.597709830948979,true,7500,68,0.009066666666666667,0.6511865712185787,1.5575043315315735,15.253542889706354,78.53897316558725,0.12143731947984374,36.950417228136054
per-step,3,"[300,420)",grid,8.0,0.5,4.0,0.2883949609211055,false,7500,6446,0.8594666666666667,0.8282493041806096,1.5955445862451254,3.472760031906372,17.011288313968542,0.08682758819509043,4.0
per-step,3,"[300,420)",grid,8.0,1.0,8.0,-0.06665130556785615,false,7500,2716,0.3621333333333333,0.8193985737321401,1.6920768560342683,3.9149893736771704,18.280256344741254,0.1323655789959938,8.0
per-step,3,"[300,420)",grid,8.0,2.0,16.0,-1.0429573363816314,true,7500,883,0.11773333333333333,0.6418211494163324,2.1674920562776196,5.310771535230043,23.501886405278086,0.15395355865011726,11.31370849898476
per-step,3,"[300,420)",grid,8.0,4.0,32.0,-4.626194228488631,true,7500,392,0.05226666666666667,0.5168174213650065,2.440764833686293,8.149449395347942,63.9415546842536,0.1770524738591454,22.62741699796952
per-step,3,"[300,420)",grid,8.0,8.0,64.0,-16.90705934386445,true,7500,219,0.0292,0.4728600117105086,1.923536864459024,12.842775152956376,144.8653064002404,0.2182488015834863,45.25483399593904
per-step,3,"[300,420)",grid,8.0,16.0,128.0,-41.47691102828455,true,7500,130,0.017333333333333333,0.4860954288975962,1.7547141091830734,21.705837742496207,147.8884268420854,0.2937908650521582,73.90083445627211
per-step,3,"[300,420)",published,2.0,5.0,10.0,0.16749751773151733,false,7500,65,0.008666666666666666,0.8105714900851639,1.5763773905421041,4.512914805018483,23.84724598223925,0.042230032994609236,5.773502691896258
per-step,3,"[300,420)",matched,3.0,2.0,6.0,0.250341212604841,false,7500,465,0.062,0.7925963382245826,1.6562926497562043,4.218687533297828,16.848062218937255,0.05829986473898768,4.242640687119285
per-step,4,"[450,570)",grid,0.5,0.5,0.25,0.07856238893612999,false,7500,6476,0.8634666666666667,0.829006301008095,1.6318290884476931,3.2165984706442883,9.463172949275272,0.005161837960366638,0.25
per-step,4,"[450,570)",grid,0.5,1.0,0.5,0.11982686672020815,false,7500,2535,0.338,0.8308279445578601,1.5865133677731205,3.303293989617871,10.069914404584896,0.008118512780058902,0.5
per-step,4,"[450,570)",grid,0.5,2.0,1.0,0.14476214946811183,false,7500,311,0.041466666666666666,0.8514719859350384,1.5459391941124445,3.130296423259098,9.811060832942001,0.009532743539835995,0.5000000000000001
per-step,4,"[450,570)",grid,0.5,4.0,2.0,0.15210422886336472,false,7500,35,0.004666666666666667,0.8570601778707065,1.5353849744196633,2.9016038619762043,10.107719537771718,0.009793420423939225,0.5000000000000001
per-step,4,"[450,570)",grid,0.5,8.0,4.0,0.15371792323347677,false,7500,2,0.0002666666666666667,0.857395453944676,1.5309511313942434,2.900907421709828,10.291714322246442,0.009849957428585417,0.5000000000000001
per-step,4,"[450,570)",grid,0.5,16.0,8.0,0.15396710120636203,false,7500,0,0.0,0.8575454651820786,1.5316393799251629,2.8924196389342867,10.29197652746103,0.009855210527546156,0.5000000000000001
per-step,4,"[450,570)",grid,1.0,0.5,0.5,0.1366128650563918,false,7500,6477,0.8636,0.8286307147685124,1.6135918983224058,3.3259490590657204,9.537775730601,0.010242359782971024,0.5
per-step,4,"[450,570)",grid,1.0,1.0,1.0,0.19534347601952695,false,7500,2542,0.3389333333333333,0.8347002259803709,1.5425994438865007,3.2801442455496534,9.990542650754845,0.01621873454228719,1.0
per-step,4,"[450,570)",grid,1.0,2.0,2.0,0.22639382639047945,false,7500,289,0.038533333333333336,0.8493377373893449,1.493503122039388,3.147662764818317,12.089862182897871,0.018884547775827085,1.0000000000000002
per-step,4,"[450,570)",grid,1.0,4.0,4.0,0.23234323925841904,false,7500,37,0.004933333333333333,0.8560202516807831,1.4924967975651253,2.956367119979822,12.824920832305608,0.019407017017638948,1.0000000000000002
per-step,4,"[450,570)",grid,1.0,8.0,8.0,0.22843965552524392,false,7500,10,0.0013333333333333333,0.8543961371518828,1.4890731160836503,3.0094860292092775,20.876878015501333,0.019622987877358673,1.0000000000000002
per-step,4,"[450,570)",grid,1.0,16.0,16.0,0.21437619029609944,false,7500,4,0.0005333333333333334,0.8544459715844047,1.4859589098427153,3.014992709993298,37.65970689091282,0.01991667336587404,1.0000000000000002
per-step,4,"[450,570)",grid,2.0,0.5,1.0,0.21798553479372074,false,7500,6512,0.8682666666666666,0.8302982304154104,1.5646703813875074,3.360758810679717,10.03737082677827,0.020416264811078368,1.0
per-step,4,"[450,570)",grid,2.0,1.0,2.0,0.28673739973878243,false,7500,2524,0.33653333333333335,0.8324676982117487,1.5345802013328322,3.26197899238372,12.211691894740568,0.03235027020338758,2.0
per-step,4,"[450,570)",grid,2.0,2.0,4.0,0.30609432344599896,false,7500,325,0.043333333333333335,0.8354232634969109,1.5147497934650755,3.3620694698572624,12.372012525470335,0.03728505673810063,2.0000000000000004
per-step,4,"[450,570)",grid,2.0,4.0,8.0,0.29586664398931195,false,7500,61,0.008133333333333333,0.8285500156003115,1.513791515845651,3.5291923147771445,14.177861840491756,0.03843101223815055,2.0000000000000004
per-step,4,"[450,570)",grid,2.0,8.0,16.0,0.2568995907513635,false,7500,25,0.0033333333333333335,0.8208678385156656,1.4926244522821484,3.8093059954312243,29.403773956370806,0.0394567986420989,2.0000000000000004
per-step,4,"[450,570)",grid,2.0,16.0,32.0,0.11873178348467539,false,7500,16,0.0021333333333333334,0.8164352519338931,1.4913397595376896,4.035006564718678,81.59223759081782,0.041318153007844284,2.0000000000000004
per-step,4,"[450,570)",grid,4.0,0.5,2.0,0.30572082691585234,false,7500,6528,0.8704,0.8303200830184284,1.554346838252581,3.279567138849109,12.054141517080415,0.04133751745417314,2.0
per-step,4,"[450,570)",grid,4.0,1.0,4.0,0.3276544202875583,false,7500,2519,0.33586666666666665,0.818492303542017,1.5618853353744182,3.5112388494591866,11.490748546306657,0.06451028061551342,4.0
per-step,4,"[450,570)",grid,4.0,2.0,8.0,0.2692475479844687,false,7500,462,0.0616,0.7760871361407218,1.651051164399651,3.9344663527186174,13.880871506769825,0.07516566306354627,4.915788984608159
per-step,4,"[450,570)",grid,4.0,4.0,16.0,0.1763604123593504,false,7500,157,0.020933333333333335,0.7306735377918137,1.6019499220594102,5.609429361357429,22.729251883783935,0.07803410249940042,4.915788984608159
per-step,4,"[450,570)",grid,4.0,8.0,32.0,-0.089164387968234,false,7500,77,0.010266666666666667,0.699425442091976,1.5115830324110389,8.120004002533678,48.312455344529255,0.08261129178471771,4.915788984608159
per-step,4,"[450,570)",grid,4.0,16.0,64.0,-0.8613042561159967,true,7500,53,0.007066666666666666,0.6878621720533198,1.4719805558568375,13.198846633021386,80.75793545680709,0.0921167147278177,4.915788984608159
per-step,4,"[450,570)",grid,8.0,0.5,4.0,0.3064049995218622,false,7500,6481,0.8641333333333333,0.8212177417284183,1.572381657387133,3.38509496510631,11.22588938350158,0.08492091647914889,4.0
per-step,4,"[450,570)",grid,8.0,1.0,8.0,0.07823123144952382,false,7500,2606,0.34746666666666665,0.796380107245771,1.6994762315693281,3.630952005526084,10.065871365110251,0.1297071433725647,8.0
per-step,4,"[450,570)",grid,8.0,2.0,16.0,-0.4645362355443108,true,7500,793,0.10573333333333333,0.6570807788169695,2.0614115336071865,4.733899220690953,18.458442965182314,0.1515427662475671,11.31370849898476
per-step,4,"[450,570)",grid,8.0,4.0,32.0,-1.823720853483425,true,7500,313,0.04173333333333333,0.5617854337111039,2.125341451329254,7.053254881436269,26.65621467342378,0.16996384230640704,21.190799480322873
per-step,4,"[450,570)",grid,8.0,8.0,64.0,-5.1396460101576285,true,7500,164,0.021866666666666666,0.5213011399762189,1.7928662759863783,11.320406671755126,56.85285061621214,0.1938217667510248,36.950417228136054
per-step,4,"[450,570)",grid,8.0,16.0,128.0,-17.114709149331013,true,7500,102,0.0136,0.5256638135482348,1.661479930374636,18.91423927046267,124.86473010623618,0.24429746134741484,64.0
per-step,4,"[450,570)",published,2.0,5.0,10.0,0.28768707376408553,false,7500,46,0.0061333333333333335,0.8268844201612356,1.5092342176655824,3.753041897950921,19.350184085830954,0.03871482549882475,2.0000000000000004
per-step,4,"[450,570)",matched,3.0,2.0,6.0,0.3208394349507344,false,7500,391,0.05213333333333333,0.8103735392406192,1.5661041556175788,3.6215597945776064,12.490194414754967,0.0557357687022516,3.000000000000001
per-step,5,"[600,720)",grid,0.5,0.5,0.25,0.09293204589217763,false,5462,4631,0.8478579274990846,0.8270853460326077,1.6569078383840385,3.168185993133373,7.093878123274428,0.006220623681017266,0.25
per-step,5,"[600,720)",grid,0.5,1.0,0.5,0.13463051030585838,false,5462,1943,0.35573050164774805,0.8351725405373147,1.610888646399329,3.2603767845404263,8.515185081758602,0.00966203513872464,0.5
per-step,5,"[600,720)",grid,0.5,2.0,1.0,0.15617362926998857,false,5462,250,0.045770779934090074,0.8534996811675071,1.5596997784130209,3.144920107575476,8.634718606367075,0.011310852351818605,0.5000000000000001
per-step,5,"[600,720)",grid,0.5,4.0,2.0,0.16098336826654203,false,5462,28,0.005126327352618088,0.8564920491867394,1.559402934531218,3.0285228810065563,7.739566440224301,0.011639294573304908,0.5000000000000001
per-step,5,"[600,720)",grid,0.5,8.0,4.0,0.1616770162859812,false,5462,0,0.0,0.8555369232237391,1.5495091412289732,3.018207175233804,7.725462969010992,0.01170647618006378,0.5000000000000001
per-step,5,"[600,720)",grid,0.5,16.0,8.0,0.1616770162859812,false,5462,0,0.0,0.8555369232237391,1.5495091412289732,3.018207175233804,7.725462969010992,0.01170647618006378,0.5000000000000001
per-step,5,"[600,720)",grid,1.0,0.5,0.5,0.15077064433773213,false,5462,4639,0.8493225924569755,0.8274704418102254,1.6408105672648254,3.3605095193086956,8.562391928308971,0.012306979673184058,0.5
per-step,5,"[600,720)",grid,1.0,1.0,1.0,0.20598017357371678,false,5462,1902,0.3482240937385573,0.8320329635830457,1.5807449404865956,3.376305445370704,8.907522857616966,0.019198602013726713,1.0
per-step,5,"[600,720)",grid,1.0,2.0,2.0,0.22670826847316516,false,5462,247,0.04522153057488099,0.844207520557767,1.5547060504092207,3.3178406501877187,10.070874761969725,0.022438319900609127,1.0000000000000002
per-step,5,"[600,720)",grid,1.0,4.0,4.0,0.22609468752660677,false,5462,40,0.007323324789454412,0.8378906622710273,1.5397678944937045,3.4824953071603737,13.544753340434058,0.02319478161492418,1.0000000000000002
per-step,5,"[600,720)",grid,1.0,8.0,8.0,0.21929141988511758,false,5462,15,0.0027462467960454044,0.8310694332893698,1.5272252792722372,3.6183382496338363,21.28476770460191,0.02359147513953709,1.0000000000000002
per-step,5,"[600,720)",grid,1.0,16.0,16.0,0.1966549543948567,false,5462,12,0.0021969974368363236,0.8295289522113161,1.5254325638527662,3.639881311443715,49.77029882091606,0.024316611226699942,1.0000000000000002
per-step,5,"[600,720)",grid,2.0,0.5,1.0,0.22348426823200707,false,5462,4638,0.8491395093372391,0.8240733898456336,1.6108505731684142,3.471210458430373,9.151857668903709,0.024692017590210568,1.0
per-step,5,"[600,720)",grid,2.0,1.0,2.0,0.2693264965921598,false,5462,1854,0.339436103991212,0.8208169085115845,1.5894548230661414,3.484002038802412,10.768343413087045,0.03844696163992559,2.0
per-step,5,"[600,720)",grid,2.0,2.0,4.0,0.25595577719989615,false,5462,316,0.05785426583668986,0.8015601569531676,1.6072360482618808,3.8909829983170137,12.43516029587435,0.044961415532939614,2.3094010767585034
per-step,5,"[600,720)",grid,2.0,4.0,8.0,0.15985250110234006,false,5462,96,0.01757597949469059,0.7658640654402189,1.612146260023851,5.491577503000169,27.87587225278989,0.048037854544372975,4.0
per-step,5,"[600,720)",grid,2.0,8.0,16.0,-0.12144252444378179,false,5462,52,0.009520322226290736,0.74300398899801,1.5561462843469058,7.828272290870019,59.620140537590444,0.05268164057259885,6.0820700496552345
per-step,5,"[600,720)",grid,2.0,16.0,32.0,-0.8026207979695092,true,5462,39,0.007140241669718052,0.7377602289053219,1.5413751191111167,11.976644596978456,75.33969297568336,0.059592698305871675,6.275716324421889
per-step,5,"[600,720)",grid,4.0,0.5,2.0,0.2791811926390748,false,5462,4644,0.8502380080556573,0.8195740156780544,1.5941996014458726,3.5459725237066926,11.826422328225256,0.04972647757838179,2.0
per-step,5,"[600,720)",grid,4.0,1.0,4.0,0.22435429553072705,false,5462,1788,0.3273526180886122,0.7928845714511998,1.6608783051515434,3.9161966856866317,12.829221295560421,0.07659986508172195,4.0
per-step,5,"[600,720)",grid,4.0,2.0,8.0,-0.0301553296941095,false,5462,460,0.08421823507872574,0.7160761084047063,1.8307837327303673,5.086585489958159,20.269464962446445,0.09004865795072506,5.65685424949238
per-step,5,"[600,720)",grid,4.0,4.0,16.0,-0.8048548383313667,true,5462,207,0.03789820578542658,0.6371902562063871,1.7328150585396829,7.38884725851636,43.83299511161743,0.09994338397106393,9.237604307034013
per-step,5,"[600,720)",grid,4.0,8.0,32.0,-3.301182942880879,true,5462,121,0.022153057488099596,0.6019284769154378,1.6083316164883614,12.619468149422907,52.990004546973815,0.12136682322661797,18.475208614068027
per-step,5,"[600,720)",grid,4.0,16.0,64.0,-13.40051966757176,true,5462,83,0.015195898938117906,0.6083002463065159,1.5729073102073428,21.009821172302228,128.50317794049587,0.1653287186450882,36.950417228136054
per-step,5,"[600,720)",grid,8.0,0.5,4.0,0.2100879663506089,false,5462,4595,0.8412669351885756,0.8012089342697002,1.6261231210278806,3.8076507883757307,12.192242882143924,0.1004563885504132,4.0
per-step,5,"[600,720)",grid,8.0,1.0,8.0,-0.21035340325356744,false,5462,1911,0.3498718418161845,0.7813087957544946,1.737923345829665,4.2687046716965185,13.199455738660932,0.14952018462961186,8.0
per-step,5,"[600,720)",grid,8.0,2.0,16.0,-1.4173477914231527,true,5462,657,0.12028560966678872,0.5933432413938036,2.197183549719672,5.79217342683621,25.49259624106503,0.1761562844563433,11.31370849898476
per-step,5,"[600,720)",grid,8.0,4.0,32.0,-5.607609327013735,true,5462,310,0.0567557671182717,0.4761020517535345,2.4328939950505544,9.419359657610826,39.59272032967626,0.20569828426762532,22.62741699796952
per-step,5,"[600,720)",grid,8.0,8.0,64.0,-20.96889331567752,true,5462,171,0.03130721347491761,0.4338047653542543,1.9777056961966535,16.84588199587653,74.55352765842754,0.27022839970807655,38.8942936417456
per-step,5,"[600,720)",grid,8.0,16.0,128.0,-69.23970228873937,true,5462,128,0.023434639326254118,0.4438456731648487,1.787530676000894,27.68414248147007,148.56904224685326,0.3983851972001426,73.90083445627211
per-step,5,"[600,720)",published,2.0,5.0,10.0,0.08684573728126077,false,5462,73,0.013365067740754303,0.7557603136194823,1.5874071083552044,5.9189431138920945,36.14562326036626,0.04937384519718711,4.934999141015305
per-step,5,"[600,720)",matched,3.0,2.0,6.0,0.1574993767824231,false,5462,365,0.06682533870377151,0.7578292896557345,1.7086171272868604,4.713461638017544,16.61941123742459,0.06766617442113411,4.242640687119285
per-step,6,"[750,870)",grid,0.5,0.5,0.25,0.1224597132955988,false,4688,3975,0.8479095563139932,0.8251110493770533,1.6411207947910809,3.189229913163802,6.730230416303641,0.006715651314683545,0.25
per-step,6,"[750,870)",grid,0.5,1.0,0.5,0.1672821453743647,false,4688,1581,0.33724402730375425,0.8299355894172358,1.5868516533256263,3.099412374906419,9.059234457354162,0.010318696082816166,0.5
per-step,6,"[750,870)",grid,0.5,2.0,1.0,0.18968979787430573,false,4688,172,0.03668941979522184,0.8489369766959377,1.5385098647165276,3.0219416655568994,6.8838675788971155,0.01200520284704735,0.5
per-step,6,"[750,870)",grid,0.5,4.0,2.0,0.19571676213129852,false,4688,15,0.0031996587030716723,0.8560480745605272,1.5416735776472827,2.885142610783569,8.957414864526037,0.01232180557952168,0.5
per-step,6,"[750,870)",grid,0.5,8.0,4.0,0.1954301620445551,false,4688,1,0.00021331058020477816,0.8542056659226918,1.537014637673656,2.889904199443483,13.929729658947828,0.012383791499115998,0.5
per-step,6,"[750,870)",grid,0.5,16.0,8.0,0.19412156420548687,false,4688,0,0.0,0.852601350503851,1.54030446272964,2.8892193897182312,13.929729658947828,0.012442279413765545,0.5
per-step,6,"[750,870)",grid,1.0,0.5,0.5,0.18269006939276888,false,4688,4013,0.8560153583617748,0.8235481867269786,1.6200775148809494,3.210573682442426,8.98987839096173,0.013339608786098424,0.5
per-step,6,"[750,870)",grid,1.0,1.0,1.0,0.23523932641712275,false,4688,1575,0.3359641638225256,0.8283384735473044,1.5677447977097434,3.3227896335991036,7.422719717782672,0.020655992173198943,1.0
per-step,6,"[750,870)",grid,1.0,2.0,2.0,0.25595674796880796,false,4688,177,0.03775597269624573,0.8375735236565645,1.5287209146436136,3.118066963375919,8.109397436177852,0.023815039300427613,1.0
per-step,6,"[750,870)",grid,1.0,4.0,4.0,0.25302940157559906,false,4688,32,0.006825938566552901,0.8300418673119218,1.5037127115544657,3.5181276552347134,12.874945064535058,0.024392563271149883,1.0
per-step,6,"[750,870)",grid,1.0,8.0,8.0,0.24053440963135508,false,4688,12,0.002559726962457338,0.8181000396270908,1.4835528431614649,3.702327239589613,33.03830161592876,0.024791966371743378,1.0
per-step,6,"[750,870)",grid,1.0,16.0,16.0,0.20469849828405462,false,4688,11,0.00234641638225256,0.8099490242429861,1.4868395892782797,3.7551221584161074,52.57695479076009,0.025683378293492765,1.0
per-step,6,"[750,870)",grid,2.0,0.5,1.0,0.2498119969910998,false,4688,4024,0.8583617747440273,0.8241899493285365,1.5861110193471737,3.3783895763819456,7.594829604568134,0.026736146072156682,1.0
per-step,6,"[750,870)",grid,2.0,1.0,2.0,0.27802807492933423,false,4688,1561,0.33297781569965873,0.8201243437264971,1.5651011082213637,3.3622686635915993,9.50207264195751,0.04158513729183242,2.0
per-step,6,"[750,870)",grid,2.0,2.0,4.0,0.21117886826183696,false,4688,272,0.05802047781569966,0.7849936383292009,1.5821907677862979,3.7482301315225572,18.050558965545896,0.049752953816812,2.82842712474619
per-step,6,"[750,870)",grid,2.0,4.0,8.0,0.07201568037461925,false,4688,92,0.01962457337883959,0.7421110264328111,1.517293143486479,5.44562065581218,20.715827347747826,0.05363726453843417,4.0
per-step,6,"[750,870)",grid,2.0,8.0,16.0,-0.10992679263241212,false,4688,43,0.00917235494880546,0.7131316768028448,1.493906807224479,7.859900698646709,36.515482600583624,0.05791449779010642,5.273370828938395
per-step,6,"[750,870)",grid,2.0,16.0,32.0,-0.38339090757028993,false,4688,31,0.006612627986348123,0.7077166467591143,1.4609613229799345,13.271043965781532,67.00731146184528,0.06308500723562369,5.273370828938395
per-step,6,"[750,870)",grid,4.0,0.5,2.0,0.27893468525423437,false,4688,4019,0.8572952218430034,0.817744132648617,1.5716391906234926,3.29045120539004,16.453722859635914,0.05361523990239187,2.0
per-step,6,"[750,870)",grid,4.0,1.0,4.0,0.16521710658942734,false,4688,1540,0.32849829351535836,0.786061016268887,1.6356589341051084,3.6549433886685843,19.827060186141956,0.08200246456513854,4.0
per-step,6,"[750,870)",grid,4.0,2.0,8.0,-0.21622466538817497,false,4688,412,0.0878839590443686,0.6754287084168278,1.8368010376646304,5.187278234109193,17.621286859672445,0.09655094116729654,5.65685424949238
per-step,6,"[750,870)",grid,4.0,4.0,16.0,-1.336782842101897,true,4688,194,0.04138225255972696,0.5898768682198086,1.7720075645941258,7.669766273327739,20.92708953340518,0.11028939361635387,11.31370849898476
per-step,6,"[750,870)",grid,4.0,8.0,32.0,-4.748278446846681,true,4688,111,0.023677474402730374,0.5418532723907084,1.5890609068309842,13.154023813628088,51.92774377897045,0.13694992253290605,18.475208614068027
per-step,6,"[750,870)",grid,4.0,16.0,64.0,-17.555964962425854,true,4688,82,0.01749146757679181,0.5522118659764772,1.5142494947111986,21.55108227463579,127.58105274791032,0.18868731046130388,36.950417228136054
per-step,6,"[750,870)",grid,8.0,0.5,4.0,0.14036935929074768,false,4688,3947,0.8419368600682594,0.8034315193172861,1.6136746351947036,3.6209481459277266,14.798543234099299,0.10812063267834443,4.0
per-step,6,"[750,870)",grid,8.0,1.0,8.0,-0.4878520314059407,true,4688,1607,0.3427901023890785,0.7597449000747285,1.7564183930058002,4.4834220917903504,9.931618758837896,0.15972619495295545,8.0
per-step,6,"[750,870)",grid,8.0,2.0,16.0,-2.091479192976745,true,4688,575,0.12265358361774745,0.5360454279503666,2.2429804967602527,6.0977111241941735,16.975304092523675,0.1887775292073174,11.31370849898476
per-step,6,"[750,870)",grid,8.0,4.0,32.0,-7.672434909409535,true,4688,269,0.057380546075085324,0.4287811148699144,2.6564773770575827,9.506171464153294,32.48623328270031,0.22672473296772,22.62741699796952
per-step,6,"[750,870)",grid,8.0,8.0,64.0,-26.80366147611439,true,4688,162,0.03455631399317406,0.40183566905110124,1.977996898114244,17.049191638513065,66.75429169933044,0.298059033102548,45.25483399593904
per-step,6,"[750,870)",grid,8.0,16.0,128.0,-86.87355654153522,true,4688,121,0.025810580204778156,0.4374636544090835,1.6772791319297913,28.278136636769542,93.50519749961772,0.43953201309543016,73.90083445627211
per-step,6,"[750,870)",published,2.0,5.0,10.0,-0.019058830743730937,false,4688,74,0.015784982935153583,0.7298580180046572,1.5123231700722901,6.197196034783186,19.894286694661194,0.055593128302259466,5.0
per-step,6,"[750,870)",matched,3.0,2.0,6.0,0.043495791829569974,false,4688,343,0.07316552901023891,0.728940425174208,1.672091110313171,4.796209450032527,21.35381796889926,0.07342896705373758,4.242640687119285
per-step,7,"[900,1020)",grid,0.5,0.5,0.25,0.1276704490150723,false,4839,4048,0.836536474478198,0.8285278935889417,1.6565552601786948,3.275494750740803,6.618586242463116,0.0066514055869631,0.25
per-step,7,"[900,1020)",grid,0.5,1.0,0.5,0.17537232615048137,false,4839,1618,0.3343666046703864,0.8169053502494437,1.629640685544895,3.3386178367837878,8.703834179953597,0.01024460440493223,0.5
per-step,7,"[900,1020)",grid,0.5,2.0,1.0,0.20024861967902485,false,4839,260,0.05373010952676173,0.8302804429064631,1.5944588416990695,3.326015967823076,8.93823200302067,0.011994249084581994,0.5
per-step,7,"[900,1020)",grid,0.5,4.0,2.0,0.20616260649793672,false,4839,23,0.0047530481504443065,0.830667237987611,1.5871773823560413,3.238250069795625,8.844705412918534,0.012426270151257465,0.5
per-step,7,"[900,1020)",grid,0.5,8.0,4.0,0.2023224449375468,false,4839,4,0.0008266170696424882,0.8285704637699797,1.5890335452153324,3.3743823852920385,9.915291529747291,0.012545443027304488,0.5
per-step,7,"[900,1020)",grid,0.5,16.0,8.0,0.1994820005457133,false,4839,0,0.0,0.8276829020333655,1.588836518598068,3.371607281479221,11.672457643750063,0.01260967552938266,0.5
per-step,7,"[900,1020)",grid,1.0,0.5,0.5,0.19267081940619823,false,4839,4073,0.8417028311634636,0.8097675150856529,1.664350423864531,3.3337359421201103,9.026659435026612,0.013247261844423684,0.5
per-step,7,"[900,1020)",grid,1.0,1.0,1.0,0.2434235106326451,false,4839,1594,0.3294069022525315,0.8028452724626652,1.631047947944141,3.476406903653498,9.26247154135583,0.020322812679164203,1.0
per-step,7,"[900,1020)",grid,1.0,2.0,2.0,0.25402391477951547,false,4839,272,0.05620996073568919,0.8034047716336953,1.637649019033461,3.55475608528646,10.254824539871782,0.02402955010872747,1.0
per-step,7,"[900,1020)",grid,1.0,4.0,4.0,0.2367235570555961,false,4839,40,0.008266170696424881,0.7965356843813952,1.6113176813342758,3.7757802382650323,12.70640638317382,0.025208299000951246,1.0
per-step,7,"[900,1020)",grid,1.0,8.0,8.0,0.14931669709535733,false,4839,13,0.0026865054763380862,0.7857036254774871,1.583844709619706,4.359886150436164,20.42202064100415,0.026428686161019763,1.885618083164127
per-step,7,"[900,1020)",grid,1.0,16.0,16.0,0.006321615733831942,false,4839,5,0.0010332713370531101,0.7867371998957037,1.5798198034303819,4.374400361875988,38.97029803654237,0.027808542054128756,3.5777087639996634
per-step,7,"[900,1020)",grid,2.0,0.5,1.0,0.2611113254307026,false,4839,4018,0.8303368464558794,0.7998694361063186,1.6468206689090354,3.505104991597125,9.96617327223918,0.02640182845103464,1.0
per-step,7,"[900,1020)",grid,2.0,1.0,2.0,0.27628424409721897,false,4839,1592,0.32899359371771025,0.7841199238766954,1.654948339249663,3.645720265639147,13.004086547049983,0.039898154443610064,2.0
per-step,7,"[900,1020)",grid,2.0,2.0,4.0,0.20313829246649595,false,4839,342,0.07067575945443273,0.7617887660687298,1.70119233138748,4.153510998933977,13.863546555556074,0.04789425394637722,2.82842712474619
per-step,7,"[900,1020)",grid,2.0,4.0,8.0,-0.0361083418240451,false,4839,96,0.019838809671419714,0.7256254038447515,1.673890387704766,5.3427278427142895,13.567054061770436,0.053693119556177955,4.192843382633376
per-step,7,"[900,1020)",grid,2.0,8.0,16.0,-0.37392239104443936,false,4839,46,0.009506096300888613,0.7075899545494446,1.6102982012804357,7.838838850959952,24.228426209878094,0.05780588115646895,4.192843382633376
per-step,7,"[900,1020)",grid,2.0,16.0,32.0,-1.5826341312659382,true,4839,26,0.0053730109526761724,0.6926710088578589,1.5735556374432988,11.587443812576298,50.02857952209647,0.06447531699367937,7.341303483857976
per-step,7,"[900,1020)",grid,4.0,0.5,2.0,0.2671362772853487,false,4839,3973,0.8210374044224014,0.7864943169333589,1.6506909531591867,3.7454191697129793,13.167511096719037,0.05310503428286559,2.0
per-step,7,"[900,1020)",grid,4.0,1.0,4.0,0.1124681196484717,false,4839,1625,0.3358131845422608,0.7845344820989394,1.724238360634293,3.9761237894237875,14.400518746248451,0.07991895676376619,4.0
per-step,7,"[900,1020)",grid,4.0,2.0,8.0,-0.3539090392626161,false,4839,474,0.09795412275263485,0.6882584756153819,1.9798505687116903,5.014099713555685,13.08502918719839,0.09589654710492021,5.65685424949238
per-step,7,"[900,1020)",grid,4.0,4.0,16.0,-2.1552883259727693,true,4839,200,0.041330853482124404,0.5908193437010176,1.943753259280157,7.547244571364526,23.706616650287096,0.11126277849970148,11.31370849898476
per-step,7,"[900,1020)",grid,4.0,8.0,32.0,-5.781701725159689,true,4839,111,0.022938623682579044,0.5541230180337661,1.6936496524598037,11.906419692014738,48.318812398837395,0.13588568329586964,18.475208614068027
per-step,7,"[900,1020)",grid,4.0,16.0,64.0,-23.446010655884308,true,4839,76,0.015705724323207274,0.5484777387804952,1.618506331155368,20.590923176023644,74.02028781054136,0.18726276281576762,36.950417228136054
per-step,7,"[900,1020)",grid,8.0,0.5,4.0,0.05351031485446134,false,4839,3919,0.8098780739822278,0.7955666822811601,1.6826410967629217,3.9407770453564512,15.221329646993565,0.1068510740677052,4.0
per-step,7,"[900,1020)",grid,8.0,1.0,8.0,-0.7701212342888033,false,4839,1775,0.3668113246538541,0.7905719009651713,1.8035991131877158,4.406505756720042,11.399717410593906,0.15692694165555363,8.0
per-step,7,"[900,1020)",grid,8.0,2.0,16.0,-2.8458374914551365,true,4839,634,0.13101880553833437,0.5480295092816556,2.259071439923387,6.003330306873453,15.11853281401833,0.18804011075004645,11.31370849898476
per-step,7,"[900,1020)",grid,8.0,4.0,32.0,-10.810178549334985,true,4839,260,0.05373010952676173,0.4276147490086505,2.64147630457386,8.800205456673522,38.02846371662267,0.2277543500588981,22.62741699796952
per-step,7,"[900,1020)",grid,8.0,8.0,64.0,-38.36032561408017,true,4839,162,0.03347799132052077,0.39258898926603925,2.201704268097529,16.5844456194805,77.09315687965962,0.29686556322578617,45.25483399593904
per-step,7,"[900,1020)",grid,8.0,16.0,128.0,-109.96242091848653,true,4839,108,0.022318660880347178,0.44196069292460455,1.9767683875557944,28.004142421468583,118.31480303360031,0.42629481896815813,73.90083445627211
per-step,7,"[900,1020)",published,2.0,5.0,10.0,-0.09529451647913523,false,4839,68,0.014052490183922298,0.7210299336403205,1.6506969910784683,6.02691570252239,15.405051889792027,0.054914478487925265,4.192843382633376
per-step,7,"[900,1020)",matched,3.0,2.0,6.0,-0.015365283132466656,false,4839,422,0.08720810084728249,0.7195777248785133,1.8441161527926888,4.747060156390342,13.889637193397446,0.07232882603595518,4.242640687119285
per-step,8,"[1050,1170)",grid,0.5,0.5,0.25,0.12215482554433399,false,4167,3490,0.8375329973602111,0.836062909468327,1.5965739177575848,3.051201008524727,7.13135178056081,0.006605566134233419,0.25
per-step,8,"[1050,1170)",grid,0.5,1.0,0.5,0.17342360059133122,false,4167,1470,0.35277177825773937,0.8416492936288451,1.5280196837542577,2.881952136613383,9.446964822016987,0.010333952624828438,0.5
per-step,8,"[1050,1170)",grid,0.5,2.0,1.0,0.19667151193111676,false,4167,142,0.034077273818094556,0.8581295728994298,1.4957262978347692,2.915219983335221,10.797585393289136,0.011979518369430894,0.5
per-step,8,"[1050,1170)",grid,0.5,4.0,2.0,0.20286433311048568,false,4167,16,0.003839692824574034,0.8635020554875505,1.4984848894336191,2.792300842603658,10.864968187195773,0.012291440341888135,0.5
per-step,8,"[1050,1170)",grid,0.5,8.0,4.0,0.20392048046775013,false,4167,2,0.00047996160307175426,0.8636634483021061,1.5010002914005804,2.8490986395544264,10.862899892742199,0.012357633237005373,0.5
per-step,8,"[1050,1170)",grid,0.5,16.0,8.0,0.20393023492756812,false,4167,0,0.0,0.8636535956524284,1.5011587030412192,2.8252944327343297,10.862847503540998,0.012364629679390997,0.5
per-step,8,"[1050,1170)",grid,1.0,0.5,0.5,0.19326862239301557,false,4167,3500,0.8399328053755699,0.8343031738741123,1.5480710929982389,2.941355399364823,9.587636118864891,0.013119015906720748,0.5
per-step,8,"[1050,1170)",grid,1.0,1.0,1.0,0.2460634042995018,false,4167,1408,0.337892968562515,0.8267908909313555,1.5284291736542004,3.1031962586339574,11.02695717881382,0.020540175417376308,1.0
per-step,8,"[1050,1170)",grid,1.0,2.0,2.0,0.2640390440307656,false,4167,174,0.04175665946724262,0.8276330339943523,1.527527213908855,3.1045435166585644,11.965667901052456,0.02363988450425902,1.0
per-step,8,"[1050,1170)",grid,1.0,4.0,4.0,0.26032883871392376,false,4167,29,0.0069594432445404366,0.8193442158087724,1.5179905093511983,3.383028731069626,11.979868896390359,0.024298036063765627,1.0
per-step,8,"[1050,1170)",grid,1.0,8.0,8.0,0.24593084740698978,false,4167,16,0.003839692824574034,0.8020887836307546,1.4857694036190783,4.422331058324527,13.536247844988534,0.024747199457834632,1.0
per-step,8,"[1050,1170)",grid,1.0,16.0,16.0,0.22325740025555796,false,4167,3,0.0007199424046076314,0.7974194795861481,1.4783910637065263,4.68439571424794,23.2983738440997,0.025311248193170873,1.0
per-step,8,"[1050,1170)",grid,2.0,0.5,1.0,0.26586712322561123,false,4167,3517,0.8440124790016799,0.822600146431414,1.55306470393197,3.0426523525974813,11.09157350116116,0.02647917714990259,1.0
per-step,8,"[1050,1170)",grid,2.0,1.0,2.0,0.28894243820069565,false,4167,1393,0.33429325653947684,0.8089939073082448,1.5588076665271346,3.2137787413594556,10.923096683958768,0.04112355985619199,2.0
per-step,8,"[1050,1170)",grid,2.0,2.0,4.0,0.2646917354204146,false,4167,270,0.06479481641468683,0.7600638387140748,1.6352622394854948,3.9893989553052185,11.896566402475987,0.04683259177135621,2.1715386774923258
per-step,8,"[1050,1170)",grid,2.0,4.0,8.0,0.20034313113437663,false,4167,107,0.025677945764338853,0.6939075136746565,1.574578637976412,5.818546635785612,13.389716466720502,0.04874270318772259,2.1715386774923258
per-step,8,"[1050,1170)",grid,2.0,8.0,16.0,0.09108937643023163,false,4167,47,0.011279097672186225,0.6638333966829861,1.4819353372058124,8.863996981154463,31.947955012485043,0.05143997580471189,2.1715386774923258
per-step,8,"[1050,1170)",grid,2.0,16.0,32.0,-0.18132264523716835,false,4167,31,0.007439404847612191,0.6508822273930569,1.4448716918454234,12.989979565047378,41.8928385141514,0.05640185203244937,2.1715386774923258
per-step,8,"[1050,1170)",grid,4.0,0.5,2.0,0.27920117928040933,false,4167,3548,0.851451883849292,0.8048487924619329,1.5641011018372097,3.28928413601123,10.643121681418197,0.05558384938334601,2.0
per-step,8,"[1050,1170)",grid,4.0,1.0,4.0,0.15173662405690613,false,4167,1349,0.3237341012718982,0.7787134203711333,1.673979974730214,3.7530480874676893,9.542876178800142,0.0841035879158316,4.0
per-step,8,"[1050,1170)",grid,4.0,2.0,8.0,-0.16591178067549484,false,4167,417,0.10007199424046076,0.6382524509069921,1.999854670562514,5.012718807303823,11.526985482268527,0.09592638468954966,5.65685424949238
per-step,8,"[1050,1170)",grid,4.0,4.0,16.0,-1.0977836456284042,true,4167,188,0.0451163906887449,0.5309303203075468,2.032422163642731,7.905311025163122,19.07247742238944,0.10674618080842938,9.237604307034013
per-step,8,"[1050,1170)",grid,4.0,8.0,32.0,-3.4251636248273982,true,4167,95,0.022798176145908327,0.49263125170563266,1.6637363150619968,12.005933072433162,42.85581068497504,0.1255429799257248,17.17040548387262
per-step,8,"[1050,1170)",grid,4.0,16.0,64.0,-8.895445044088651,true,4167,51,0.012239020878329733,0.5091159798032312,1.505144016499061,18.232818502853664,92.84226576977156,0.15478402908655325,28.621670111997307
per-step,8,"[1050,1170)",grid,8.0,0.5,4.0,0.052941405490426585,false,4167,3478,0.8346532277417806,0.7978358275607775,1.5969425571858993,3.5136573373483624,8.620153194347116,0.11478673624257346,4.0
per-step,8,"[1050,1170)",grid,8.0,1.0,8.0,-0.7873377232621881,false,4167,1535,0.3683705303575714,0.7907846371838314,1.7725994601867412,4.102931215641618,8.178941749235747,0.17058340765192417,8.0
per-step,8,"[1050,1170)",grid,8.0,2.0,16.0,-2.5990266934142516,true,4167,582,0.1396688264938805,0.5009824999093636,2.33450049728455,5.833505552042134,14.266401033899571,0.19962163004129346,11.31370849898476
per-step,8,"[1050,1170)",grid,8.0,4.0,32.0,-7.8005925950354555,true,4167,274,0.06575473962083034,0.37876391652939345,2.8396014631074356,9.087084141742475,24.64694202109906,0.228772794598852,22.62741699796952
per-step,8,"[1050,1170)",grid,8.0,8.0,64.0,-23.81038464550937,true,4167,144,0.03455723542116631,0.3440846927538558,2.240160841138116,15.542702212010587,51.8788028998836,0.2881378524177528,37.726160641493394
per-step,8,"[1050,1170)",grid,8.0,16.0,128.0,-68.05882875711085,true,4167,90,0.02159827213822894,0.3775613409269813,2.0028765656499288,24.472921186111176,102.78691714572908,0.4024869389523054,73.90083445627211
per-step,8,"[1050,1170)",published,2.0,5.0,10.0,0.1702371204369525,false,4167,72,0.017278617710583154,0.684452573986297,1.548996030328502,6.45859304535343,18.200482515349037,0.04956963475670041,2.1715386774923258
per-step,8,"[1050,1170)",matched,3.0,2.0,6.0,0.0841418271493588,false,4167,350,0.08399328053755699,0.6868897545674175,1.7861650029456806,4.8376580595212815,10.840892340092207,0.07172132440386803,4.242640687119285
per-step,9,"[1200,1320)",grid,0.5,0.5,0.25,0.08898865311298076,false,4024,3634,0.9030815109343936,0.8820748565075769,1.5826316528225117,3.023595651824032,6.624063172256598,0.007578616366912708,0.25
per-step,9,"[1200,1320)",grid,0.5,1.0,0.5,0.1332254192019835,false,4024,1537,0.38195825049701787,0.8935984743245222,1.5179346187970404,2.777908725253603,10.200349533266447,0.012331554372734968,0.5
per-step,9,"[1200,1320)",grid,0.5,2.0,1.0,0.15430091872836682,false,4024,119,0.029572564612326043,0.910294447412433,1.4867787351816337,2.52659841975347,8.446633137316148,0.014463466597659484,0.5
per-step,9,"[1200,1320)",grid,0.5,4.0,2.0,0.15651649050172478,false,4024,9,0.0022365805168986083,0.9125482705271803,1.4923755001359367,2.4894791094622692,8.485294101455006,0.014761507352117767,0.5
per-step,9,"[1200,1320)",grid,0.5,8.0,4.0,0.15684831549570877,false,4024,1,0.00024850894632206757,0.9118301897204417,1.4919844131214948,2.4840661679099987,8.489254471292515,0.014797957762710505,0.5
per-step,9,"[1200,1320)",grid,0.5,16.0,8.0,0.15687326814309066,false,4024,0,0.0,0.9118301897204417,1.4919844131214948,2.4840661679099987,8.489254471292515,0.014798747271691602,0.5
per-step,9,"[1200,1320)",grid,1.0,0.5,0.5,0.14752307225435946,false,4024,3661,0.9097912524850894,0.8852966511795366,1.5342922025254566,2.826456939116938,10.699101808000629,0.01521225645715335,0.5
per-step,9,"[1200,1320)",grid,1.0,1.0,1.0,0.2090921460599786,false,4024,1502,0.37326043737574555,0.8868562097555148,1.5005386075666636,2.7387082737089763,8.181718752559394,0.025037862804462137,1.0
per-step,9,"[1200,1320)",grid,1.0,2.0,2.0,0.22470668264138172,false,4024,126,0.031312127236580514,0.896732151073043,1.4696433002871108,2.6821874902567266,9.331017038220947,0.02974006739435049,1.3959976277083865
per-step,9,"[1200,1320)",grid,1.0,4.0,4.0,0.2092160507240458,false,4024,20,0.004970178926441352,0.8875371050494189,1.4588642927433364,3.094460735591931,12.515782761000835,0.03141816616894586,2.028892436970313
per-step,9,"[1200,1320)",grid,1.0,8.0,8.0,0.16736469641488005,false,4024,11,0.0027335984095427437,0.881253833151453,1.448428201890219,3.173700502982338,17.89119009660044,0.03361956322682322,3.223416818604495
per-step,9,"[1200,1320)",grid,1.0,16.0,16.0,0.09382468701558899,false,4024,7,0.0017395626242544733,0.873073841734533,1.441654552634784,3.426434360694953,31.939672323344997,0.03632859123436884,5.333333333333333
per-step,9,"[1200,1320)",grid,2.0,0.5,1.0,0.22716287812018032,false,4024,3736,0.9284294234592445,0.8778481905795155,1.5247786667341545,2.863538753313696,9.933299732797611,0.030631668499307246,1.0
per-step,9,"[1200,1320)",grid,2.0,1.0,2.0,0.2804902719393324,false,4024,1495,0.37152087475149104,0.8774793959217677,1.4992869817226688,2.9987315063325686,13.229256388940978,0.05002262569188749,2.0
per-step,9,"[1200,1320)",grid,2.0,2.0,4.0,0.2512238740068363,false,4024,180,0.04473161033797217,0.8651923372568965,1.484550366948107,3.898742417086026,17.000049946832004,0.05860918016751576,2.82842712474619
per-step,9,"[1200,1320)",grid,2.0,4.0,8.0,0.13199649450537654,false,4024,64,0.015904572564612324,0.8328868639751337,1.444685989181819,5.080663109123744,17.66839904844407,0.06421546901048908,5.65685424949238
per-step,9,"[1200,1320)",grid,2.0,8.0,16.0,-0.18185043024360703,true,4024,43,0.010685884691848906,0.8168709553813029,1.4069625284277654,8.187124784298351,37.69123202684291,0.07461356533466891,9.237604307034013
per-step,9,"[1200,1320)",grid,2.0,16.0,32.0,-1.2963772813022336,true,4024,27,0.006709741550695825,0.8017483033094579,1.3930304124618913,11.056272505023168,69.78691349065585,0.09277871621477053,18.475208614068027
per-step,9,"[1200,1320)",grid,4.0,0.5,2.0,0.294463920891717,false,4024,3700,0.9194831013916501,0.8741665793374961,1.5084051385409112,2.964971774628314,14.957307376374906,0.06097074208960656,2.0
per-step,9,"[1200,1320)",grid,4.0,1.0,4.0,0.2716973907280418,false,4024,1415,0.35164015904572565,0.8490436472439193,1.549241765184527,3.914666166940363,19.193846568113155,0.09650018067814935,4.0
per-step,9,"[1200,1320)",grid,4.0,2.0,8.0,0.09297092960037856,false,4024,275,0.06833996023856859,0.7706561077642804,1.6526860244929178,5.966637330345613,18.246061574950755,0.11153726403993477,5.65685424949238
per-step,9,"[1200,1320)",grid,4.0,4.0,16.0,-0.5568450176022834,true,4024,143,0.03553677932405567,0.7145275294392,1.4933208328324106,8.784316458543051,34.21157935682446,0.13045318655784496,11.31370849898476
per-step,9,"[1200,1320)",grid,4.0,8.0,32.0,-2.415668861404111,true,4024,108,0.0268389662027833,0.6767051828749908,1.3841576097354773,14.958610521894071,76.24838208393787,0.16512641306887646,22.62741699796952
per-step,9,"[1200,1320)",grid,4.0,16.0,64.0,-8.309892404240458,true,4024,80,0.019880715705765408,0.6721549490147014,1.35218859472563,23.507841988754052,121.13567676171078,0.22994893140234257,36.950417228136054
per-step,9,"[1200,1320)",grid,8.0,0.5,4.0,0.2716031788687898,false,4024,3605,0.8958747514910537,0.8537258058008529,1.5466418205711747,3.8699853414634267,19.611930978874067,0.12029200916767982,4.0
per-step,9,"[1200,1320)",grid,8.0,1.0,8.0,-0.018186562239645987,true,4024,1411,0.35064612326043737,0.8127135810825232,1.6355611850840106,5.069104996792557,19.82865798421248,0.18456677648993297,8.0
per-step,9,"[1200,1320)",grid,8.0,2.0,16.0,-0.7880128392086911,true,4024,432,0.1073558648111332,0.6242757834928141,2.0924554783733833,7.3390407413244265,26.899617244215516,0.21378649389558194,11.31370849898476
per-step,9,"[1200,1320)",grid,8.0,4.0,32.0,-3.6228722530545134,true,4024,224,0.055666003976143144,0.5343235718541219,2.190033619830413,12.211461855869565,66.60268261756293,0.25859524174555987,22.62741699796952
per-step,9,"[1200,1320)",grid,8.0,8.0,64.0,-13.30344506261377,true,4024,156,0.03876739562624255,0.5016141964024877,1.7866431270428056,21.149771008399497,151.74776987485393,0.35669282313574646,45.25483399593904
per-step,9,"[1200,1320)",grid,8.0,16.0,128.0,-52.55450889865081,true,4024,129,0.03205765407554672,0.5045229063624384,1.6534071472048821,41.61079964992406,322.107967400089,0.5576496325696632,90.50966799187808
per-step,9,"[1200,1320)",published,2.0,5.0,10.0,0.0586218866303273,false,4024,54,0.01341948310139165,0.8237181866184564,1.4277478713688307,5.9379789474092,20.87588868494771,0.06695330306677574,6.070801168838806
per-step,9,"[1200,1320)",matched,3.0,2.0,6.0,0.20112370615185338,false,4024,239,0.05939363817097416,0.820910744405068,1.5500016422170597,5.041406138067245,16.97055867631492,0.08564120848792975,4.242640687119285
per-step,10,"[1350,1470)",grid,0.5,0.5,0.25,0.10755024403902547,false,3871,3304,0.8535262206148282,0.8236055673192154,1.5970895675401646,3.3349856802738818,15.015192792119961,0.007580149583534937,0.25
per-step,10,"[1350,1470)",grid,0.5,1.0,0.5,0.15393107291837937,false,3871,1319,0.3407388271764402,0.8209067348924759,1.5795204384504502,3.280804568156203,15.846089857469616,0.011507677619253441,0.5
per-step,10,"[1350,1470)",grid,0.5,2.0,1.0,0.17639387947375562,false,3871,158,0.04081632653061224,0.8345765262083327,1.5413902903652235,3.0868233416613475,13.458329445228873,0.013307484691074224,0.5
per-step,10,"[1350,1470)",grid,0.5,4.0,2.0,0.17826480378213616,false,3871,20,0.005166623611469905,0.8342663320808823,1.5306342843514906,3.272483902061654,17.121530795025745,0.01372754565473713,0.5
per-step,10,"[1350,1470)",grid,0.5,8.0,4.0,0.1774691205043285,false,3871,7,0.0018083182640144665,0.8339428173060549,1.5335136890330898,3.2807134056884335,22.05435702637615,0.013899896453738441,0.5
per-step,10,"[1350,1470)",grid,0.5,16.0,8.0,0.16922883023061208,false,3871,6,0.0015499870834409714,0.8324287547243245,1.5311981977738873,3.1824576507948685,56.226406212142095,0.014178734983670406,0.5
per-step,10,"[1350,1470)",grid,1.0,0.5,0.5,0.17183281492164348,false,3871,3286,0.8488762593645053,0.8161070707416174,1.5984968127690222,3.3431021930276676,16.207591143812103,0.015020257526451282,0.5
per-step,10,"[1350,1470)",grid,1.0,1.0,1.0,0.21996635389318808,false,3871,1284,0.33169723585636784,0.8162799630723486,1.5382620224642103,3.466830021648787,17.866702405604464,0.022956587293122548,1.0
per-step,10,"[1350,1470)",grid,1.0,2.0,2.0,0.23440965994236607,false,3871,172,0.04443296305864118,0.8148962435221139,1.5258467064238432,3.693849231810065,20.795845013065883,0.026255941417162674,1.0
per-step,10,"[1350,1470)",grid,1.0,4.0,4.0,0.2271251606226864,false,3871,36,0.009299922500645827,0.8076434990157632,1.5087689575021692,3.787023141288231,26.779991180678874,0.02733393485362115,1.0
per-step,10,"[1350,1470)",grid,1.0,8.0,8.0,0.19373536023657223,false,3871,19,0.0049082924308964096,0.7977000879772793,1.4971786346445568,4.838294689915174,67.60523915770978,0.028241217357378348,1.0
per-step,10,"[1350,1470)",grid,1.0,16.0,16.0,0.13589305442133193,false,3871,15,0.0038749677086024285,0.7948556550080977,1.4964726764638938,5.07820695246567,103.40338419204025,0.029450209509941105,1.061523201017752
per-step,10,"[1350,1470)",grid,2.0,0.5,1.0,0.23526554639698982,false,3871,3299,0.8522345647119607,0.8128679246745598,1.562566660083206,3.439050380979079,17.96410799739253,0.029945990480041932,1.0
per-step,10,"[1350,1470)",grid,2.0,1.0,2.0,0.25298366618629364,false,3871,1286,0.33221389821751485,0.8138931525983086,1.5565363096061529,3.6113597974331113,19.34592646636332,0.04629110581144932,2.0
per-step,10,"[1350,1470)",grid,2.0,2.0,4.0,0.21287618755908333,false,3871,240,0.061999483337638855,0.7784411783579983,1.6231016755034748,4.154999980393436,17.990121947218174,0.05353753412474885,2.82842712474619
per-step,10,"[1350,1470)",grid,2.0,4.0,8.0,0.06677326242012327,false,3871,81,0.020924825626453113,0.729434969743856,1.619019156637891,5.754473529249724,37.73843541639022,0.05847436358823634,4.618802153517007
per-step,10,"[1350,1470)",grid,2.0,8.0,16.0,-0.32891135665165594,false,3871,47,0.012141565486954276,0.708755733523599,1.5627547455794075,8.740733825740271,120.39050347289357,0.06509233344522473,6.746717948142062
per-step,10,"[1350,1470)",grid,2.0,16.0,32.0,-1.1148740446545817,true,3871,31,0.008008266597778351,0.6965822218360723,1.540978774745462,14.056745199466743,150.86356993893878,0.07513196860383935,8.55235974119758
per-step,10,"[1350,1470)",grid,4.0,0.5,2.0,0.25591358659460883,false,3871,3272,0.8452596228364764,0.8111105624730709,1.570079629782692,3.490808138928779,17.419411326446916,0.06003257820255513,2.0
per-step,10,"[1350,1470)",grid,4.0,1.0,4.0,0.12785411751319942,false,3871,1349,0.34848876259364503,0.794800738136251,1.6724471873393658,4.091407340498512,18.00265974858877,0.09134773169968184,4.0
per-step,10,"[1350,1470)",grid,4.0,2.0,8.0,-0.23884165668972512,false,3871,342,0.08834926375613536,0.6865938706804439,1.8866669871556416,5.237806974945079,20.67441664539424,0.10922698244361634,5.65685424949238
per-step,10,"[1350,1470)",grid,4.0,4.0,16.0,-1.2454375788549088,true,3871,156,0.04029966416946525,0.5930141033999071,1.8624926179458063,8.156531112494694,58.72132023448758,0.12407723889251963,11.31370849898476
per-step,10,"[1350,1470)",grid,4.0,8.0,32.0,-4.134368566800206,true,3871,93,0.024024799793335057,0.5515274274916616,1.636427090841069,12.129841547912994,88.36415103047182,0.15175853980816728,18.475208614068027
per-step,10,"[1350,1470)",grid,4.0,16.0,64.0,-16.598258821311845,true,3871,59,0.015241539653836218,0.5375535027501698,1.6010788578428123,20.827539036496923,193.49928372592294,0.21512497061003658,36.950417228136054
per-step,10,"[1350,1470)",grid,8.0,0.5,4.0,0.08761784472381706,false,3871,3209,0.8289847584603461,0.7949075196418236,1.618857761443446,3.82226029767792,15.16128583867423,0.12130186439990405,4.0
per-step,10,"[1350,1470)",grid,8.0,1.0,8.0,-0.6005002859107331,false,3871,1498,0.38698010849909587,0.8234756682508785,1.7347971235474409,4.277689344352141,25.185149022725387,0.1827004631979324,8.0
per-step,10,"[1350,1470)",grid,8.0,2.0,16.0,-2.251200181245058,true,3871,514,0.13278222681477655,0.5542912691749908,2.2636657151021797,6.5069883450103845,25.191345302270403,0.21905781657813744,11.31370849898476
per-step,10,"[1350,1470)",grid,8.0,4.0,32.0,-7.3130019147809,true,3871,208,0.05373288555928701,0.43069421734481655,2.66336286737027,9.916416838114342,42.34970268040324,0.2574528145749002,22.62741699796952
per-step,10,"[1350,1470)",grid,8.0,8.0,64.0,-27.124419357154775,true,3871,132,0.03409971583570137,0.4184633489962759,2.060191904559054,16.767386215945603,90.50279986191705,0.33899793903991116,45.25483399593904
per-step,10,"[1350,1470)",grid,8.0,16.0,128.0,-89.91790374833401,true,3871,88,0.02273314389046758,0.41947938913592986,1.9068799189250054,30.96697573761293,140.4313721105113,0.5026331467339733,73.90083445627211
per-step,10,"[1350,1470)",published,2.0,5.0,10.0,-0.03006631613484201,false,3871,65,0.01679152673727719,0.7189817836375187,1.609142364811122,6.786106901764667,71.82991350320808,0.060092056487842285,5.607065518356156
per-step,10,"[1350,1470)",matched,3.0,2.0,6.0,0.03584304566832919,false,3871,300,0.07749935417204856,0.7216613704458544,1.7844330067354643,4.768844750995714,24.299225167431807,0.08200459752574157,4.242640687119285
